  0
SECTION
  2
HEADER
  9
$ACADVER
  1
AC1032
  9
$ACADMAINTVER
 90
      378
  9
$DWGCODEPAGE
  3
ANSI_1252
  9
$REQUIREDVERSIONS
160
                 0
  9
$INSBASE
 10
0.0
 20
0.0
 30
0.0
  9
$EXTMIN
 10
-1500.0
 20
-2102.584615384615
 30
0.0
  9
$EXTMAX
 10
4975.0
 20
23.92307692307692
 30
0.0
  9
$LIMMIN
 10
0.0
 20
0.0
  9
$LIMMAX
 10
12.0
 20
9.0
  9
$ORTHOMODE
 70
     1
  9
$REGENMODE
 70
     1
  9
$FILLMODE
 70
     1
  9
$QTEXTMODE
 70
     0
  9
$MIRRTEXT
 70
     0
  9
$LTSCALE
 40
0.5
  9
$ATTMODE
 70
     2
  9
$TEXTSIZE
 40
0.0439
  9
$TRACEWID
 40
0.05
  9
$TEXTSTYLE
  7
Z-Border Text 2
  9
$CLAYER
  8
0
  9
$CELTYPE
  6
ByLayer
  9
$CECOLOR
 62
   256
  9
$CELTSCALE
 40
1.0
  9
$DISPSILH
 70
     0
  9
$DIMSCALE
 40
1.0
  9
$DIMASZ
 40
0.1
  9
$DIMEXO
 40
0.045
  9
$DIMDLI
 40
0.09995
  9
$DIMRND
 40
0.0
  9
$DIMDLE
 40
0.0
  9
$DIMEXE
 40
0.06
  9
$DIMTP
 40
0.0
  9
$DIMTM
 40
0.0
  9
$DIMTXT
 40
0.09375
  9
$DIMCEN
 40
0.0
  9
$DIMTSZ
 40
0.0
  9
$DIMTOL
 70
     0
  9
$DIMLIM
 70
     0
  9
$DIMTIH
 70
     1
  9
$DIMTOH
 70
     1
  9
$DIMSE1
 70
     0
  9
$DIMSE2
 70
     0
  9
$DIMTAD
 70
     1
  9
$DIMZIN
 70
     0
  9
$DIMBLK
  1

  9
$DIMASO
 70
     1
  9
$DIMSHO
 70
     1
  9
$DIMPOST
  1

  9
$DIMAPOST
  1

  9
$DIMALT
 70
     0
  9
$DIMALTD
 70
     4
  9
$DIMALTF
 40
1.0
  9
$DIMLFAC
 40
1.0
  9
$DIMTOFL
 70
     1
  9
$DIMTVP
 40
0.0
  9
$DIMTIX
 70
     0
  9
$DIMSOXD
 70
     0
  9
$DIMSAH
 70
     0
  9
$DIMBLK1
  1

  9
$DIMBLK2
  1

  9
$DIMSTYLE
  2
1-Mech. Dimensions - 0.09
  9
$DIMCLRD
 70
   256
  9
$DIMCLRE
 70
   256
  9
$DIMCLRT
 70
   140
  9
$DIMTFAC
 40
1.0
  9
$DIMGAP
 40
0.02
  9
$DIMJUST
 70
     0
  9
$DIMSD1
 70
     0
  9
$DIMSD2
 70
     0
  9
$DIMTOLJ
 70
     1
  9
$DIMTZIN
 70
     0
  9
$DIMALTZ
 70
     0
  9
$DIMALTTZ
 70
     0
  9
$DIMUPT
 70
     0
  9
$DIMDEC
 70
     3
  9
$DIMTDEC
 70
     3
  9
$DIMALTU
 70
     6
  9
$DIMALTTD
 70
     4
  9
$DIMTXSTY
  7
1_Dims-Notes_0.09
  9
$DIMAUNIT
 70
     0
  9
$DIMADEC
 70
     1
  9
$DIMALTRND
 40
0.0
  9
$DIMAZIN
 70
     0
  9
$DIMDSEP
 70
    46
  9
$DIMATFIT
 70
     3
  9
$DIMFRAC
 70
     0
  9
$DIMLDRBLK
  1

  9
$DIMLUNIT
 70
     2
  9
$DIMLWD
 70
    15
  9
$DIMLWE
 70
    15
  9
$DIMTMOVE
 70
     0
  9
$DIMFXL
 40
1.0
  9
$DIMFXLON
 70
     0
  9
$DIMJOGANG
 40
0.7853981633974483
  9
$DIMTFILL
 70
     0
  9
$DIMTFILLCLR
 70
     0
  9
$DIMARCSYM
 70
     0
  9
$DIMLTYPE
  6
Continuous
  9
$DIMLTEX1
  6
Continuous
  9
$DIMLTEX2
  6
Continuous
  9
$DIMTXTDIRECTION
 70
     0
  9
$LUNITS
 70
     2
  9
$LUPREC
 70
     4
  9
$SKETCHINC
 40
0.1
  9
$FILLETRAD
 40
0.0
  9
$AUNITS
 70
     0
  9
$AUPREC
 70
     0
  9
$MENU
  1
.
  9
$ELEVATION
 40
0.0
  9
$PELEVATION
 40
0.0
  9
$THICKNESS
 40
0.0
  9
$LIMCHECK
 70
     0
  9
$CHAMFERA
 40
0.0
  9
$CHAMFERB
 40
0.0
  9
$CHAMFERC
 40
0.0
  9
$CHAMFERD
 40
0.0
  9
$SKPOLY
 70
     0
  9
$TDCREATE
 40
2461167.366203704
  9
$TDUCREATE
 40
2461167.532870371
  9
$TDUPDATE
 40
2461167.397245370
  9
$TDUUPDATE
 40
2461167.563912037
  9
$TDINDWG
 40
0.0338773148
  9
$TDUSRTIMER
 40
0.0338773148
  9
$USRTIMER
 70
     1
  9
$ANGBASE
 50
0.0
  9
$ANGDIR
 70
     0
  9
$PDMODE
 70
     0
  9
$PDSIZE
 40
0.0
  9
$PLINEWID
 40
0.0
  9
$SPLFRAME
 70
     0
  9
$SPLINETYPE
 70
     6
  9
$SPLINESEGS
 70
     8
  9
$HANDSEED
  5
F1
  9
$SURFTAB1
 70
     6
  9
$SURFTAB2
 70
     6
  9
$SURFTYPE
 70
     6
  9
$SURFU
 70
     6
  9
$SURFV
 70
     6
  9
$UCSBASE
  2

  9
$UCSNAME
  2

  9
$UCSORG
 10
0.0
 20
0.0
 30
0.0
  9
$UCSXDIR
 10
1.0
 20
0.0
 30
0.0
  9
$UCSYDIR
 10
0.0
 20
1.0
 30
0.0
  9
$UCSORTHOREF
  2

  9
$UCSORTHOVIEW
 70
     0
  9
$UCSORGTOP
 10
0.0
 20
0.0
 30
0.0
  9
$UCSORGBOTTOM
 10
0.0
 20
0.0
 30
0.0
  9
$UCSORGLEFT
 10
0.0
 20
0.0
 30
0.0
  9
$UCSORGRIGHT
 10
0.0
 20
0.0
 30
0.0
  9
$UCSORGFRONT
 10
0.0
 20
0.0
 30
0.0
  9
$UCSORGBACK
 10
0.0
 20
0.0
 30
0.0
  9
$PUCSBASE
  2

  9
$PUCSNAME
  2

  9
$PUCSORG
 10
0.0
 20
0.0
 30
0.0
  9
$PUCSXDIR
 10
1.0
 20
0.0
 30
0.0
  9
$PUCSYDIR
 10
0.0
 20
1.0
 30
0.0
  9
$PUCSORTHOREF
  2

  9
$PUCSORTHOVIEW
 70
     0
  9
$PUCSORGTOP
 10
0.0
 20
0.0
 30
0.0
  9
$PUCSORGBOTTOM
 10
0.0
 20
0.0
 30
0.0
  9
$PUCSORGLEFT
 10
0.0
 20
0.0
 30
0.0
  9
$PUCSORGRIGHT
 10
0.0
 20
0.0
 30
0.0
  9
$PUCSORGFRONT
 10
0.0
 20
0.0
 30
0.0
  9
$PUCSORGBACK
 10
0.0
 20
0.0
 30
0.0
  9
$USERI1
 70
     0
  9
$USERI2
 70
     0
  9
$USERI3
 70
     0
  9
$USERI4
 70
     0
  9
$USERI5
 70
     0
  9
$USERR1
 40
0.0
  9
$USERR2
 40
0.0
  9
$USERR3
 40
0.0
  9
$USERR4
 40
0.0
  9
$USERR5
 40
0.0
  9
$WORLDVIEW
 70
     1
  9
$SHADEDGE
 70
     3
  9
$SHADEDIF
 70
    70
  9
$TILEMODE
 70
     1
  9
$MAXACTVP
 70
    64
  9
$PINSBASE
 10
0.0
 20
0.0
 30
0.0
  9
$PLIMCHECK
 70
     0
  9
$PEXTMIN
 10
0.44625849122599
 20
0.3748809333398597
 30
-0.0000000116415251
  9
$PEXTMAX
 10
16.55375472631146
 20
11.4706003423409
 30
0.0
  9
$PLIMMIN
 10
0.0000002402958899
 20
0.0000001201479449
  9
$PLIMMAX
 10
16.99999975970411
 20
10.99999987985205
  9
$UNITMODE
 70
     0
  9
$VISRETAIN
 70
     1
  9
$PLINEGEN
 70
     0
  9
$PSLTSCALE
 70
     1
  9
$TREEDEPTH
 70
  3020
  9
$CMLSTYLE
  2
Standard
  9
$CMLJUST
 70
     0
  9
$CMLSCALE
 40
1.0
  9
$PROXYGRAPHICS
 70
     1
  9
$MEASUREMENT
 70
     0
  9
$CELWEIGHT
370
    -1
  9
$ENDCAPS
280
     0
  9
$JOINSTYLE
280
     0
  9
$LWDISPLAY
290
     0
  9
$INSUNITS
 70
     1
  9
$HYPERLINKBASE
  1

  9
$STYLESHEET
  1

  9
$XEDIT
290
     1
  9
$CEPSNTYPE
380
     0
  9
$PSTYLEMODE
290
     1
  9
$FINGERPRINTGUID
  2
{74E84EBB-B97F-9A4C-82FD-7549B0EE3B47}
  9
$VERSIONGUID
  2
{94B59E51-EDEA-C24D-9291-036A47C673F1}
  9
$EXTNAMES
290
     1
  9
$PSVPSCALE
 40
0.0
  9
$OLESTARTUP
290
     0
  9
$SORTENTS
280
   127
  9
$INDEXCTL
280
     0
  9
$HIDETEXT
280
     1
  9
$XCLIPFRAME
280
     0
  9
$HALOGAP
280
     0
  9
$OBSCOLOR
 70
   257
  9
$OBSLTYPE
280
     0
  9
$INTERSECTIONDISPLAY
280
     0
  9
$INTERSECTIONCOLOR
 70
   257
  9
$DIMASSOC
280
     2
  9
$PROJECTNAME
  1

  9
$CAMERADISPLAY
290
     0
  9
$LENSLENGTH
 40
50.0
  9
$CAMERAHEIGHT
 40
0.0
  9
$STEPSPERSEC
 40
2.0
  9
$STEPSIZE
 40
6.0
  9
$3DDWFPREC
 40
2.0
  9
$PSOLWIDTH
 40
0.25
  9
$PSOLHEIGHT
 40
4.0
  9
$LOFTANG1
 40
1.570796326794896
  9
$LOFTANG2
 40
1.570796326794896
  9
$LOFTMAG1
 40
0.0
  9
$LOFTMAG2
 40
0.0
  9
$LOFTPARAM
 70
     7
  9
$LOFTNORMALS
280
     1
  9
$LATITUDE
 40
37.795
  9
$LONGITUDE
 40
-122.394
  9
$NORTHDIRECTION
 40
0.0
  9
$TIMEZONE
 70
 -8000
  9
$LIGHTGLYPHDISPLAY
280
     1
  9
$TILEMODELIGHTSYNCH
280
     1
  9
$CMATERIAL
347
45
  9
$SOLIDHIST
280
     1
  9
$SHOWHIST
280
     1
  9
$DWFFRAME
280
     0
  9
$DGNFRAME
280
     0
  9
$REALWORLDSCALE
290
     1
  9
$INTERFERECOLOR
 62
     1
  9
$INTERFEREOBJVS
345
59
  9
$INTERFEREVPVS
346
5A
  9
$CSHADOW
280
     0
  9
$SHADOWPLANELOCATION
 40
0.0
  0
ENDSEC
  0
SECTION
  2
CLASSES
  0
CLASS
  1
ACDBDICTIONARYWDFLT
  2
AcDbDictionaryWithDefault
  3
ObjectDBX Classes
 90
        0
 91
        1
280
     0
281
     0
  0
CLASS
  1
DICTIONARYVAR
  2
AcDbDictionaryVar
  3
ObjectDBX Classes
 90
        0
 91
        9
280
     0
281
     0
  0
CLASS
  1
TABLESTYLE
  2
AcDbTableStyle
  3
ObjectDBX Classes
 90
     4095
 91
        1
280
     0
281
     0
  0
CLASS
  1
MATERIAL
  2
AcDbMaterial
  3
ObjectDBX Classes
 90
     1153
 91
        3
280
     0
281
     0
  0
CLASS
  1
VISUALSTYLE
  2
AcDbVisualStyle
  3
ObjectDBX Classes
 90
     4095
 91
        3
280
     0
281
     0
  0
CLASS
  1
SCALE
  2
AcDbScale
  3
ObjectDBX Classes
 90
     1153
 91
       28
280
     0
281
     0
  0
CLASS
  1
MLEADERSTYLE
  2
AcDbMLeaderStyle
  3
ACDB_MLEADERSTYLE_CLASS
 90
     4095
 91
        0
280
     0
281
     0
  0
CLASS
  1
CELLSTYLEMAP
  2
AcDbCellStyleMap
  3
ObjectDBX Classes
 90
     1152
 91
        1
280
     0
281
     0
  0
CLASS
  1
EXACXREFPANELOBJECT
  2
ExAcXREFPanelObject
  3
EXAC_ESW
 90
     1025
 91
        0
280
     1
281
     0
  0
CLASS
  1
NPOCOLLECTION
  2
AcDbImpNonPersistentObjectsCollection
  3
ObjectDBX Classes
 90
     1153
 91
        0
280
     0
281
     0
  0
CLASS
  1
LAYER_INDEX
  2
AcDbLayerIndex
  3
ObjectDBX Classes
 90
        0
 91
        0
280
     0
281
     0
  0
CLASS
  1
SPATIAL_INDEX
  2
AcDbSpatialIndex
  3
ObjectDBX Classes
 90
        0
 91
        0
280
     0
281
     0
  0
CLASS
  1
IDBUFFER
  2
AcDbIdBuffer
  3
ObjectDBX Classes
 90
        0
 91
        0
280
     0
281
     0
  0
CLASS
  1
AEC_REFEDIT_STATUS_TRACKER
  2
AecDbRefEditStatusTracker
  3
AecArchBase80|Product Desc: Autodesk Architectural Desktop 2007 |Company: Autodesk,Inc. |WEB Address: www.autodesk.com
 90
      129
 91
        0
280
     0
281
     0
  0
CLASS
  1
SORTENTSTABLE
  2
AcDbSortentsTable
  3
ObjectDBX Classes
 90
        0
 91
        3
280
     0
281
     0
  0
CLASS
  1
DIMASSOC
  2
AcDbDimAssoc
  3
"AcDbDimAssoc|Product Desc:     AcDim ARX App For Dimension|Company:          Autodesk, Inc.|WEB Address:      www.autodesk.com"
 90
        0
 91
        0
280
     0
281
     0
  0
CLASS
  1
MULTILEADER
  2
AcDbMLeader
  3
ACDB_MLEADER_CLASS
 90
     1025
 91
        0
280
     0
281
     1
  0
CLASS
  1
ACME_DOCUMENT
  2
AcMeDbDoc
  3
AcMeServices
 90
     1024
 91
        0
280
     1
281
     0
  0
CLASS
  1
AMGSETTINGSOBJ
  2
AmgSettingsObj
  3
"AcadM|Product Description: AutoCAD Mechanical|Company: Autodesk, Inc."
 90
     1024
 91
        0
280
     1
281
     0
  0
CLASS
  1
ACMESCOPE
  2
AcMeScope
  3
AcMeServices
 90
     1024
 91
        0
280
     1
281
     0
  0
CLASS
  1
ACMECOMMANDHISTORY
  2
AcMeCommandHistory
  3
AcMeServices
 90
     1024
 91
        0
280
     1
281
     0
  0
CLASS
  1
ACIMSYSVARMAN
  2
AcImSysVarManager
  3
AcMeServices
 90
     1024
 91
        0
280
     1
281
     0
  0
CLASS
  1
ACIMINTSYSVAR
  2
AcImIntSysVar
  3
AcMeServices
 90
     1024
 91
        0
280
     1
281
     0
  0
CLASS
  1
ACMEDRAWINGMAN
  2
AcMeDrawingMan
  3
AcMeServices
 90
     1024
 91
        0
280
     1
281
     0
  0
CLASS
  1
ACMEVIEW
  2
AcMeView
  3
AcMeServices
 90
     1024
 91
        0
280
     1
281
     0
  0
CLASS
  1
ACDBENTITYCACHE
  2
AcMeEntityCache
  3
AcMeServices
 90
     1024
 91
        0
280
     1
281
     0
  0
CLASS
  1
GSMANAGER
  2
AcMeGSManager
  3
AcMeServices
 90
     1024
 91
        0
280
     1
281
     0
  0
CLASS
  1
AMDTINTERNALREACTOR
  2
AmdtInternalReactor
  3
AcMeServices
 90
     1024
 91
        0
280
     1
281
     0
  0
CLASS
  1
ACMESTATEMGR
  2
AcMeStateMgr
  3
AcMeServices
 90
     1024
 91
        0
280
     1
281
     0
  0
CLASS
  1
ACGREFMASTER
  2
AcGrefMaster
  3
AcAttribServices
 90
     1024
 91
        0
280
     1
281
     0
  0
CLASS
  1
AM_DRAWING_MGR
  2
AcDmDwgMgr
  3
AcMechDwgViewMgmt
 90
     1024
 91
        0
280
     1
281
     0
  0
CLASS
  1
AM_DWG_DOCUMENT
  2
AcDmDwgDocument
  3
AcMechDwgViewMgmt
 90
     1024
 91
        0
280
     1
281
     0
  0
CLASS
  1
AM_DWG_SHEET
  2
AcDmSheet
  3
AcMechDwgViewMgmt
 90
     1024
 91
        0
280
     1
281
     0
  0
CLASS
  1
AM_VIEWDIMPARMAP
  2
AcDmViewDimParMap
  3
AcMechDwgViewMgmt
 90
     1024
 91
        0
280
     1
281
     0
  0
CLASS
  1
ACIMREALSYSVAR
  2
AcImRealSysVar
  3
AcMeServices
 90
     1024
 91
        0
280
     1
281
     0
  0
CLASS
  1
AM_DWGMGR_NAME
  2
AcDmDwgMgrName
  3
AcMechDwgViewMgmt
 90
     1024
 91
        0
280
     1
281
     0
  0
CLASS
  1
ACME_DATABASE
  2
AcMeDbDatabase
  3
AcMeServices
 90
     1024
 91
        0
280
     1
281
     0
  0
CLASS
  1
ACRFINSADJUSTERMGR
  2
AcRfInsAdjusterMgr
  3
AcMeServices
 90
     1024
 91
        0
280
     1
281
     0
  0
CLASS
  1
ACGREFACADMASTER
  2
AcGrefacadMaster
  3
AcGrefServices
 90
     1024
 91
        0
280
     1
281
     0
  0
CLASS
  1
AMDTMENUSTATEMGR
  2
AmdtMenuStateMgr
  3
McadcomServices
 90
     1024
 91
        0
280
     1
281
     0
  0
CLASS
  1
AMDTMCOMMENUSTATE
  2
AmdtMcomMenuState
  3
McadcomServices
 90
     1024
 91
        0
280
     1
281
     0
  0
CLASS
  1
AMIMASTER
  2
AmiMaster
  3
AmiServices
 90
     1024
 91
        0
280
     1
281
     0
  0
CLASS
  1
MAPIAMMOUDLE
  2
MApiAmModule
  3
MApiAmServices
 90
     1024
 91
        0
280
     1
281
     0
  0
CLASS
  1
ACIMSTRSYSVAR
  2
AcImStrSysVar
  3
AcMeServices
 90
     1024
 91
        0
280
     1
281
     0
  0
CLASS
  1
AMDTADMENUSTATE
  2
AmdtAdMenuState
  3
DesignerServices
 90
     1024
 91
        0
280
     1
281
     0
  0
CLASS
  1
ADAPPL
  2
AcAdAppl
  3
DesignerServices
 90
     1024
 91
        0
280
     1
281
     0
  0
CLASS
  1
DEPMGR
  2
AcAdDepMgr
  3
DesignerServices
 90
     1024
 91
        0
280
     1
281
     0
  0
CLASS
  1
PARAMMGR
  2
AcAdParamMgr
  3
DesignerServices
 90
     1024
 91
        0
280
     1
281
     0
  0
CLASS
  1
PARAMSCOPE
  2
AcAdParamScope
  3
DesignerServices
 90
     1024
 91
        0
280
     1
281
     0
  0
CLASS
  1
NAMEDAPPL
  2
AcAdNamedAppl
  3
DesignerServices
 90
     1024
 91
        0
280
     1
281
     0
  0
CLASS
  1
AMDTDMMENUSTATE
  2
AmdtDmMenuState
  3
AcMechDwgViewMgmt
 90
     1024
 91
        0
280
     1
281
     0
  0
CLASS
  1
AMDTAMMENUSTATE
  2
AmdtAmMenuState
  3
DesignerAssemblies
 90
     1024
 91
        0
280
     1
281
     0
  0
CLASS
  1
ACAMPROJECT
  2
AcAmProject
  3
DesignerAssemblies
 90
     1024
 91
        0
280
     1
281
     0
  0
CLASS
  1
ACAMGRCOMPDEF
  2
AcAmGrCompDef
  3
DesignerAssemblies
 90
     1024
 91
        0
280
     1
281
     0
  0
CLASS
  1
ACCMCONTEXT
  2
AcCmContext
  3
DesignerAssemblies
 90
     1024
 91
        0
280
     1
281
     0
  0
CLASS
  1
ACAMCOMPDEF
  2
AcAmCompDef
  3
DesignerAssemblies
 90
     1024
 91
        0
280
     1
281
     0
  0
CLASS
  1
ACAMCOMPDEFMGR
  2
AcAmCompDefMgr
  3
DesignerAssemblies
 90
     1024
 91
        0
280
     1
281
     0
  0
CLASS
  1
AMCONTEXTMGR
  2
AcAmContextMgr
  3
DesignerAssemblies
 90
     1024
 91
        0
280
     1
281
     0
  0
CLASS
  1
ACAMCONTEXTMODELER
  2
AcAmContextModeler
  3
DesignerAssemblies
 90
     1024
 91
        0
280
     1
281
     0
  0
CLASS
  1
ACMDATADICTIONARY
  2
AcmDataDictionary
  3
"AcmSymBB|Product Description: AutoCAD Mechanical|Company: Autodesk, Inc."
 90
     1024
 91
        0
280
     1
281
     0
  0
CLASS
  1
CATALOGSTATE
  2
AcAmCatalogState
  3
DesignerAssemblies
 90
     1024
 91
        0
280
     1
281
     0
  0
CLASS
  1
ACAMGRCOMPDEFSET
  2
AcAmGrCompDefSet
  3
DesignerAssemblies
 90
     1024
 91
        0
280
     1
281
     0
  0
CLASS
  1
AMDTBROWSERDBTAB
  2
AmdtBrowserDbTab
  3
McadcomServices
 90
     1024
 91
        0
280
     1
281
     0
  0
CLASS
  1
CBROWSERAPPOBJECT
  2
CBrowserAppObject
  3
McadcomServices
 90
     1024
 91
        0
280
     1
281
     0
  0
CLASS
  1
DM_PLACEHOLDER
  2
AcDmSelsetPlaceholder
  3
AcMechDwgViewMgmt
 90
     1024
 91
        0
280
     1
281
     0
  0
CLASS
  1
ACMSTANDARDANSI
  2
AcmStandardANSI
  3
"Amdt_StdImp|Product Description: AutoCAD Mechanical|Company: Autodesk, Inc."
 90
     1024
 91
        0
280
     1
281
     0
  0
CLASS
  1
AMGOBJPROPCFG
  2
AmgObjPropCfg
  3
"AmgLay|Product Description: AutoCAD Mechanical|Company: Autodesk, Inc."
 90
     1025
 91
        0
280
     1
281
     0
  0
CLASS
  1
ACMSURFSTANDARDANSI
  2
AcmSurfTextStdANSI
  3
"Amdt_StdImp|Product Description: AutoCAD Mechanical|Company: Autodesk, Inc."
 90
     1024
 91
        0
280
     1
281
     0
  0
CLASS
  1
ACMFCFSTANDARDANSI
  2
AcmFCFStdANSI
  3
"Amdt_StdImp|Product Description: AutoCAD Mechanical|Company: Autodesk, Inc."
 90
     1024
 91
        0
280
     1
281
     0
  0
CLASS
  1
ACMWELDSTANDARDANSI
  2
AcmWeldingStdANSI
  3
"Amdt_StdImp|Product Description: AutoCAD Mechanical|Company: Autodesk, Inc."
 90
     1024
 91
        0
280
     1
281
     0
  0
CLASS
  1
ACMIDSTANDARDANSI
  2
AcmIdStdANSI
  3
"Amdt_StdImp|Product Description: AutoCAD Mechanical|Company: Autodesk, Inc."
 90
     1024
 91
        0
280
     1
281
     0
  0
CLASS
  1
ACMDATUMSTANDARDANSI
  2
AcmDatumStdANSI
  3
"Amdt_StdImp|Product Description: AutoCAD Mechanical|Company: Autodesk, Inc."
 90
     1024
 91
        0
280
     1
281
     0
  0
CLASS
  1
ACMBOMSTANDARDANSI
  2
AcmBOMStdANSI
  3
"Amdt_StdImp|Product Description: AutoCAD Mechanical|Company: Autodesk, Inc."
 90
     1024
 91
        0
280
     1
281
     0
  0
CLASS
  1
ACMDETAILSTANDARDANSI
  2
AmdtDetailSymStdANSI
  3
"Amdt_StdImp|Product Description: AutoCAD Mechanical|Company: Autodesk, Inc."
 90
     1024
 91
        0
280
     1
281
     0
  0
CLASS
  1
ACMSECTIONSTANDARDANSI
  2
AmdtSectionSymStdANSI
  3
"Amdt_StdImp|Product Description: AutoCAD Mechanical|Company: Autodesk, Inc."
 90
     1024
 91
        0
280
     1
281
     0
  0
CLASS
  1
ACMCENTERLINESTANDARDANSI
  2
AmdtCenterLineStdANSI
  3
"Amdt_StdImp|Product Description: AutoCAD Mechanical|Company: Autodesk, Inc."
 90
     1024
 91
        0
280
     1
281
     0
  0
CLASS
  1
ACMTHREADLINESTANDARDANSI
  2
AmdtThreadLineStdANSI
  3
"Amdt_StdImp|Product Description: AutoCAD Mechanical|Company: Autodesk, Inc."
 90
     1024
 91
        0
280
     1
281
     0
  0
CLASS
  1
ACMNOTESTANDARDANSI
  2
AmdtNoteStdANSI
  3
"Amdt_StdImp|Product Description: AutoCAD Mechanical|Company: Autodesk, Inc."
 90
     1024
 91
        0
280
     1
281
     0
  0
CLASS
  1
ACMTAPERSTANDARDANSI
  2
AcmTaperStdANSI
  3
"Amdt_StdImp|Product Description: AutoCAD Mechanical|Company: Autodesk, Inc."
 90
     1024
 91
        0
280
     1
281
     0
  0
CLASS
  1
ACMANOOTATIONVIEWSTANDARDANSI
  2
AmdtAnViewStdANSI
  3
"Amdt_StdImp|Product Description: AutoCAD Mechanical|Company: Autodesk, Inc."
 90
     1024
 91
        0
280
     1
281
     0
  0
CLASS
  1
AMDTNOTETEMPLATEDB
  2
AmdtNoteTemplateDB
  3
AcmSymBB|Product Description: AutoCAD Mechanical|Company: Autodesk, Inc.
 90
     1024
 91
        0
280
     1
281
     0
  0
CLASS
  1
ACAMGLAYSTD
  2
AcAmgLayStd
  3
"AmgLay|Product Description: AutoCAD Mechanical|Company: Autodesk, Inc."
 90
     1024
 91
        0
280
     1
281
     0
  0
CLASS
  1
ACAMGDIMSTD
  2
AcAmgDimStd
  3
"AmgDim|Product Description: AutoCAD Mechanical|Company: Autodesk, Inc."
 90
     1024
 91
        0
280
     1
281
     0
  0
CLASS
  1
ACAMGHOLECHARTSTDANSI
  2
AcAmgHoleChartStdANSI
  3
AmgDim|Product Description: AutoCAD Mechanical|Company: Autodesk, Inc.
 90
     1024
 91
        0
280
     1
281
     0
  0
CLASS
  1
ACAMGTITLESTD
  2
AcAmgTitleStd
  3
"AmgTitle|Product Description: AutoCAD Mechanical|Company: Autodesk, Inc."
 90
     4095
 91
        0
280
     1
281
     0
  0
CLASS
  1
ACAMGFILTERDAT
  2
AcAmgFilterDat
  3
"AcadM|Product Description: AutoCAD Mechanical|Company: Autodesk, Inc."
 90
     1024
 91
        0
280
     1
281
     0
  0
CLASS
  1
CAMSSTRUCTBTNSTATE
  2
StructBtnState
  3
DesignerAssemblies
 90
     1024
 91
        0
280
     1
281
     0
  0
CLASS
  1
SOLID_BACKGROUND
  2
AcDbSolidBackground
  3
SCENEOE
 90
     4095
 91
        0
280
     0
281
     0
  0
CLASS
  1
ACDB_MTEXTOBJECTCONTEXTDATA_CLASS
  2
AcDbMTextObjectContextData
  3
ObjectDBX Classes
 90
     1153
 91
        0
280
     0
281
     0
  0
CLASS
  1
PLOTSETTINGS
  2
AcDbPlotSettings
  3
ObjectDBX Classes
 90
        0
 91
        0
280
     0
281
     0
  0
CLASS
  1
ACDBSECTIONVIEWSTYLE
  2
AcDbSectionViewStyle
  3
ObjectDBX Classes
 90
     1025
 91
        0
280
     0
281
     0
  0
CLASS
  1
ACDBDETAILVIEWSTYLE
  2
AcDbDetailViewStyle
  3
ObjectDBX Classes
 90
     1025
 91
        0
280
     0
281
     0
  0
CLASS
  1
ACAD_EVALUATION_GRAPH
  2
AcDbEvalGraph
  3
ObjectDBX Classes
 90
     1153
 91
        0
280
     0
281
     0
  0
CLASS
  1
ACAECUSTOBJ
  2
AcAeEditorObj
  3
AcAeEditorObj
 90
     1024
 91
        0
280
     0
281
     0
  0
CLASS
  1
ACDB_DYNAMICBLOCKPURGEPREVENTER_VERSION
  2
AcDbDynamicBlockPurgePreventer
  3
ObjectDBX Classes
 90
     1153
 91
        0
280
     0
281
     0
  0
CLASS
  1
ACAD_TABLE
  2
AcDbTable
  3
ObjectDBX Classes
 90
     1025
 91
        0
280
     0
281
     1
  0
CLASS
  1
TABLECONTENT
  2
AcDbTableContent
  3
ObjectDBX Classes
 90
     1152
 91
        0
280
     0
281
     0
  0
CLASS
  1
TABLEGEOMETRY
  2
AcDbTableGeometry
  3
ObjectDBX Classes
 90
     1152
 91
        0
280
     0
281
     0
  0
CLASS
  1
RASTERVARIABLES
  2
AcDbRasterVariables
  3
ISM
 90
        0
 91
        0
280
     0
281
     0
  0
CLASS
  1
IMAGEDEF
  2
AcDbRasterImageDef
  3
ISM
 90
        0
 91
        0
280
     0
281
     0
  0
CLASS
  1
IMAGEDEF_REACTOR
  2
AcDbRasterImageDefReactor
  3
ISM
 90
        1
 91
        0
280
     0
281
     0
  0
CLASS
  1
IMAGE
  2
AcDbRasterImage
  3
ISM
 90
     2175
 91
        0
280
     0
281
     1
  0
CLASS
  1
WIPEOUTVARIABLES
  2
AcDbWipeoutVariables
  3
"WipeOut|Product Desc:     WipeOut Dbx Application|Company:          Autodesk, Inc.|WEB Address:      www.autodesk.com"
 90
        0
 91
        0
280
     0
281
     0
  0
CLASS
  1
ACDB_ALDIMOBJECTCONTEXTDATA_CLASS
  2
AcDbAlignedDimensionObjectContextData
  3
ObjectDBX Classes
 90
     1153
 91
        0
280
     0
281
     0
  0
CLASS
  1
ACDB_RADIMOBJECTCONTEXTDATA_CLASS
  2
AcDbRadialDimensionObjectContextData
  3
ObjectDBX Classes
 90
     1153
 91
        0
280
     0
281
     0
  0
CLASS
  1
ACDB_MLEADEROBJECTCONTEXTDATA_CLASS
  2
AcDbMLeaderObjectContextData
  3
ObjectDBX Classes
 90
     1153
 91
        0
280
     0
281
     0
  0
CLASS
  1
ACDB_DMDIMOBJECTCONTEXTDATA_CLASS
  2
AcDbDiametricDimensionObjectContextData
  3
ObjectDBX Classes
 90
     1153
 91
        0
280
     0
281
     0
  0
CLASS
  1
ACDB_TEXTOBJECTCONTEXTDATA_CLASS
  2
AcDbTextObjectContextData
  3
ObjectDBX Classes
 90
     1153
 91
        0
280
     0
281
     0
  0
CLASS
  1
BLOCKROTATIONPARAMETER
  2
AcDbBlockRotationParameter
  3
ObjectDBX Classes
 90
     1153
 91
        0
280
     0
281
     0
  0
CLASS
  1
BLOCKROTATIONGRIP
  2
AcDbBlockRotationGrip
  3
ObjectDBX Classes
 90
     1153
 91
        0
280
     0
281
     0
  0
CLASS
  1
BLOCKGRIPLOCATIONCOMPONENT
  2
AcDbBlockGripExpr
  3
ObjectDBX Classes
 90
     1153
 91
        0
280
     0
281
     0
  0
CLASS
  1
BLOCKROTATEACTION
  2
AcDbBlockRotateAction
  3
ObjectDBX Classes
 90
     1153
 91
        0
280
     0
281
     0
  0
CLASS
  1
BLOCKFLIPPARAMETER
  2
AcDbBlockFlipParameter
  3
ObjectDBX Classes
 90
     1153
 91
        0
280
     0
281
     0
  0
CLASS
  1
BLOCKFLIPGRIP
  2
AcDbBlockFlipGrip
  3
ObjectDBX Classes
 90
     1153
 91
        0
280
     0
281
     0
  0
CLASS
  1
BLOCKFLIPACTION
  2
AcDbBlockFlipAction
  3
ObjectDBX Classes
 90
     1153
 91
        0
280
     0
281
     0
  0
CLASS
  1
ACDB_MTEXTATTRIBUTEOBJECTCONTEXTDATA_CLASS
  2
AcDbMTextAttributeObjectContextData
  3
ObjectDBX Classes
 90
     1153
 91
        0
280
     0
281
     0
  0
CLASS
  1
ACDB_BLKREFOBJECTCONTEXTDATA_CLASS
  2
AcDbBlkRefObjectContextData
  3
ObjectDBX Classes
 90
     1153
 91
        0
280
     0
281
     0
  0
CLASS
  1
ACDB_BLOCKREPRESENTATION_DATA
  2
AcDbBlockRepresentationData
  3
ObjectDBX Classes
 90
     1153
 91
        0
280
     0
281
     0
  0
CLASS
  1
ROTATIONPARAMETERENTITY
  2
AcDbBlockRotationParameterEntity
  3
ObjectDBX Classes
 90
     1025
 91
        0
280
     0
281
     1
  0
CLASS
  1
ACAEEEMGROBJ
  2
AcAeEEMgrObj
  3
AcAeEEMgrObj
 90
     1024
 91
        0
280
     0
281
     0
  0
CLASS
  1
ROTATIONGRIPENTITY
  2
AcDbBlockRotationGripEntity
  3
ObjectDBX Classes
 90
     1025
 91
        0
280
     0
281
     1
  0
CLASS
  1
ROTATEACTIONENTITY
  2
AcDbBlockRotateActionEntity
  3
ObjectDBX Classes
 90
     1025
 91
        0
280
     0
281
     1
  0
CLASS
  1
FLIPPARAMETERENTITY
  2
AcDbBlockFlipParameterEntity
  3
ObjectDBX Classes
 90
     1025
 91
        0
280
     0
281
     1
  0
CLASS
  1
FLIPGRIPENTITY
  2
AcDbBlockFlipGripEntity
  3
ObjectDBX Classes
 90
     1025
 91
        0
280
     0
281
     1
  0
CLASS
  1
FLIPACTIONENTITY
  2
AcDbBlockFlipActionEntity
  3
ObjectDBX Classes
 90
     1025
 91
        0
280
     0
281
     1
  0
CLASS
  1
BLOCKPOLARPARAMETER
  2
AcDbBlockPolarParameter
  3
ObjectDBX Classes
 90
     1153
 91
        0
280
     0
281
     0
  0
CLASS
  1
BLOCKPOLARGRIP
  2
AcDbBlockPolarGrip
  3
ObjectDBX Classes
 90
     1153
 91
        0
280
     0
281
     0
  0
CLASS
  1
BLOCKPOLARSTRETCHACTION
  2
AcDbBlockPolarStretchAction
  3
ObjectDBX Classes
 90
     1153
 91
        0
280
     0
281
     0
  0
CLASS
  1
ACARRAYJIGENTITY
  2
AcArrayJigEntity
  3
ACAD_ARRAY
 90
      129
 91
        0
280
     1
281
     1
  0
CLASS
  1
ACDBASSOCNETWORK
  2
AcDbAssocNetwork
  3
ObjectDBX Classes
 90
     1025
 91
        0
280
     0
281
     0
  0
CLASS
  1
ACDBASSOCACTION
  2
AcDbAssocAction
  3
ObjectDBX Classes
 90
     1025
 91
        0
280
     0
281
     0
  0
CLASS
  1
ACDBASSOCARRAYACTIONBODY
  2
AcDbAssocArrayActionBody
  3
ObjectDBX Classes
 90
     1025
 91
        0
280
     0
281
     0
  0
CLASS
  1
ACDBASSOCVERTEXACTIONPARAM
  2
AcDbAssocVertexActionParam
  3
ObjectDBX Classes
 90
     1025
 91
        0
280
     0
281
     0
  0
CLASS
  1
ACDBASSOCDEPENDENCY
  2
AcDbAssocDependency
  3
ObjectDBX Classes
 90
     1025
 91
        0
280
     0
281
     0
  0
CLASS
  1
ACDBASSOCARRAYPOLARPARAMETERS
  2
AcDbAssocArrayPolarParameters
  3
ObjectDBX Classes
 90
     1025
 91
        0
280
     0
281
     0
  0
CLASS
  1
ACDB_LEADEROBJECTCONTEXTDATA_CLASS
  2
AcDbLeaderObjectContextData
  3
ObjectDBX Classes
 90
     1153
 91
        0
280
     0
281
     0
  0
CLASS
  1
ACDB_ANGDIMOBJECTCONTEXTDATA_CLASS
  2
AcDbAngularDimensionObjectContextData
  3
ObjectDBX Classes
 90
     1153
 91
        0
280
     0
281
     0
  0
CLASS
  1
RAPIDRTRENDERSETTINGS
  2
AcDbRapidRTRenderSettings
  3
ObjectDBX Classes
 90
     1024
 91
        0
280
     0
281
     0
  0
CLASS
  1
MENTALRAYRENDERSETTINGS
  2
AcDbMentalRayRenderSettings
  3
SCENEOE
 90
     1024
 91
        0
280
     0
281
     0
  0
CLASS
  1
ACDBASSOCARRAYRECTANGULARPARAMETERS
  2
AcDbAssocArrayRectangularParameters
  3
ObjectDBX Classes
 90
     1025
 91
        0
280
     0
281
     0
  0
CLASS
  1
FIELD
  2
AcDbField
  3
ObjectDBX Classes
 90
     1152
 91
        0
280
     0
281
     0
  0
CLASS
  1
FIELDLIST
  2
AcDbFieldList
  3
ObjectDBX Classes
 90
     1152
 91
        1
280
     0
281
     0
  0
CLASS
  1
BLOCKLINEARPARAMETER
  2
AcDbBlockLinearParameter
  3
ObjectDBX Classes
 90
     1153
 91
        0
280
     0
281
     0
  0
CLASS
  1
BLOCKLINEARGRIP
  2
AcDbBlockLinearGrip
  3
ObjectDBX Classes
 90
     1153
 91
        0
280
     0
281
     0
  0
CLASS
  1
BLOCKSTRETCHACTION
  2
AcDbBlockStretchAction
  3
ObjectDBX Classes
 90
     1153
 91
        0
280
     0
281
     0
  0
CLASS
  1
BLOCKVISIBILITYPARAMETER
  2
AcDbBlockVisibilityParameter
  3
ObjectDBX Classes
 90
     1153
 91
        0
280
     0
281
     0
  0
CLASS
  1
BLOCKVISIBILITYGRIP
  2
AcDbBlockVisibilityGrip
  3
ObjectDBX Classes
 90
     1153
 91
        0
280
     0
281
     0
  0
CLASS
  1
LINEARPARAMETERENTITY
  2
AcDbBlockLinearParameterEntity
  3
ObjectDBX Classes
 90
     1025
 91
        0
280
     0
281
     1
  0
CLASS
  1
LINEARGRIPENTITY
  2
AcDbBlockLinearGripEntity
  3
ObjectDBX Classes
 90
     1025
 91
        0
280
     0
281
     1
  0
CLASS
  1
STRETCHACTIONENTITY
  2
AcDbBlockStretchActionEntity
  3
ObjectDBX Classes
 90
     1025
 91
        0
280
     0
281
     1
  0
CLASS
  1
VISIBILITYPARAMETERENTITY
  2
AcDbBlockVisibilityParameterEntity
  3
ObjectDBX Classes
 90
     1025
 91
        0
280
     0
281
     1
  0
CLASS
  1
VISIBILITYGRIPENTITY
  2
AcDbBlockVisibilityGripEntity
  3
ObjectDBX Classes
 90
     1025
 91
        0
280
     0
281
     1
  0
CLASS
  1
BLOCKSCALEACTION
  2
AcDbBlockScaleAction
  3
ObjectDBX Classes
 90
     1153
 91
        0
280
     0
281
     0
  0
CLASS
  1
BLOCKLOOKUPPARAMETER
  2
AcDbBlockLookupParameter
  3
ObjectDBX Classes
 90
     1153
 91
        0
280
     0
281
     0
  0
CLASS
  1
BLOCKLOOKUPGRIP
  2
AcDbBlockLookupGrip
  3
ObjectDBX Classes
 90
     1153
 91
        0
280
     0
281
     0
  0
CLASS
  1
BLOCKLOOKUPACTION
  2
AcDbBlockLookupAction
  3
ObjectDBX Classes
 90
     1153
 91
        0
280
     0
281
     0
  0
CLASS
  1
BLOCKBASEPOINTPARAMETER
  2
AcDbBlockBasepointParameter
  3
ObjectDBX Classes
 90
     1153
 91
        0
280
     0
281
     0
  0
CLASS
  1
BLOCKMOVEACTION
  2
AcDbBlockMoveAction
  3
ObjectDBX Classes
 90
     1153
 91
        0
280
     0
281
     0
  0
CLASS
  1
ACDBASSOCEDGEACTIONPARAM
  2
AcDbAssocEdgeActionParam
  3
ObjectDBX Classes
 90
     1025
 91
        0
280
     0
281
     0
  0
CLASS
  1
ACDBASSOCARRAYPATHPARAMETERS
  2
AcDbAssocArrayPathParameters
  3
ObjectDBX Classes
 90
     1025
 91
        0
280
     0
281
     0
  0
CLASS
  1
WIPEOUT
  2
AcDbWipeout
  3
WipeOut|Product Desc: Object Enabler for WipeOut entity | Company: Autodesk, Inc. | WEB Address: www.autodesk.com
 90
     2175
 91
        0
280
     0
281
     1
  0
CLASS
  1
BLOCKPOINTPARAMETER
  2
AcDbBlockPointParameter
  3
ObjectDBX Classes
 90
     1153
 91
        0
280
     0
281
     0
  0
CLASS
  1
ACDBASSOCROTATEDDIMACTIONBODY
  2
AcDbAssocRotatedDimActionBody
  3
ObjectDBX Classes
 90
     1025
 91
        0
280
     0
281
     0
  0
CLASS
  1
ACDBASSOCOSNAPPOINTREFACTIONPARAM
  2
AcDbAssocOsnapPointRefActionParam
  3
ObjectDBX Classes
 90
     1025
 91
        0
280
     0
281
     0
  0
CLASS
  1
ACDBASSOCGEOMDEPENDENCY
  2
AcDbAssocGeomDependency
  3
ObjectDBX Classes
 90
     1025
 91
        0
280
     0
281
     0
  0
CLASS
  1
ACDBASSOCVARIABLE
  2
AcDbAssocVariable
  3
ObjectDBX Classes
 90
     1025
 91
        0
280
     0
281
     0
  0
CLASS
  1
ACDBASSOCVALUEDEPENDENCY
  2
AcDbAssocValueDependency
  3
ObjectDBX Classes
 90
     1025
 91
        0
280
     0
281
     0
  0
CLASS
  1
ACDBASSOCENTITYCLONEACTIONBODY
  2
AcDbAssocEntityCloneActionBody
  3
ObjectDBX Classes
 90
     1025
 91
        0
280
     0
281
     0
  0
CLASS
  1
ACDB_DYNAMICBLOCKPROXYNODE
  2
AcDbDynamicBlockProxyNode
  3
ObjectDBX Classes
 90
     1153
 91
        0
280
     0
281
     0
  0
CLASS
  1
ACDBASSOC2DCONSTRAINTGROUP
  2
AcDbAssoc2dConstraintGroup
  3
ObjectDBX Classes
 90
     1025
 91
        0
280
     0
281
     0
  0
CLASS
  1
ASSOCDIMDEPENDENCYBODY
  2
AcDbAssocDimDependencyBody
  3
ObjectDBX Classes
 90
     1025
 91
        0
280
     0
281
     0
  0
CLASS
  1
BREAKDATA
  2
AcDbBreakData
  3
ObjectDBX Classes
 90
     1024
 91
        0
280
     0
281
     0
  0
CLASS
  1
ACDBASSOCPERSSUBENTMANAGER
  2
AcDbAssocPersSubentManager
  3
ObjectDBX Classes
 90
     1024
 91
        0
280
     0
281
     0
  0
CLASS
  1
ACDBPERSSUBENTMANAGER
  2
AcDbPersSubentManager
  3
AcDbPersSubentManager
 90
     1024
 91
        0
280
     0
281
     0
  0
CLASS
  1
ACSH_BOX_CLASS
  2
AcDbShBox
  3
ObjectDBX Classes
 90
     1153
 91
        0
280
     0
281
     0
  0
CLASS
  1
ACSH_HISTORY_CLASS
  2
AcDbShHistory
  3
ObjectDBX Classes
 90
     1153
 91
        0
280
     0
281
     0
  0
CLASS
  1
BLOCKXYGRIP
  2
AcDbBlockXYGrip
  3
ObjectDBX Classes
 90
     1153
 91
        0
280
     0
281
     0
  0
CLASS
  1
XYGRIPENTITY
  2
AcDbBlockXYGripEntity
  3
ObjectDBX Classes
 90
     1025
 91
        0
280
     0
281
     1
  0
CLASS
  1
POINTPARAMETERENTITY
  2
AcDbBlockPointParameterEntity
  3
ObjectDBX Classes
 90
     1025
 91
        0
280
     0
281
     1
  0
CLASS
  1
SPATIAL_FILTER
  2
AcDbSpatialFilter
  3
ObjectDBX Classes
 90
        0
 91
        0
280
     0
281
     0
  0
CLASS
  1
AEC_VARS_DWG_SETUP
  2
AecDbVarsDwgSetup
  3
AecBase80|Product Desc: Autodesk Architectural Desktop 2007 |Company: Autodesk,Inc. |WEB Address: www.autodesk.com
 90
      129
 91
        0
280
     0
281
     0
  0
CLASS
  1
AEC_NOTIFICATION_TRACKER
  2
AecDbNotificationTracker
  3
AecBase80|Product Desc: Autodesk Architectural Desktop 2007 |Company: Autodesk,Inc. |WEB Address: www.autodesk.com
 90
      129
 91
        0
280
     0
281
     0
  0
CLASS
  1
AEC_DISP_REP_MASS_ELEM_SCHEM
  2
AecDbDispRepMassElemSchem
  3
AecBaseEx80|Product Desc: Autodesk Architectural Desktop 2007 |Company: Autodesk,Inc. |WEB Address: www.autodesk.com
 90
      129
 91
        0
280
     0
281
     0
  0
CLASS
  1
AEC_DISP_PROPS_MASS_ELEM_MODEL
  2
AecDbDispPropsMassElem
  3
AecBaseEx80|Product Desc: Autodesk Architectural Desktop 2007 |Company: Autodesk,Inc. |WEB Address: www.autodesk.com
 90
      129
 91
        0
280
     0
281
     0
  0
CLASS
  1
AEC_DISP_REP_MASS_GROUP_MODEL
  2
AecDbDispRepMassGroupModel
  3
AecBaseEx80|Product Desc: Autodesk Architectural Desktop 2007 |Company: Autodesk,Inc. |WEB Address: www.autodesk.com
 90
      129
 91
        0
280
     0
281
     0
  0
CLASS
  1
AEC_DISP_PROPS_MASS_GROUP
  2
AecDbDispPropsMassGroup
  3
AecBaseEx80|Product Desc: Autodesk Architectural Desktop 2007 |Company: Autodesk,Inc. |WEB Address: www.autodesk.com
 90
      129
 91
        0
280
     0
281
     0
  0
CLASS
  1
AEC_DISP_REP_MASS_ELEM_MODEL
  2
AecDbDispRepMassElemModel
  3
AecBaseEx80|Product Desc: Autodesk Architectural Desktop 2007 |Company: Autodesk,Inc. |WEB Address: www.autodesk.com
 90
      129
 91
        0
280
     0
281
     0
  0
CLASS
  1
AEC_DISP_REP_MASS_GROUP_PLAN
  2
AecDbDispRepMassGroupPlan
  3
AecBaseEx80|Product Desc: Autodesk Architectural Desktop 2007 |Company: Autodesk,Inc. |WEB Address: www.autodesk.com
 90
      129
 91
        0
280
     0
281
     0
  0
CLASS
  1
AEC_DISP_REP_COLUMN_GRID_MODEL
  2
AecDbDispRepColumnGridModel
  3
AecArchBase80|Product Desc: Autodesk Architectural Desktop 2007 |Company: Autodesk,Inc. |WEB Address: www.autodesk.com
 90
      129
 91
        0
280
     0
281
     0
  0
CLASS
  1
AEC_DISP_PROPS_LAYOUT_GRID2D
  2
AecDbDispPropsLayoutGrid2d
  3
AecBase80|Product Desc: Autodesk Architectural Desktop 2007 |Company: Autodesk,Inc. |WEB Address: www.autodesk.com
 90
      129
 91
        0
280
     0
281
     0
  0
CLASS
  1
AEC_DISP_REP_2D_SECTION
  2
AecDbDispRep2dSection
  3
AecBase80|Product Desc: Autodesk Architectural Desktop 2007 |Company: Autodesk,Inc. |WEB Address: www.autodesk.com
 90
      129
 91
        0
280
     0
281
     0
  0
CLASS
  1
AEC_DISP_PROPS_2D_SECTION
  2
AecDbDispProps2dSection
  3
AecBase80|Product Desc: Autodesk Architectural Desktop 2007 |Company: Autodesk,Inc. |WEB Address: www.autodesk.com
 90
      129
 91
        0
280
     0
281
     0
  0
CLASS
  1
AEC_DISP_REP_CLIP_VOLUME_PLAN
  2
AecDbDispRepClipVolPlan
  3
AecBase80|Product Desc: Autodesk Architectural Desktop 2007 |Company: Autodesk,Inc. |WEB Address: www.autodesk.com
 90
      129
 91
        0
280
     0
281
     0
  0
CLASS
  1
AEC_DISP_PROPS_CLIP_VOLUME
  2
AecDbDispPropsClipVol
  3
AecBase80|Product Desc: Autodesk Architectural Desktop 2007 |Company: Autodesk,Inc. |WEB Address: www.autodesk.com
 90
      129
 91
        0
280
     0
281
     0
  0
CLASS
  1
AEC_DISP_REP_CLIP_VOLUME_RESULT_SUBDIV
  2
AecDbDispRepClipVolResSubDiv
  3
AecBase80|Product Desc: Autodesk Architectural Desktop 2007 |Company: Autodesk,Inc. |WEB Address: www.autodesk.com
 90
      129
 91
        0
280
     0
281
     0
  0
CLASS
  1
AEC_DISP_PROPS_CLIP_VOLUME_RESULT
  2
AecDbDispPropsClipVolResSubDiv
  3
AecBase80|Product Desc: Autodesk Architectural Desktop 2007 |Company: Autodesk,Inc. |WEB Address: www.autodesk.com
 90
      129
 91
        0
280
     0
281
     0
  0
CLASS
  1
AEC_DISP_REP_CLIP_VOLUME_RESULT
  2
AecDbDispRepClipVolResult
  3
AecBase80|Product Desc: Autodesk Architectural Desktop 2007 |Company: Autodesk,Inc. |WEB Address: www.autodesk.com
 90
      129
 91
        0
280
     0
281
     0
  0
CLASS
  1
AEC_DISP_REP_ANCHOR_ENT_TO_NODE
  2
AecDbDispRepAnchorEntToNode
  3
AecBase80|Product Desc: Autodesk Architectural Desktop 2007 |Company: Autodesk,Inc. |WEB Address: www.autodesk.com
 90
      129
 91
        0
280
     0
281
     0
  0
CLASS
  1
AEC_DISP_PROPS_ENT
  2
AecDbDispPropsEnt
  3
AecBase80|Product Desc: Autodesk Architectural Desktop 2007 |Company: Autodesk,Inc. |WEB Address: www.autodesk.com
 90
      129
 91
        0
280
     0
281
     0
  0
CLASS
  1
AEC_DISP_REP_CLIP_VOLUME_MODEL
  2
AecDbDispRepClipVolModel
  3
AecBase80|Product Desc: Autodesk Architectural Desktop 2007 |Company: Autodesk,Inc. |WEB Address: www.autodesk.com
 90
      129
 91
        0
280
     0
281
     0
  0
CLASS
  1
AEC_DISP_REP_ANCHOR_TAG_TO_ENT
  2
AecDbDispRepAnchorTagToEnt
  3
AecBase80|Product Desc: Autodesk Architectural Desktop 2007 |Company: Autodesk,Inc. |WEB Address: www.autodesk.com
 90
      129
 91
        0
280
     0
281
     0
  0
CLASS
  1
AEC_DISP_REP_ANCHOR_EXT_TAG_TO_ENT
  2
AecDbDispRepAnchorExtendedTagToEnt
  3
AecBase80|Product Desc: Autodesk Architectural Desktop 2007 |Company: Autodesk,Inc. |WEB Address: www.autodesk.com
 90
      129
 91
        0
280
     0
281
     0
  0
CLASS
  1
AEC_DISP_REP_ANCHOR
  2
AecDbDispRepAnchor
  3
AecBase80|Product Desc: Autodesk Architectural Desktop 2007 |Company: Autodesk,Inc. |WEB Address: www.autodesk.com
 90
      129
 91
        0
280
     0
281
     0
  0
CLASS
  1
AEC_DISP_REP_ENT_REF
  2
AecDbDispRepEntRef
  3
AecBase80|Product Desc: Autodesk Architectural Desktop 2007 |Company: Autodesk,Inc. |WEB Address: www.autodesk.com
 90
      129
 91
        0
280
     0
281
     0
  0
CLASS
  1
AEC_DISP_PROPS_ENT_REF
  2
AecDbDispPropsEntRef
  3
AecBase80|Product Desc: Autodesk Architectural Desktop 2007 |Company: Autodesk,Inc. |WEB Address: www.autodesk.com
 90
      129
 91
        0
280
     0
281
     0
  0
CLASS
  1
AEC_DISP_REP_MATERIAL
  2
AecDbDispRepMaterial
  3
AecBase80|Product Desc: Autodesk Architectural Desktop 2007 |Company: Autodesk,Inc. |WEB Address: www.autodesk.com
 90
      129
 91
        0
280
     0
281
     0
  0
CLASS
  1
AEC_DISP_PROPS_MATERIAL
  2
AecDbDispPropsMaterial
  3
AecBase80|Product Desc: Autodesk Architectural Desktop 2007 |Company: Autodesk,Inc. |WEB Address: www.autodesk.com
 90
      129
 91
        0
280
     0
281
     0
  0
CLASS
  1
AEC_DISP_REP_LAYOUT_GRID3D
  2
AecDbDispRepLayoutGrid3d
  3
AecBase80|Product Desc: Autodesk Architectural Desktop 2007 |Company: Autodesk,Inc. |WEB Address: www.autodesk.com
 90
      129
 91
        0
280
     0
281
     0
  0
CLASS
  1
AEC_DISP_PROPS_LAYOUT_GRID3D
  2
AecDbDispPropsLayoutGrid3d
  3
AecBase80|Product Desc: Autodesk Architectural Desktop 2007 |Company: Autodesk,Inc. |WEB Address: www.autodesk.com
 90
      129
 91
        0
280
     0
281
     0
  0
CLASS
  1
AEC_DISP_REP_MVBLOCK_REF
  2
AecDbDispRepMvBlockRef
  3
AecBase80|Product Desc: Autodesk Architectural Desktop 2007 |Company: Autodesk,Inc. |WEB Address: www.autodesk.com
 90
      129
 91
        0
280
     0
281
     0
  0
CLASS
  1
AEC_DISP_REP_LAYOUT_CURVE
  2
AecDbDispRepLayoutCurve
  3
AecBase80|Product Desc: Autodesk Architectural Desktop 2007 |Company: Autodesk,Inc. |WEB Address: www.autodesk.com
 90
      129
 91
        0
280
     0
281
     0
  0
CLASS
  1
AEC_DISP_PROPS_LAYOUT_CURVE
  2
AecDbDispPropsLayoutCurve
  3
AecBase80|Product Desc: Autodesk Architectural Desktop 2007 |Company: Autodesk,Inc. |WEB Address: www.autodesk.com
 90
      129
 91
        0
280
     0
281
     0
  0
CLASS
  1
AEC_DISP_REP_MASKBLOCK_REF
  2
AecDbDispRepMaskBlockRef
  3
AecBase80|Product Desc: Autodesk Architectural Desktop 2007 |Company: Autodesk,Inc. |WEB Address: www.autodesk.com
 90
      129
 91
        0
280
     0
281
     0
  0
CLASS
  1
AEC_DISP_PROPS_MASKBLOCK
  2
AecDbDispPropsMaskBlock
  3
AecBase80|Product Desc: Autodesk Architectural Desktop 2007 |Company: Autodesk,Inc. |WEB Address: www.autodesk.com
 90
      129
 91
        0
280
     0
281
     0
  0
CLASS
  1
AEC_DISP_REP_EDITINPLACEPROFILE
  2
AecDbDispRepEditInPlaceProfile
  3
AecBase80|Product Desc: Autodesk Architectural Desktop 2007 |Company: Autodesk,Inc. |WEB Address: www.autodesk.com
 90
      129
 91
        0
280
     0
281
     0
  0
CLASS
  1
AEC_DISP_PROPS_EDITINPLACEPROFILE_MODEL
  2
AecDbDispPropsEditInPlaceProfile
  3
AecBase80|Product Desc: Autodesk Architectural Desktop 2007 |Company: Autodesk,Inc. |WEB Address: www.autodesk.com
 90
      129
 91
        0
280
     0
281
     0
  0
CLASS
  1
AEC_DISP_REP_LAYOUT_GRID2D
  2
AecDbDispRepLayoutGrid2d
  3
AecBase80|Product Desc: Autodesk Architectural Desktop 2007 |Company: Autodesk,Inc. |WEB Address: www.autodesk.com
 90
      129
 91
        0
280
     0
281
     0
  0
CLASS
  1
AEC_DISP_REP_DISPLAYTHEME
  2
AecDbDispRepDisplayTheme
  3
AecBase80|Product Desc: Autodesk Architectural Desktop 2007 |Company: Autodesk,Inc. |WEB Address: www.autodesk.com
 90
      129
 91
        0
280
     0
281
     0
  0
CLASS
  1
AEC_DISP_PROPS_DISPLAYTHEME
  2
AecDbDispPropsDisplayTheme
  3
AecBase80|Product Desc: Autodesk Architectural Desktop 2007 |Company: Autodesk,Inc. |WEB Address: www.autodesk.com
 90
      129
 91
        0
280
     0
281
     0
  0
CLASS
  1
AEC_DISP_REP_POLYGON_TRUECOLOUR
  2
AecDbDispRepPolygonTrueColour
  3
AecBase80|Product Desc: Autodesk Architectural Desktop 2007 |Company: Autodesk,Inc. |WEB Address: www.autodesk.com
 90
      129
 91
        0
280
     0
281
     0
  0
CLASS
  1
AEC_DISP_PROPS_POLYGON_TRUECOLOUR
  2
AecDbDispPropsPolygonTrueColour
  3
AecBase80|Product Desc: Autodesk Architectural Desktop 2007 |Company: Autodesk,Inc. |WEB Address: www.autodesk.com
 90
      129
 91
        0
280
     0
281
     0
  0
CLASS
  1
AEC_DISP_REP_POLYGON_MODEL
  2
AecDbDispRepPolygonModel
  3
AecBase80|Product Desc: Autodesk Architectural Desktop 2007 |Company: Autodesk,Inc. |WEB Address: www.autodesk.com
 90
      129
 91
        0
280
     0
281
     0
  0
CLASS
  1
AEC_DISP_PROPS_POLYGON_MODEL
  2
AecDbDispPropsPolygonModel
  3
AecBase80|Product Desc: Autodesk Architectural Desktop 2007 |Company: Autodesk,Inc. |WEB Address: www.autodesk.com
 90
      129
 91
        0
280
     0
281
     0
  0
CLASS
  1
AEC_DISP_REP_MVBLOCK_REF_MODEL
  2
AecDbDispRepMvBlockRefModel
  3
AecBase80|Product Desc: Autodesk Architectural Desktop 2007 |Company: Autodesk,Inc. |WEB Address: www.autodesk.com
 90
      129
 91
        0
280
     0
281
     0
  0
CLASS
  1
AEC_DISP_REP_SLICE
  2
AecDbDispRepSlice
  3
AecBase80|Product Desc: Autodesk Architectural Desktop 2007 |Company: Autodesk,Inc. |WEB Address: www.autodesk.com
 90
      129
 91
        0
280
     0
281
     0
  0
CLASS
  1
AEC_DISP_PROPS_SLICE
  2
AecDbDispPropsSlice
  3
AecBase80|Product Desc: Autodesk Architectural Desktop 2007 |Company: Autodesk,Inc. |WEB Address: www.autodesk.com
 90
      129
 91
        0
280
     0
281
     0
  0
CLASS
  1
AEC_DISP_REP_BDG_SECTIONLINE_MODEL
  2
AecDbDispRepBdgSectionLineModel
  3
AecArchBase80|Product Desc: Autodesk Architectural Desktop 2007 |Company: Autodesk,Inc. |WEB Address: www.autodesk.com
 90
      129
 91
        0
280
     0
281
     0
  0
CLASS
  1
AEC_DISP_REP_CEILING_GRID_RCP
  2
AecDbDispRepCeilingGridRcp
  3
AecArchBase80|Product Desc: Autodesk Architectural Desktop 2007 |Company: Autodesk,Inc. |WEB Address: www.autodesk.com
 90
      129
 91
        0
280
     0
281
     0
  0
CLASS
  1
AEC_DISP_REP_BDG_ELEVLINE_MODEL
  2
AecDbDispRepBdgElevLineModel
  3
AecArchBase80|Product Desc: Autodesk Architectural Desktop 2007 |Company: Autodesk,Inc. |WEB Address: www.autodesk.com
 90
      129
 91
        0
280
     0
281
     0
  0
CLASS
  1
AEC_DISP_REP_ANCHOR_BUB_TO_GRID_MODEL
  2
AecDbDispRepAnchorBubToGridMdl
  3
AecArchBase80|Product Desc: Autodesk Architectural Desktop 2007 |Company: Autodesk,Inc. |WEB Address: www.autodesk.com
 90
      129
 91
        0
280
     0
281
     0
  0
CLASS
  1
AEC_DISP_REP_BDG_ELEVLINE_RCP
  2
AecDbDispRepBdgElevLineRcp
  3
AecArchBase80|Product Desc: Autodesk Architectural Desktop 2007 |Company: Autodesk,Inc. |WEB Address: www.autodesk.com
 90
      129
 91
        0
280
     0
281
     0
  0
CLASS
  1
AEC_DISP_REP_ANCHOR_BUB_TO_GRID_RCP
  2
AecDbDispRepAnchorBubToGridRcp
  3
AecArchBase80|Product Desc: Autodesk Architectural Desktop 2007 |Company: Autodesk,Inc. |WEB Address: www.autodesk.com
 90
      129
 91
        0
280
     0
281
     0
  0
CLASS
  1
AEC_DISP_REP_CEILING_GRID_MODEL
  2
AecDbDispRepCeilingGridModel
  3
AecArchBase80|Product Desc: Autodesk Architectural Desktop 2007 |Company: Autodesk,Inc. |WEB Address: www.autodesk.com
 90
      129
 91
        0
280
     0
281
     0
  0
CLASS
  1
AEC_DISP_REP_BDG_SECTIONLINE_RCP
  2
AecDbDispRepBdgSectionLineRcp
  3
AecArchBase80|Product Desc: Autodesk Architectural Desktop 2007 |Company: Autodesk,Inc. |WEB Address: www.autodesk.com
 90
      129
 91
        0
280
     0
281
     0
  0
CLASS
  1
AEC_DISP_REP_BDG_SECTION_MODEL
  2
AecDbDispRepBdgSectionModel
  3
AecArchBase80|Product Desc: Autodesk Architectural Desktop 2007 |Company: Autodesk,Inc. |WEB Address: www.autodesk.com
 90
      129
 91
        0
280
     0
281
     0
  0
CLASS
  1
AEC_DISP_REP_BDG_SECTION_SUBDIV
  2
AecDbDispRepBdgSectionSubDiv
  3
AecArchBase80|Product Desc: Autodesk Architectural Desktop 2007 |Company: Autodesk,Inc. |WEB Address: www.autodesk.com
 90
      129
 91
        0
280
     0
281
     0
  0
CLASS
  1
AEC_DISP_REP_BDG_SECTIONLINE_PLAN
  2
AecDbDispRepBdgElevLinePlan
  3
AecArchBase80|Product Desc: Autodesk Architectural Desktop 2007 |Company: Autodesk,Inc. |WEB Address: www.autodesk.com
 90
      129
 91
        0
280
     0
281
     0
  0
CLASS
  1
AEC_AECDBDISPREPBDGSECTIONLINEPLAN100
  2
AecDbDispRepBdgSectionLinePlan100
  3
AecArchBase80|Product Desc: Autodesk Architectural Desktop 2007 |Company: Autodesk,Inc. |WEB Address: www.autodesk.com
 90
      129
 91
        0
280
     0
281
     0
  0
CLASS
  1
AEC_DISP_REP_CEILING_GRID
  2
AecDbDispRepCeilingGrid
  3
AecArchBase80|Product Desc: Autodesk Architectural Desktop 2007 |Company: Autodesk,Inc. |WEB Address: www.autodesk.com
 90
      893
 91
        0
280
     0
281
     0
  0
CLASS
  1
AEC_AECDBDISPREPBDGELEVLINEPLAN100
  2
AecDbDispRepBdgElevLinePlan100
  3
AecArchBase80|Product Desc: Autodesk Architectural Desktop 2007 |Company: Autodesk,Inc. |WEB Address: www.autodesk.com
 90
      129
 91
        0
280
     0
281
     0
  0
CLASS
  1
AEC_DISP_REP_BDG_SECTIONLINE_PLAN
  2
AecDbDispRepBdgSectionLinePlan
  3
AecArchBase80|Product Desc: Autodesk Architectural Desktop 2007 |Company: Autodesk,Inc. |WEB Address: www.autodesk.com
 90
      129
 91
        0
280
     0
281
     0
  0
CLASS
  1
AEC_AECDBDISPREPCEILINGGRIDPLAN100
  2
AecDbDispRepCeilingGridPlan100
  3
AecArchBase80|Product Desc: Autodesk Architectural Desktop 2007 |Company: Autodesk,Inc. |WEB Address: www.autodesk.com
 90
      129
 91
        0
280
     0
281
     0
  0
CLASS
  1
AEC_DISP_REP_CURTAIN_WALL_LAYOUT_PLAN
  2
AecDbDispRepCurtainWallLayoutPlan
  3
AecArchBase80|Product Desc: Autodesk Architectural Desktop 2007 |Company: Autodesk,Inc. |WEB Address: www.autodesk.com
 90
      129
 91
        0
280
     0
281
     0
  0
CLASS
  1
AEC_DISP_PROPS_GRID_ASSEMBLY_PLAN
  2
AecDbDispPropsGridAssemblyPlan
  3
AecArchBase80|Product Desc: Autodesk Architectural Desktop 2007 |Company: Autodesk,Inc. |WEB Address: www.autodesk.com
 90
      129
 91
        0
280
     0
281
     0
  0
CLASS
  1
AEC_AECDBDISPREPCURTAINWALLLAYOUTPLAN100
  2
AecDbDispRepCurtainWallLayoutPlan100
  3
AecArchBase80|Product Desc: Autodesk Architectural Desktop 2007 |Company: Autodesk,Inc. |WEB Address: www.autodesk.com
 90
      129
 91
        0
280
     0
281
     0
  0
CLASS
  1
AEC_AECDBDISPREPCOLUMNGRIDPLAN100
  2
AecDbDispRepColumnGridPlan100
  3
AecArchBase80|Product Desc: Autodesk Architectural Desktop 2007 |Company: Autodesk,Inc. |WEB Address: www.autodesk.com
 90
      129
 91
        0
280
     0
281
     0
  0
CLASS
  1
AEC_AECDBDISPREPCURTAINWALLUNITPLAN100
  2
AecDbDispRepCurtainWallUnitPlan100
  3
AecArchBase80|Product Desc: Autodesk Architectural Desktop 2007 |Company: Autodesk,Inc. |WEB Address: www.autodesk.com
 90
      129
 91
        0
280
     0
281
     0
  0
CLASS
  1
AEC_DISP_REP_CURTAIN_WALL_UNIT_PLAN
  2
AecDbDispRepCurtainWallUnitPlan
  3
AecArchBase80|Product Desc: Autodesk Architectural Desktop 2007 |Company: Autodesk,Inc. |WEB Address: www.autodesk.com
 90
      129
 91
        0
280
     0
281
     0
  0
CLASS
  1
AEC_DISP_REP_COLUMN_GRID
  2
AecDbDispRepColumnGrid
  3
AecArchBase80|Product Desc: Autodesk Architectural Desktop 2007 |Company: Autodesk,Inc. |WEB Address: www.autodesk.com
 90
      129
 91
        0
280
     0
281
     0
  0
CLASS
  1
AEC_AECDBDISPREPROOFPLAN100
  2
AecDbDispRepRoofPlan100
  3
AecArchBase80|Product Desc: Autodesk Architectural Desktop 2007 |Company: Autodesk,Inc. |WEB Address: www.autodesk.com
 90
      129
 91
        0
280
     0
281
     0
  0
CLASS
  1
AEC_DISP_PROPS_ROOF
  2
AecDbDispPropsRoof
  3
AecArchBase80|Product Desc: Autodesk Architectural Desktop 2007 |Company: Autodesk,Inc. |WEB Address: www.autodesk.com
 90
      129
 91
        0
280
     0
281
     0
  0
CLASS
  1
AEC_DISP_REP_ROOF_PLAN
  2
AecDbDispRepRoofPlan
  3
AecArchBase80|Product Desc: Autodesk Architectural Desktop 2007 |Company: Autodesk,Inc. |WEB Address: www.autodesk.com
 90
      129
 91
        0
280
     0
281
     0
  0
CLASS
  1
AEC_AECDBDISPREPSLABPLAN100
  2
AecDbDispRepSlabPlan100
  3
AecArchBase80|Product Desc: Autodesk Architectural Desktop 2007 |Company: Autodesk,Inc. |WEB Address: www.autodesk.com
 90
      129
 91
        0
280
     0
281
     0
  0
CLASS
  1
AEC_DISP_PROPS_SLAB_PLAN
  2
AecDbDispPropsSlabPlan
  3
AecArchBase80|Product Desc: Autodesk Architectural Desktop 2007 |Company: Autodesk,Inc. |WEB Address: www.autodesk.com
 90
      129
 91
        0
280
     0
281
     0
  0
CLASS
  1
AEC_DISP_REP_SLAB_PLAN
  2
AecDbDispRepSlabPlan
  3
AecArchBase80|Product Desc: Autodesk Architectural Desktop 2007 |Company: Autodesk,Inc. |WEB Address: www.autodesk.com
 90
      129
 91
        0
280
     0
281
     0
  0
CLASS
  1
AEC_AECDBDISPREPMVBLOCKREFPLAN100
  2
AecDbDispRepMvBlockRefPlan100
  3
AecArchBase80|Product Desc: Autodesk Architectural Desktop 2007 |Company: Autodesk,Inc. |WEB Address: www.autodesk.com
 90
      129
 91
        0
280
     0
281
     0
  0
CLASS
  1
AEC_DISP_REP_ROOFSLAB_PLAN
  2
AecDbDispRepRoofSlabPlan
  3
AecArchBase80|Product Desc: Autodesk Architectural Desktop 2007 |Company: Autodesk,Inc. |WEB Address: www.autodesk.com
 90
      129
 91
        0
280
     0
281
     0
  0
CLASS
  1
AEC_DISP_PROPS_ROOFSLAB_PLAN
  2
AecDbDispPropsRoofSlabPlan
  3
AecArchBase80|Product Desc: Autodesk Architectural Desktop 2007 |Company: Autodesk,Inc. |WEB Address: www.autodesk.com
 90
      129
 91
        0
280
     0
281
     0
  0
CLASS
  1
AEC_AECDBDISPREPROOFSLABPLAN100
  2
AecDbDispRepRoofSlabPlan100
  3
AecArchBase80|Product Desc: Autodesk Architectural Desktop 2007 |Company: Autodesk,Inc. |WEB Address: www.autodesk.com
 90
      129
 91
        0
280
     0
281
     0
  0
CLASS
  1
AEC_DISP_REP_WINDOW_ASSEMBLY_PLAN
  2
AecDbDispRepWindowAssemblyPlan
  3
AecArchBase80|Product Desc: Autodesk Architectural Desktop 2007 |Company: Autodesk,Inc. |WEB Address: www.autodesk.com
 90
      129
 91
        0
280
     0
281
     0
  0
CLASS
  1
AEC_DISP_REP_WALL_PLAN
  2
AecDbDispRepWallPlan
  3
AecArchBase80|Product Desc: Autodesk Architectural Desktop 2007 |Company: Autodesk,Inc. |WEB Address: www.autodesk.com
 90
      129
 91
        0
280
     0
281
     0
  0
CLASS
  1
AEC_DISP_PROPS_WALL_PLAN
  2
AecDbDispPropsWallPlan
  3
AecArchBase80|Product Desc: Autodesk Architectural Desktop 2007 |Company: Autodesk,Inc. |WEB Address: www.autodesk.com
 90
      129
 91
        0
280
     0
281
     0
  0
CLASS
  1
AEC_AECDBDISPREPSPACEPLAN100
  2
AecDbDispRepSpacePlan100
  3
AecArchBase80|Product Desc: Autodesk Architectural Desktop 2007 |Company: Autodesk,Inc. |WEB Address: www.autodesk.com
 90
      129
 91
        0
280
     0
281
     0
  0
CLASS
  1
AEC_DISP_PROPS_SPACE_PLAN
  2
AecDbDispPropsSpacePlan
  3
AecArchBase80|Product Desc: Autodesk Architectural Desktop 2007 |Company: Autodesk,Inc. |WEB Address: www.autodesk.com
 90
      129
 91
        0
280
     0
281
     0
  0
CLASS
  1
AEC_DISP_REP_SPACE_PLAN
  2
AecDbDispRepSpacePlan
  3
AecArchBase80|Product Desc: Autodesk Architectural Desktop 2007 |Company: Autodesk,Inc. |WEB Address: www.autodesk.com
 90
      129
 91
        0
280
     0
281
     0
  0
CLASS
  1
AEC_AECDBDISPREPWALLPLAN100
  2
AecDbDispRepWallPlan100
  3
AecArchBase80|Product Desc: Autodesk Architectural Desktop 2007 |Company: Autodesk,Inc. |WEB Address: www.autodesk.com
 90
      129
 91
        0
280
     0
281
     0
  0
CLASS
  1
AEC_AECDBDISPREPBDGSECTIONLINEPLAN50
  2
AecDbDispRepBdgSectionLinePlan50
  3
AecArchBase80|Product Desc: Autodesk Architectural Desktop 2007 |Company: Autodesk,Inc. |WEB Address: www.autodesk.com
 90
      129
 91
        0
280
     0
281
     0
  0
CLASS
  1
AEC_AECDBDISPREPWINDOWASSEMBLYPLAN100
  2
AecDbDispRepWindowAssemblyPlan100
  3
AecArchBase80|Product Desc: Autodesk Architectural Desktop 2007 |Company: Autodesk,Inc. |WEB Address: www.autodesk.com
 90
      129
 91
        0
280
     0
281
     0
  0
CLASS
  1
AEC_AECDBDISPREPCEILINGGRIDPLAN50
  2
AecDbDispRepCeilingGridPlan50
  3
AecArchBase80|Product Desc: Autodesk Architectural Desktop 2007 |Company: Autodesk,Inc. |WEB Address: www.autodesk.com
 90
      129
 91
        0
280
     0
281
     0
  0
CLASS
  1
AEC_DISP_REP_ZONE
  2
AecDbDispRepZone
  3
AecArchBase80|Product Desc: Autodesk Architectural Desktop 2007 |Company: Autodesk,Inc. |WEB Address: www.autodesk.com
 90
      129
 91
        0
280
     0
281
     0
  0
CLASS
  1
AEC_DISP_PROPS_ZONE
  2
AecDbDispPropsZone
  3
AecArchBase80|Product Desc: Autodesk Architectural Desktop 2007 |Company: Autodesk,Inc. |WEB Address: www.autodesk.com
 90
      129
 91
        0
280
     0
281
     0
  0
CLASS
  1
AEC_AECDBDISPREPZONE100
  2
AecDbDispRepZonePlan100
  3
AecArchBase80|Product Desc: Autodesk Architectural Desktop 2007 |Company: Autodesk,Inc. |WEB Address: www.autodesk.com
 90
      129
 91
        0
280
     0
281
     0
  0
CLASS
  1
AEC_AECDBDISPREPBDGELEVLINEPLAN50
  2
AecDbDispRepBdgElevLinePlan50
  3
AecArchBase80|Product Desc: Autodesk Architectural Desktop 2007 |Company: Autodesk,Inc. |WEB Address: www.autodesk.com
 90
      129
 91
        0
280
     0
281
     0
  0
CLASS
  1
AEC_AECDBDISPREPROOFPLAN50
  2
AecDbDispRepRoofPlan50
  3
AecArchBase80|Product Desc: Autodesk Architectural Desktop 2007 |Company: Autodesk,Inc. |WEB Address: www.autodesk.com
 90
      129
 91
        0
280
     0
281
     0
  0
CLASS
  1
AEC_AECDBDISPREPSPACEPLAN50
  2
AecDbDispRepSpacePlan50
  3
AecArchBase80|Product Desc: Autodesk Architectural Desktop 2007 |Company: Autodesk,Inc. |WEB Address: www.autodesk.com
 90
      129
 91
        0
280
     0
281
     0
  0
CLASS
  1
AEC_AECDBDISPREPCURTAINWALLLAYOUTPLAN50
  2
AecDbDispRepCurtainWallLayoutPlan50
  3
AecArchBase80|Product Desc: Autodesk Architectural Desktop 2007 |Company: Autodesk,Inc. |WEB Address: www.autodesk.com
 90
      129
 91
        0
280
     0
281
     0
  0
CLASS
  1
AEC_AECDBDISPREPMVBLOCKREFPLAN50
  2
AecDbDispRepMvBlockRefPlan50
  3
AecArchBase80|Product Desc: Autodesk Architectural Desktop 2007 |Company: Autodesk,Inc. |WEB Address: www.autodesk.com
 90
      129
 91
        0
280
     0
281
     0
  0
CLASS
  1
AEC_AECDBDISPREPCOLUMNGRIDPLAN50
  2
AecDbDispRepColumnGridPlan50
  3
AecArchBase80|Product Desc: Autodesk Architectural Desktop 2007 |Company: Autodesk,Inc. |WEB Address: www.autodesk.com
 90
      129
 91
        0
280
     0
281
     0
  0
CLASS
  1
AEC_AECDBDISPREPCURTAINWALLUNITPLAN50
  2
AecDbDispRepCurtainWallUnitPlan50
  3
AecArchBase80|Product Desc: Autodesk Architectural Desktop 2007 |Company: Autodesk,Inc. |WEB Address: www.autodesk.com
 90
      129
 91
        0
280
     0
281
     0
  0
CLASS
  1
AEC_AECDBDISPREPROOFSLABPLAN50
  2
AecDbDispRepRoofSlabPlan50
  3
AecArchBase80|Product Desc: Autodesk Architectural Desktop 2007 |Company: Autodesk,Inc. |WEB Address: www.autodesk.com
 90
      129
 91
        0
280
     0
281
     0
  0
CLASS
  1
AEC_AECDBDISPREPSLABPLAN50
  2
AecDbDispRepSlabPlan50
  3
AecArchBase80|Product Desc: Autodesk Architectural Desktop 2007 |Company: Autodesk,Inc. |WEB Address: www.autodesk.com
 90
      129
 91
        0
280
     0
281
     0
  0
CLASS
  1
AEC_AECDBDISPREPWALLPLAN50
  2
AecDbDispRepWallPlan50
  3
AecArchBase80|Product Desc: Autodesk Architectural Desktop 2007 |Company: Autodesk,Inc. |WEB Address: www.autodesk.com
 90
      129
 91
        0
280
     0
281
     0
  0
CLASS
  1
AEC_AECDBDISPREPZONE50
  2
AecDbDispRepZonePlan50
  3
AecArchBase80|Product Desc: Autodesk Architectural Desktop 2007 |Company: Autodesk,Inc. |WEB Address: www.autodesk.com
 90
      129
 91
        0
280
     0
281
     0
  0
CLASS
  1
AEC_AECDBDISPREPWINDOWASSEMBLYPLAN50
  2
AecDbDispRepWindowAssemblyPlan50
  3
AecArchBase80|Product Desc: Autodesk Architectural Desktop 2007 |Company: Autodesk,Inc. |WEB Address: www.autodesk.com
 90
      129
 91
        0
280
     0
281
     0
  0
CLASS
  1
AEC_DISP_REP_ANCHOR_BUB_TO_GRID
  2
AecDbDispRepAnchorBubToGrid
  3
AecArchBase80|Product Desc: Autodesk Architectural Desktop 2007 |Company: Autodesk,Inc. |WEB Address: www.autodesk.com
 90
      129
 91
        0
280
     0
281
     0
  0
CLASS
  1
AEC_DISP_REP_DOOR_ELEV
  2
AecDbDispRepDoorElev
  3
AecArchBase80|Product Desc: Autodesk Architectural Desktop 2007 |Company: Autodesk,Inc. |WEB Address: www.autodesk.com
 90
      129
 91
        0
280
     0
281
     0
  0
CLASS
  1
AEC_DISP_PROPS_DOOR
  2
AecDbDispPropsDoor
  3
AecArchBase80|Product Desc: Autodesk Architectural Desktop 2007 |Company: Autodesk,Inc. |WEB Address: www.autodesk.com
 90
      129
 91
        0
280
     0
281
     0
  0
CLASS
  1
AEC_DISP_REP_DOOR_MODEL
  2
AecDbDispRepDoorModel
  3
AecArchBase80|Product Desc: Autodesk Architectural Desktop 2007 |Company: Autodesk,Inc. |WEB Address: www.autodesk.com
 90
      129
 91
        0
280
     0
281
     0
  0
CLASS
  1
AEC_DISP_REP_DOOR_PLAN
  2
AecDbDispRepDoorPlan
  3
AecArchBase80|Product Desc: Autodesk Architectural Desktop 2007 |Company: Autodesk,Inc. |WEB Address: www.autodesk.com
 90
      129
 91
        0
280
     0
281
     0
  0
CLASS
  1
AEC_DISP_REP_COLUMN_GRID_RCP
  2
AecDbDispRepColumnGridRcp
  3
AecArchBase80|Product Desc: Autodesk Architectural Desktop 2007 |Company: Autodesk,Inc. |WEB Address: www.autodesk.com
 90
      129
 91
        0
280
     0
281
     0
  0
CLASS
  1
AEC_DISP_REP_CURTAIN_WALL_LAYOUT_MODEL
  2
AecDbDispRepCurtainWallLayoutModel
  3
AecArchBase80|Product Desc: Autodesk Architectural Desktop 2007 |Company: Autodesk,Inc. |WEB Address: www.autodesk.com
 90
      129
 91
        0
280
     0
281
     0
  0
CLASS
  1
AEC_DISP_PROPS_GRID_ASSEMBLY_MODEL
  2
AecDbDispPropsGridAssemblyModel
  3
AecArchBase80|Product Desc: Autodesk Architectural Desktop 2007 |Company: Autodesk,Inc. |WEB Address: www.autodesk.com
 90
      129
 91
        0
280
     0
281
     0
  0
CLASS
  1
AEC_DB_DISP_REP_DIM_GROUP_PLAN50
  2
AecDbDispRepDimGroupPlan50
  3
AecArchBase80|Product Desc: Autodesk Architectural Desktop 2007 |Company: Autodesk,Inc. |WEB Address: www.autodesk.com
 90
      129
 91
        0
280
     0
281
     0
  0
CLASS
  1
AEC_DISP_PROPS_DIM
  2
AecDbDispPropsDimGroup
  3
AecArchBase80|Product Desc: Autodesk Architectural Desktop 2007 |Company: Autodesk,Inc. |WEB Address: www.autodesk.com
 90
      129
 91
        0
280
     0
281
     0
  0
CLASS
  1
AEC_DB_DISP_REP_DIM_GROUP_PLAN
  2
AecDbDispRepDimGroupPlan
  3
AecArchBase80|Product Desc: Autodesk Architectural Desktop 2007 |Company: Autodesk,Inc. |WEB Address: www.autodesk.com
 90
      129
 91
        0
280
     0
281
     0
  0
CLASS
  1
AEC_DB_DISP_REP_DIM_GROUP_PLAN100
  2
AecDbDispRepDimGroupPlan100
  3
AecArchBase80|Product Desc: Autodesk Architectural Desktop 2007 |Company: Autodesk,Inc. |WEB Address: www.autodesk.com
 90
      129
 91
        0
280
     0
281
     0
  0
CLASS
  1
AEC_DISP_REP_CURTAIN_WALL_UNIT_MODEL
  2
AecDbDispRepCurtainWallUnitModel
  3
AecArchBase80|Product Desc: Autodesk Architectural Desktop 2007 |Company: Autodesk,Inc. |WEB Address: www.autodesk.com
 90
      129
 91
        0
280
     0
281
     0
  0
CLASS
  1
AEC_DISPREPAECDBDISPREPMASSELEMPLAN100
  2
AecDbDispRepMassElemPlan100
  3
AecArchBase80|Product Desc: Autodesk Architectural Desktop 2007 |Company: Autodesk,Inc. |WEB Address: www.autodesk.com
 90
      129
 91
        0
280
     0
281
     0
  0
CLASS
  1
AEC_DISPROPSMASSELEMPLANCOMMON
  2
AecDbDispPropsMassElemPlanCommon
  3
AecArchBase80|Product Desc: Autodesk Architectural Desktop 2007 |Company: Autodesk,Inc. |WEB Address: www.autodesk.com
 90
      129
 91
        0
280
     0
281
     0
  0
CLASS
  1
AEC_DISP_REP_MASKBLOCK_REF_RCP
  2
AecDbDispRepMaskBlockRefRcp
  3
AecArchBase80|Product Desc: Autodesk Architectural Desktop 2007 |Company: Autodesk,Inc. |WEB Address: www.autodesk.com
 90
      129
 91
        0
280
     0
281
     0
  0
CLASS
  1
AEC_DISP_REP_DOOR_THRESHOLD_SYMBOL_PLAN
  2
AecDbDispRepDoorThresholdSymbolPlan
  3
AecArchBase80|Product Desc: Autodesk Architectural Desktop 2007 |Company: Autodesk,Inc. |WEB Address: www.autodesk.com
 90
      129
 91
        0
280
     0
281
     0
  0
CLASS
  1
AEC_DISP_PROPS_DOOR_THRESHOLD_SYMBOL_PLAN
  2
AecDbDispPropsDoorThresholdSymbolPlan
  3
AecArchBase80|Product Desc: Autodesk Architectural Desktop 2007 |Company: Autodesk,Inc. |WEB Address: www.autodesk.com
 90
      129
 91
        0
280
     0
281
     0
  0
CLASS
  1
AEC_DISP_REP_DOOR_THRESHOLD_PLAN
  2
AecDbDispRepDoorThresholdPlan
  3
AecArchBase80|Product Desc: Autodesk Architectural Desktop 2007 |Company: Autodesk,Inc. |WEB Address: www.autodesk.com
 90
      129
 91
        0
280
     0
281
     0
  0
CLASS
  1
AEC_DISP_PROPS_DOOR_THRESHOLD_PLAN
  2
AecDbDispPropsDoorThresholdPlan
  3
AecArchBase80|Product Desc: Autodesk Architectural Desktop 2007 |Company: Autodesk,Inc. |WEB Address: www.autodesk.com
 90
      129
 91
        0
280
     0
281
     0
  0
CLASS
  1
AEC_DISP_REP_DOOR_PLAN_HEKTO
  2
AecDbDispRepDoorPlanHekto
  3
AecArchBase80|Product Desc: Autodesk Architectural Desktop 2007 |Company: Autodesk,Inc. |WEB Address: www.autodesk.com
 90
      129
 91
        0
280
     0
281
     0
  0
CLASS
  1
AEC_DISP_PROPS_DOOR_PLAN_100
  2
AecDbDispPropsDoorPlan100
  3
AecArchBase80|Product Desc: Autodesk Architectural Desktop 2007 |Company: Autodesk,Inc. |WEB Address: www.autodesk.com
 90
      129
 91
        0
280
     0
281
     0
  0
CLASS
  1
AEC_DISPREPAECDBDISPREPMASSELEMPLAN50
  2
AecDbDispRepMassElemPlan50
  3
AecArchBase80|Product Desc: Autodesk Architectural Desktop 2007 |Company: Autodesk,Inc. |WEB Address: www.autodesk.com
 90
      129
 91
        0
280
     0
281
     0
  0
CLASS
  1
AEC_DISP_REP_DOOR_NOMINAL
  2
AecDbDispRepDoorNominal
  3
AecArchBase80|Product Desc: Autodesk Architectural Desktop 2007 |Company: Autodesk,Inc. |WEB Address: www.autodesk.com
 90
      129
 91
        0
280
     0
281
     0
  0
CLASS
  1
AEC_DISP_PROPS_DOOR_NOMINAL
  2
AecDbDispPropsDoorNominal
  3
AecArchBase80|Product Desc: Autodesk Architectural Desktop 2007 |Company: Autodesk,Inc. |WEB Address: www.autodesk.com
 90
      129
 91
        0
280
     0
281
     0
  0
CLASS
  1
AEC_DISP_REP_DOOR_RCP
  2
AecDbDispRepDoorRcp
  3
AecArchBase80|Product Desc: Autodesk Architectural Desktop 2007 |Company: Autodesk,Inc. |WEB Address: www.autodesk.com
 90
      129
 91
        0
280
     0
281
     0
  0
CLASS
  1
AEC_DISP_REP_DOOR_PLAN_50
  2
AecDbDispRepDoorPlan50
  3
AecArchBase80|Product Desc: Autodesk Architectural Desktop 2007 |Company: Autodesk,Inc. |WEB Address: www.autodesk.com
 90
      129
 91
        0
280
     0
281
     0
  0
CLASS
  1
AEC_DISP_PROPS_DOOR_PLAN_50
  2
AecDbDispPropsDoorPlan50
  3
AecArchBase80|Product Desc: Autodesk Architectural Desktop 2007 |Company: Autodesk,Inc. |WEB Address: www.autodesk.com
 90
      129
 91
        0
280
     0
281
     0
  0
CLASS
  1
AEC_DISPREPAECDBDISPREPMASSGROUPPLAN100
  2
AecDbDispRepMassGroupPlan100
  3
AecArchBase80|Product Desc: Autodesk Architectural Desktop 2007 |Company: Autodesk,Inc. |WEB Address: www.autodesk.com
 90
      129
 91
        0
280
     0
281
     0
  0
CLASS
  1
AEC_DISPROPSMASSGROUPPLANCOMMON
  2
AecDbDispPropsMassGroupPlanCommon
  3
AecArchBase80|Product Desc: Autodesk Architectural Desktop 2007 |Company: Autodesk,Inc. |WEB Address: www.autodesk.com
 90
      129
 91
        0
280
     0
281
     0
  0
CLASS
  1
AEC_DISP_REP_MASS_ELEM_RCP
  2
AecDbDispRepMassElemRcp
  3
AecArchBase80|Product Desc: Autodesk Architectural Desktop 2007 |Company: Autodesk,Inc. |WEB Address: www.autodesk.com
 90
      129
 91
        0
280
     0
281
     0
  0
CLASS
  1
AEC_DISP_REP_MASS_GROUP_RCP
  2
AecDbDispRepMassGroupRcp
  3
AecArchBase80|Product Desc: Autodesk Architectural Desktop 2007 |Company: Autodesk,Inc. |WEB Address: www.autodesk.com
 90
      129
 91
        0
280
     0
281
     0
  0
CLASS
  1
AEC_DISP_REP_OPENING
  2
AecDbDispRepOpening
  3
AecArchBase80|Product Desc: Autodesk Architectural Desktop 2007 |Company: Autodesk,Inc. |WEB Address: www.autodesk.com
 90
      129
 91
        0
280
     0
281
     0
  0
CLASS
  1
AEC_DISP_PROPS_OPENING
  2
AecDbDispPropsOpening
  3
AecArchBase80|Product Desc: Autodesk Architectural Desktop 2007 |Company: Autodesk,Inc. |WEB Address: www.autodesk.com
 90
      129
 91
        0
280
     0
281
     0
  0
CLASS
  1
AEC_DISP_REP_MVBLOCK_REF_RCP
  2
AecDbDispRepMvBlockRefRcp
  3
AecArchBase80|Product Desc: Autodesk Architectural Desktop 2007 |Company: Autodesk,Inc. |WEB Address: www.autodesk.com
 90
      129
 91
        0
280
     0
281
     0
  0
CLASS
  1
AEC_DISP_REP_OPENING_MODEL
  2
AecDbDispRepOpeningModel
  3
AecArchBase80|Product Desc: Autodesk Architectural Desktop 2007 |Company: Autodesk,Inc. |WEB Address: www.autodesk.com
 90
      129
 91
        0
280
     0
281
     0
  0
CLASS
  1
AEC_DISPREPAECDBDISPREPMASSGROUPPLAN50
  2
AecDbDispRepMassGroupPlan50
  3
AecArchBase80|Product Desc: Autodesk Architectural Desktop 2007 |Company: Autodesk,Inc. |WEB Address: www.autodesk.com
 90
      129
 91
        0
280
     0
281
     0
  0
CLASS
  1
AEC_DISP_REP_RAILING_MODEL
  2
AecDbDispRepRailingModel
  3
AecArchBase80|Product Desc: Autodesk Architectural Desktop 2007 |Company: Autodesk,Inc. |WEB Address: www.autodesk.com
 90
      129
 91
        0
280
     0
281
     0
  0
CLASS
  1
AEC_DISP_PROPS_RAILING_MODEL
  2
AecDbDispPropsRailingModel
  3
AecArchBase80|Product Desc: Autodesk Architectural Desktop 2007 |Company: Autodesk,Inc. |WEB Address: www.autodesk.com
 90
      129
 91
        0
280
     0
281
     0
  0
CLASS
  1
AEC_DISP_REP_RAILING_PLAN
  2
AecDbDispRepRailingPlan
  3
AecArchBase80|Product Desc: Autodesk Architectural Desktop 2007 |Company: Autodesk,Inc. |WEB Address: www.autodesk.com
 90
      129
 91
        0
280
     0
281
     0
  0
CLASS
  1
AEC_DISP_PROPS_RAILING_PLAN
  2
AecDbDispPropsRailingPlan
  3
AecArchBase80|Product Desc: Autodesk Architectural Desktop 2007 |Company: Autodesk,Inc. |WEB Address: www.autodesk.com
 90
      129
 91
        0
280
     0
281
     0
  0
CLASS
  1
AEC_DISPREPAECDBDISPREPOPENINGPLANREFLECTED
  2
AecDbDispRepOpeningPlanReflected
  3
AecArchBase80|Product Desc: Autodesk Architectural Desktop 2007 |Company: Autodesk,Inc. |WEB Address: www.autodesk.com
 90
      129
 91
        0
280
     0
281
     0
  0
CLASS
  1
AEC_DISPROPSOPENINGPLANCOMMON
  2
AecDbDispPropsOpeningPlanCommon
  3
AecArchBase80|Product Desc: Autodesk Architectural Desktop 2007 |Company: Autodesk,Inc. |WEB Address: www.autodesk.com
 90
      129
 91
        0
280
     0
281
     0
  0
CLASS
  1
AEC_DISPREPAECDBDISPREPOPENINGSILLPLAN
  2
AecDbDispRepOpeningSillPlan
  3
AecArchBase80|Product Desc: Autodesk Architectural Desktop 2007 |Company: Autodesk,Inc. |WEB Address: www.autodesk.com
 90
      129
 91
        0
280
     0
281
     0
  0
CLASS
  1
AEC_DISPROPSOPENINGSILLPLAN
  2
AecDbDispPropsOpeningSillPlan
  3
AecArchBase80|Product Desc: Autodesk Architectural Desktop 2007 |Company: Autodesk,Inc. |WEB Address: www.autodesk.com
 90
      129
 91
        0
280
     0
281
     0
  0
CLASS
  1
AEC_DISPREPAECDBDISPREPOPENINGPLAN100
  2
AecDbDispRepOpeningPlan100
  3
AecArchBase80|Product Desc: Autodesk Architectural Desktop 2007 |Company: Autodesk,Inc. |WEB Address: www.autodesk.com
 90
      129
 91
        0
280
     0
281
     0
  0
CLASS
  1
AEC_DISPROPSOPENINGPLANCOMMONHATCHED
  2
AecDbDispPropsOpeningPlanCommonHatched
  3
AecArchBase80|Product Desc: Autodesk Architectural Desktop 2007 |Company: Autodesk,Inc. |WEB Address: www.autodesk.com
 90
      129
 91
        0
280
     0
281
     0
  0
CLASS
  1
AEC_DISPREPAECDBDISPREPOPENINGPLAN50
  2
AecDbDispRepOpeningPlan50
  3
AecArchBase80|Product Desc: Autodesk Architectural Desktop 2007 |Company: Autodesk,Inc. |WEB Address: www.autodesk.com
 90
      129
 91
        0
280
     0
281
     0
  0
CLASS
  1
AEC_DISP_REP_RAILING_PLAN_50
  2
AecDbDispRepRailingPlan50
  3
AecArchBase80|Product Desc: Autodesk Architectural Desktop 2007 |Company: Autodesk,Inc. |WEB Address: www.autodesk.com
 90
      129
 91
        0
280
     0
281
     0
  0
CLASS
  1
AEC_DISP_ROPS_RAILING_PLAN_50
  2
AecDbDispPropsRailingPlan50
  3
AecArchBase80|Product Desc: Autodesk Architectural Desktop 2007 |Company: Autodesk,Inc. |WEB Address: www.autodesk.com
 90
      129
 91
        0
280
     0
281
     0
  0
CLASS
  1
AEC_DISP_REP_RAILING_PLAN_100
  2
AecDbDispRepRailingPlan100
  3
AecArchBase80|Product Desc: Autodesk Architectural Desktop 2007 |Company: Autodesk,Inc. |WEB Address: www.autodesk.com
 90
      129
 91
        0
280
     0
281
     0
  0
CLASS
  1
AEC_DISP_ROPS_RAILING_PLAN_100
  2
AecDbDispPropsRailingPlan100
  3
AecArchBase80|Product Desc: Autodesk Architectural Desktop 2007 |Company: Autodesk,Inc. |WEB Address: www.autodesk.com
 90
      129
 91
        0
280
     0
281
     0
  0
CLASS
  1
AEC_DISP_REP_SPACE_MODEL
  2
AecDbDispRepSpaceModel
  3
AecArchBase80|Product Desc: Autodesk Architectural Desktop 2007 |Company: Autodesk,Inc. |WEB Address: www.autodesk.com
 90
      129
 91
        0
280
     0
281
     0
  0
CLASS
  1
AEC_DISP_PROPS_SPACE_MODEL
  2
AecDbDispPropsSpaceModel
  3
AecArchBase80|Product Desc: Autodesk Architectural Desktop 2007 |Company: Autodesk,Inc. |WEB Address: www.autodesk.com
 90
      129
 91
        0
280
     0
281
     0
  0
CLASS
  1
AEC_DISP_REP_SPACE_DECOMPOSED
  2
AecDbDispRepSpaceDecomposed
  3
AecArchBase80|Product Desc: Autodesk Architectural Desktop 2007 |Company: Autodesk,Inc. |WEB Address: www.autodesk.com
 90
      129
 91
        0
280
     0
281
     0
  0
CLASS
  1
AEC_DISP_PROPS_SPACE_DECOMPOSED
  2
AecDbDispPropsSpaceDecomposed
  3
AecArchBase80|Product Desc: Autodesk Architectural Desktop 2007 |Company: Autodesk,Inc. |WEB Address: www.autodesk.com
 90
      129
 91
        0
280
     0
281
     0
  0
CLASS
  1
AEC_DISP_REP_ROOF_MODEL
  2
AecDbDispRepRoofModel
  3
AecArchBase80|Product Desc: Autodesk Architectural Desktop 2007 |Company: Autodesk,Inc. |WEB Address: www.autodesk.com
 90
      129
 91
        0
280
     0
281
     0
  0
CLASS
  1
AEC_DISP_REP_SLAB_MODEL
  2
AecDbDispRepSlabModel
  3
AecArchBase80|Product Desc: Autodesk Architectural Desktop 2007 |Company: Autodesk,Inc. |WEB Address: www.autodesk.com
 90
      129
 91
        0
280
     0
281
     0
  0
CLASS
  1
AEC_DISP_PROPS_SLAB
  2
AecDbDispPropsSlab
  3
AecArchBase80|Product Desc: Autodesk Architectural Desktop 2007 |Company: Autodesk,Inc. |WEB Address: www.autodesk.com
 90
      129
 91
        0
280
     0
281
     0
  0
CLASS
  1
AEC_DISP_REP_ROOF_RCP
  2
AecDbDispRepRoofRcp
  3
AecArchBase80|Product Desc: Autodesk Architectural Desktop 2007 |Company: Autodesk,Inc. |WEB Address: www.autodesk.com
 90
      129
 91
        0
280
     0
281
     0
  0
CLASS
  1
AEC_DISP_REP_ROOFSLAB_MODEL
  2
AecDbDispRepRoofSlabModel
  3
AecArchBase80|Product Desc: Autodesk Architectural Desktop 2007 |Company: Autodesk,Inc. |WEB Address: www.autodesk.com
 90
      129
 91
        0
280
     0
281
     0
  0
CLASS
  1
AEC_DISP_PROPS_ROOFSLAB
  2
AecDbDispPropsRoofSlab
  3
AecArchBase80|Product Desc: Autodesk Architectural Desktop 2007 |Company: Autodesk,Inc. |WEB Address: www.autodesk.com
 90
      129
 91
        0
280
     0
281
     0
  0
CLASS
  1
AEC_DISP_REP_SPACE_VOLUME
  2
AecDbDispRepSpaceVolume
  3
AecArchBase80|Product Desc: Autodesk Architectural Desktop 2007 |Company: Autodesk,Inc. |WEB Address: www.autodesk.com
 90
      129
 91
        0
280
     0
281
     0
  0
CLASS
  1
AEC_DISP_REP_STAIR_PLAN
  2
AecDbDispRepStairPlan
  3
AecArchBase80|Product Desc: Autodesk Architectural Desktop 2007 |Company: Autodesk,Inc. |WEB Address: www.autodesk.com
 90
      129
 91
        0
280
     0
281
     0
  0
CLASS
  1
AEC_DISP_PROPS_STAIR_PLAN
  2
AecDbDispPropsStairPlan
  3
AecArchBase80|Product Desc: Autodesk Architectural Desktop 2007 |Company: Autodesk,Inc. |WEB Address: www.autodesk.com
 90
      129
 91
        0
280
     0
281
     0
  0
CLASS
  1
AEC_DISP_REP_STAIR_PLAN_50
  2
AecDbDispRepStairPlan50
  3
AecArchBase80|Product Desc: Autodesk Architectural Desktop 2007 |Company: Autodesk,Inc. |WEB Address: www.autodesk.com
 90
      129
 91
        0
280
     0
281
     0
  0
CLASS
  1
AEC_DISP_ROPS_STAIR_PLAN_50
  2
AecDbDispPropsStairPlan50
  3
AecArchBase80|Product Desc: Autodesk Architectural Desktop 2007 |Company: Autodesk,Inc. |WEB Address: www.autodesk.com
 90
      129
 91
        0
280
     0
281
     0
  0
CLASS
  1
AEC_DISP_REP_STAIR_RCP
  2
AecDbDispRepStairRcp
  3
AecArchBase80|Product Desc: Autodesk Architectural Desktop 2007 |Company: Autodesk,Inc. |WEB Address: www.autodesk.com
 90
      129
 91
        0
280
     0
281
     0
  0
CLASS
  1
AEC_DISP_REP_STAIR_PLAN_OVERLAPPING
  2
AecDbDispRepStairPlanOverlapping
  3
AecArchBase80|Product Desc: Autodesk Architectural Desktop 2007 |Company: Autodesk,Inc. |WEB Address: www.autodesk.com
 90
      129
 91
        0
280
     0
281
     0
  0
CLASS
  1
AEC_DISP_PROPS_STAIR_PLAN_OVERLAPPING
  2
AecDbDispPropsStairPlanOverlapping
  3
AecArchBase80|Product Desc: Autodesk Architectural Desktop 2007 |Company: Autodesk,Inc. |WEB Address: www.autodesk.com
 90
      129
 91
        0
280
     0
281
     0
  0
CLASS
  1
AEC_DISP_REP_STAIR_PLAN_100
  2
AecDbDispRepStairPlan100
  3
AecArchBase80|Product Desc: Autodesk Architectural Desktop 2007 |Company: Autodesk,Inc. |WEB Address: www.autodesk.com
 90
      129
 91
        0
280
     0
281
     0
  0
CLASS
  1
AEC_DISP_ROPS_STAIR_PLAN_100
  2
AecDbDispPropsStairPlan100
  3
AecArchBase80|Product Desc: Autodesk Architectural Desktop 2007 |Company: Autodesk,Inc. |WEB Address: www.autodesk.com
 90
      129
 91
        0
280
     0
281
     0
  0
CLASS
  1
AEC_DISP_REP_STAIR_MODEL
  2
AecDbDispRepStairModel
  3
AecArchBase80|Product Desc: Autodesk Architectural Desktop 2007 |Company: Autodesk,Inc. |WEB Address: www.autodesk.com
 90
      129
 91
        0
280
     0
281
     0
  0
CLASS
  1
AEC_DISP_PROPS_STAIR_MODEL
  2
AecDbDispPropsStairModel
  3
AecArchBase80|Product Desc: Autodesk Architectural Desktop 2007 |Company: Autodesk,Inc. |WEB Address: www.autodesk.com
 90
      129
 91
        0
280
     0
281
     0
  0
CLASS
  1
AEC_DISP_REP_SPACE_RCP
  2
AecDbDispRepSpaceRcp
  3
AecArchBase80|Product Desc: Autodesk Architectural Desktop 2007 |Company: Autodesk,Inc. |WEB Address: www.autodesk.com
 90
      129
 91
        0
280
     0
281
     0
  0
CLASS
  1
AEC_DISP_REP_WINDOW_MODEL
  2
AecDbDispRepWindowModel
  3
AecArchBase80|Product Desc: Autodesk Architectural Desktop 2007 |Company: Autodesk,Inc. |WEB Address: www.autodesk.com
 90
      129
 91
        0
280
     0
281
     0
  0
CLASS
  1
AEC_DISP_PROPS_WINDOW
  2
AecDbDispPropsWindow
  3
AecArchBase80|Product Desc: Autodesk Architectural Desktop 2007 |Company: Autodesk,Inc. |WEB Address: www.autodesk.com
 90
      129
 91
        0
280
     0
281
     0
  0
CLASS
  1
AEC_DISP_REP_WINDOW_ELEV
  2
AecDbDispRepWindowElev
  3
AecArchBase80|Product Desc: Autodesk Architectural Desktop 2007 |Company: Autodesk,Inc. |WEB Address: www.autodesk.com
 90
      129
 91
        0
280
     0
281
     0
  0
CLASS
  1
AEC_DISP_REP_WALL_SCHEM
  2
AecDbDispRepWallSchem
  3
AecArchBase80|Product Desc: Autodesk Architectural Desktop 2007 |Company: Autodesk,Inc. |WEB Address: www.autodesk.com
 90
      129
 91
        0
280
     0
281
     0
  0
CLASS
  1
AEC_DISP_PROPS_WALL_SCHEM
  2
AecDbDispPropsWallSchem
  3
AecArchBase80|Product Desc: Autodesk Architectural Desktop 2007 |Company: Autodesk,Inc. |WEB Address: www.autodesk.com
 90
      129
 91
        0
280
     0
281
     0
  0
CLASS
  1
AEC_DISP_REP_WINDOW_ASSEMBLY_MODEL
  2
AecDbDispRepWindowAssemblyModel
  3
AecArchBase80|Product Desc: Autodesk Architectural Desktop 2007 |Company: Autodesk,Inc. |WEB Address: www.autodesk.com
 90
      129
 91
        0
280
     0
281
     0
  0
CLASS
  1
AEC_DISP_REP_WALL_MODEL
  2
AecDbDispRepWallModel
  3
AecArchBase80|Product Desc: Autodesk Architectural Desktop 2007 |Company: Autodesk,Inc. |WEB Address: www.autodesk.com
 90
      129
 91
        0
280
     0
281
     0
  0
CLASS
  1
AEC_DISP_PROPS_WALL_MODEL
  2
AecDbDispPropsWallModel
  3
AecArchBase80|Product Desc: Autodesk Architectural Desktop 2007 |Company: Autodesk,Inc. |WEB Address: www.autodesk.com
 90
      129
 91
        0
280
     0
281
     0
  0
CLASS
  1
AEC_DISP_REP_WALL_RCP
  2
AecDbDispRepWallRcp
  3
AecArchBase80|Product Desc: Autodesk Architectural Desktop 2007 |Company: Autodesk,Inc. |WEB Address: www.autodesk.com
 90
      129
 91
        0
280
     0
281
     0
  0
CLASS
  1
AEC_DISP_REP_WINDOWASSEMBLY_SILL_PLAN
  2
AecDbDispRepWindowAssemblySillPlan
  3
AecArchBase80|Product Desc: Autodesk Architectural Desktop 2007 |Company: Autodesk,Inc. |WEB Address: www.autodesk.com
 90
      129
 91
        0
280
     0
281
     0
  0
CLASS
  1
AEC_DISP_PROPS_WINDOW_ASSEMBLY_SILL_PLAN
  2
AecDbDispPropsWindowAssemblySillPlan
  3
AecArchBase80|Product Desc: Autodesk Architectural Desktop 2007 |Company: Autodesk,Inc. |WEB Address: www.autodesk.com
 90
      129
 91
        0
280
     0
281
     0
  0
CLASS
  1
AEC_DISP_REP_WALL_GRAPH
  2
AecDbDispRepWallGraph
  3
AecArchBase80|Product Desc: Autodesk Architectural Desktop 2007 |Company: Autodesk,Inc. |WEB Address: www.autodesk.com
 90
      129
 91
        0
280
     0
281
     0
  0
CLASS
  1
AEC_DISP_PROPS_WALL_GRAPH
  2
AecDbDispPropsWallGraph
  3
AecArchBase80|Product Desc: Autodesk Architectural Desktop 2007 |Company: Autodesk,Inc. |WEB Address: www.autodesk.com
 90
      129
 91
        0
280
     0
281
     0
  0
CLASS
  1
AEC_DISP_REP_WINDOW_RCP
  2
AecDbDispRepWindowRcp
  3
AecArchBase80|Product Desc: Autodesk Architectural Desktop 2007 |Company: Autodesk,Inc. |WEB Address: www.autodesk.com
 90
      129
 91
        0
280
     0
281
     0
  0
CLASS
  1
AEC_DISP_REP_WINDOW_PLAN_50
  2
AecDbDispRepWindowPlan50
  3
AecArchBase80|Product Desc: Autodesk Architectural Desktop 2007 |Company: Autodesk,Inc. |WEB Address: www.autodesk.com
 90
      129
 91
        0
280
     0
281
     0
  0
CLASS
  1
AEC_DISP_PROPS_WINDOW_PLAN_50
  2
AecDbDispPropsWindowPlan50
  3
AecArchBase80|Product Desc: Autodesk Architectural Desktop 2007 |Company: Autodesk,Inc. |WEB Address: www.autodesk.com
 90
      129
 91
        0
280
     0
281
     0
  0
CLASS
  1
AEC_DISP_REP_WINDOW_SILL_PLAN
  2
AecDbDispRepWindowSillPlan
  3
AecArchBase80|Product Desc: Autodesk Architectural Desktop 2007 |Company: Autodesk,Inc. |WEB Address: www.autodesk.com
 90
      129
 91
        0
280
     0
281
     0
  0
CLASS
  1
AEC_DISP_PROPS_WINDOW_SILL_PLAN
  2
AecDbDispPropsWindowSillPlan
  3
AecArchBase80|Product Desc: Autodesk Architectural Desktop 2007 |Company: Autodesk,Inc. |WEB Address: www.autodesk.com
 90
      129
 91
        0
280
     0
281
     0
  0
CLASS
  1
AEC_DISP_REP_WINDOW_NOMINAL
  2
AecDbDispRepWindowNominal
  3
AecArchBase80|Product Desc: Autodesk Architectural Desktop 2007 |Company: Autodesk,Inc. |WEB Address: www.autodesk.com
 90
      129
 91
        0
280
     0
281
     0
  0
CLASS
  1
AEC_DISP_PROPS_WINDOW_NOMINAL
  2
AecDbDispPropsWindowNominal
  3
AecArchBase80|Product Desc: Autodesk Architectural Desktop 2007 |Company: Autodesk,Inc. |WEB Address: www.autodesk.com
 90
      129
 91
        0
280
     0
281
     0
  0
CLASS
  1
AEC_DISP_REP_WINDOW_PLAN
  2
AecDbDispRepWindowPlan
  3
AecArchBase80|Product Desc: Autodesk Architectural Desktop 2007 |Company: Autodesk,Inc. |WEB Address: www.autodesk.com
 90
      129
 91
        0
280
     0
281
     0
  0
CLASS
  1
AEC_DISP_REP_WINDOW_PLAN_100
  2
AecDbDispRepWindowPlan100
  3
AecArchBase80|Product Desc: Autodesk Architectural Desktop 2007 |Company: Autodesk,Inc. |WEB Address: www.autodesk.com
 90
      129
 91
        0
280
     0
281
     0
  0
CLASS
  1
AEC_DISP_PROPS_WINDOW_PLAN_100
  2
AecDbDispPropsWindowPlan100
  3
AecArchBase80|Product Desc: Autodesk Architectural Desktop 2007 |Company: Autodesk,Inc. |WEB Address: www.autodesk.com
 90
      129
 91
        0
280
     0
281
     0
  0
CLASS
  1
AECS_DISP_REP_MEMBER_ELEVATION_DESIGN
  2
AecsDbDispRepMemberElevationDesign
  3
AecArchBase80|Product Desc: Autodesk Architectural Desktop 2007 |Company: Autodesk,Inc. |WEB Address: www.autodesk.com
 90
      129
 91
        0
280
     0
281
     0
  0
CLASS
  1
AECS_DISP_PROPS_MEMBER_PROJECTED
  2
AecsDbDispPropsMemberProjected
  3
AecArchBase80|Product Desc: Autodesk Architectural Desktop 2007 |Company: Autodesk,Inc. |WEB Address: www.autodesk.com
 90
      129
 91
        0
280
     0
281
     0
  0
CLASS
  1
AECS_DISP_REP_MEMBER_MODEL_DESIGN
  2
AecsDbDispRepMemberModelDesign
  3
AecArchBase80|Product Desc: Autodesk Architectural Desktop 2007 |Company: Autodesk,Inc. |WEB Address: www.autodesk.com
 90
      129
 91
        0
280
     0
281
     0
  0
CLASS
  1
AECS_DISP_PROPS_MEMBER
  2
AecsDbDispPropsMember
  3
AecArchBase80|Product Desc: Autodesk Architectural Desktop 2007 |Company: Autodesk,Inc. |WEB Address: www.autodesk.com
 90
      129
 91
        0
280
     0
281
     0
  0
CLASS
  1
AECS_DISP_REP_MEMBER_ELEVATION_DETAIL
  2
AecsDbDispRepMemberElevationDetail
  3
AecArchBase80|Product Desc: Autodesk Architectural Desktop 2007 |Company: Autodesk,Inc. |WEB Address: www.autodesk.com
 90
      129
 91
        0
280
     0
281
     0
  0
CLASS
  1
AECS_DISP_REP_MEMBER_MODEL_DETAIL
  2
AecsDbDispRepMemberModelDetail
  3
AecArchBase80|Product Desc: Autodesk Architectural Desktop 2007 |Company: Autodesk,Inc. |WEB Address: www.autodesk.com
 90
      129
 91
        0
280
     0
281
     0
  0
CLASS
  1
AECS_DISP_REP_MEMBER_LOGICAL
  2
AecsDbDispRepMemberLogical
  3
AecArchBase80|Product Desc: Autodesk Architectural Desktop 2007 |Company: Autodesk,Inc. |WEB Address: www.autodesk.com
 90
      129
 91
        0
280
     0
281
     0
  0
CLASS
  1
AECS_DISP_PROPS_MEMBER_LOGICAL
  2
AecsDbDispPropsMemberLogical
  3
AecArchBase80|Product Desc: Autodesk Architectural Desktop 2007 |Company: Autodesk,Inc. |WEB Address: www.autodesk.com
 90
      129
 91
        0
280
     0
281
     0
  0
CLASS
  1
AECS_DISP_REP_MEMBER_PLAN_DESIGN
  2
AecsDbDispRepMemberPlanDesign
  3
AecArchBase80|Product Desc: Autodesk Architectural Desktop 2007 |Company: Autodesk,Inc. |WEB Address: www.autodesk.com
 90
      129
 91
        0
280
     0
281
     0
  0
CLASS
  1
AECS_DISP_PROPS_MEMBER_PLAN
  2
AecsDbDispPropsMemberPlan
  3
AecArchBase80|Product Desc: Autodesk Architectural Desktop 2007 |Company: Autodesk,Inc. |WEB Address: www.autodesk.com
 90
      129
 91
        0
280
     0
281
     0
  0
CLASS
  1
AECS_DISP_REP_MEMBER_PLAN_DETAIL
  2
AecsDbDispRepMemberPlanDetail
  3
AecArchBase80|Product Desc: Autodesk Architectural Desktop 2007 |Company: Autodesk,Inc. |WEB Address: www.autodesk.com
 90
      129
 91
        0
280
     0
281
     0
  0
CLASS
  1
AECS_DISP_REP_MEMBER_PLAN_SKETCH
  2
AecsDbDispRepMemberPlanSketch
  3
AecArchBase80|Product Desc: Autodesk Architectural Desktop 2007 |Company: Autodesk,Inc. |WEB Address: www.autodesk.com
 90
      129
 91
        0
280
     0
281
     0
  0
CLASS
  1
AECS_DISP_PROPS_MEMBER_PLAN_SKETCH
  2
AecsDbDispPropsMemberPlanSketch
  3
AecArchBase80|Product Desc: Autodesk Architectural Desktop 2007 |Company: Autodesk,Inc. |WEB Address: www.autodesk.com
 90
      129
 91
        0
280
     0
281
     0
  0
CLASS
  1
AEC_DISP_REP_SCHEDULE_TABLE
  2
AecDbDispRepScheduleTable
  3
AecSchedule80|Product Desc: Autodesk Architectural Desktop 2007 |Company: Autodesk,Inc. |WEB Address: www.autodesk.com
 90
      129
 91
        0
280
     0
281
     0
  0
CLASS
  1
AEC_DISP_PROPS_SCHEDULE_TABLE
  2
AecDbDispPropsScheduleTable
  3
AecSchedule80|Product Desc: Autodesk Architectural Desktop 2007 |Company: Autodesk,Inc. |WEB Address: www.autodesk.com
 90
      129
 91
        0
280
     0
281
     0
  0
CLASS
  1
AEC_DISP_REP_SET
  2
AecDbDispRepSet
  3
AecBase80|Product Desc: Autodesk Architectural Desktop 2007 |Company: Autodesk,Inc. |WEB Address: www.autodesk.com
 90
      129
 91
        0
280
     0
281
     0
  0
CLASS
  1
AEC_DISP_REP_CONFIG
  2
AecDbDispRepConfig
  3
AecBase80|Product Desc: Autodesk Architectural Desktop 2007 |Company: Autodesk,Inc. |WEB Address: www.autodesk.com
 90
      129
 91
        0
280
     0
281
     0
  0
CLASS
  1
BASEPOINTPARAMETERENTITY
  2
AcDbBlockBasepointParameterEntity
  3
ObjectDBX Classes
 90
     1025
 91
        0
280
     0
281
     1
  0
CLASS
  1
BLOCKARRAYACTION
  2
AcDbBlockArrayAction
  3
ObjectDBX Classes
 90
     1153
 91
        0
280
     0
281
     0
  0
CLASS
  1
BLOCKHORIZONTALCONSTRAINTPARAMETER
  2
AcDbBlockHorizontalConstraintParameter
  3
ObjectDBX Classes
 90
     1153
 91
        0
280
     0
281
     0
  0
CLASS
  1
BLOCKPARAMDEPENDENCYBODY
  2
AcDbBlockParameterDependencyBody
  3
ObjectDBX Classes
 90
        1
 91
        0
280
     0
281
     0
  0
CLASS
  1
HORIZONTALCONSTRAINTPARAMETERENTITY
  2
AcDbBlockHorizontalConstraintParameterEntity
  3
ObjectDBX Classes
 90
     1025
 91
        0
280
     0
281
     1
  0
CLASS
  1
BLOCKXYPARAMETER
  2
AcDbBlockXYParameter
  3
ObjectDBX Classes
 90
     1153
 91
        0
280
     0
281
     0
  0
CLASS
  1
XYPARAMETERENTITY
  2
AcDbBlockXYParameterEntity
  3
ObjectDBX Classes
 90
     1025
 91
        0
280
     0
281
     1
  0
CLASS
  1
ARRAYACTIONENTITY
  2
AcDbBlockArrayActionEntity
  3
ObjectDBX Classes
 90
     1025
 91
        0
280
     0
281
     1
  0
CLASS
  1
BLOCKVERTICALCONSTRAINTPARAMETER
  2
AcDbBlockVerticalConstraintParameter
  3
ObjectDBX Classes
 90
     1153
 91
        0
280
     0
281
     0
  0
CLASS
  1
VERTICALCONSTRAINTPARAMETERENTITY
  2
AcDbBlockVerticalConstraintParameterEntity
  3
ObjectDBX Classes
 90
     1025
 91
        0
280
     0
281
     1
  0
ENDSEC
  0
SECTION
  2
TABLES
  0
TABLE
  2
VPORT
  5
2F
102
{ACAD_XDICTIONARY
360
34
102
}
330
0
100
AcDbSymbolTable
 70
     1
1001
ACAD
1000
DbSaveVer
1071
      298
  0
VPORT
  5
30
330
2F
100
AcDbSymbolTableRecord
100
AcDbViewportTableRecord
  2
*Active
 70
     0
 10
0.0
 20
0.0
 11
1.0
 21
1.0
 12
1164.288716043373
 22
14.68743958255118
 13
0.0
 23
0.0
 14
0.5
 24
0.5
 15
0.5
 25
0.5
 16
0.0
 26
0.0
 36
32.30344188244375
 17
-932.31220324377
 27
-154.2384567636553
 37
0.0
 40
18.18911504786683
 41
2.466145833333333
 42
50.0
 43
0.0
 44
0.0
 50
0.0
 51
0.0
 71
     0
 72
  1000
 73
     1
 74
     2
 75
     0
 76
     0
 77
     0
 78
     0
281
     0
 65
     1
110
0.0
120
0.0
130
0.0
111
1.0
121
0.0
131
0.0
112
0.0
122
1.0
132
0.0
 79
     0
146
0.0
348
31
 60
     2
 61
     5
292
     1
282
     1
141
0.0
142
0.0
 63
   250
421
  3355443
1001
ACAD_NAV_VCDISPLAY
1070
     1
  0
ENDTAB
  0
TABLE
  2
LTYPE
  5
2A
330
0
100
AcDbSymbolTable
 70
     1
  0
LTYPE
  5
2B
330
2A
100
AcDbSymbolTableRecord
100
AcDbLinetypeTableRecord
  2
ByBlock
 70
     0
  3

 72
    65
 73
     0
 40
0.0
  0
LTYPE
  5
2C
330
2A
100
AcDbSymbolTableRecord
100
AcDbLinetypeTableRecord
  2
ByLayer
 70
     0
  3

 72
    65
 73
     0
 40
0.0
  0
LTYPE
  5
15
330
2A
100
AcDbSymbolTableRecord
100
AcDbLinetypeTableRecord
  2
Continuous
 70
     0
  3
Solid line
 72
    65
 73
     0
 40
0.0
  0
ENDTAB
  0
TABLE
  2
LAYER
  5
24
102
{ACAD_XDICTIONARY
360
25
102
}
330
0
100
AcDbSymbolTable
 70
     1
  0
LAYER
  5
7
102
{ACAD_XDICTIONARY
360
8
102
}
330
24
100
AcDbSymbolTableRecord
100
AcDbLayerTableRecord
  2
0
 70
     0
 62
     7
  6
Continuous
370
    -3
390
9
347
C
348
0
  0
ENDTAB
  0
TABLE
  2
STYLE
  5
27
330
0
100
AcDbSymbolTable
 70
     3
  0
STYLE
  5
28
330
27
100
AcDbSymbolTableRecord
100
AcDbTextStyleTableRecord
  2
Standard
 70
     0
 40
0.0
 41
1.0
 50
0.0
 71
     0
 42
4.0
  3
arial.ttf
  4

1001
ACAD
1000
Arial
1071
       34
  0
STYLE
  5
55
330
27
100
AcDbSymbolTableRecord
100
AcDbTextStyleTableRecord
  2
Z-Border Text 2
 70
     0
 40
0.0
 41
1.0
 50
0.0
 71
     0
 42
0.0439
  3
calibri.ttf
  4

1001
ACAD
1000
Calibri
1071
       34
  0
STYLE
  5
38
330
27
100
AcDbSymbolTableRecord
100
AcDbTextStyleTableRecord
  2
1_Dims-Notes_0.09
 70
     0
 40
0.09375
 41
1.0
 50
0.0
 71
     0
 42
0.09375
  3
calibri.ttf
  4

1001
AcadAnnotative
1000
AnnotativeData
1002
{
1070
     1
1070
     1
1002
}
1001
ACAD
1000
Calibri
1071
       34
  0
ENDTAB
  0
TABLE
  2
VIEW
  5
2D
330
0
100
AcDbSymbolTable
 70
     0
  0
ENDTAB
  0
TABLE
  2
UCS
  5
2E
330
0
100
AcDbSymbolTable
 70
     0
  0
ENDTAB
  0
TABLE
  2
APPID
  5
35
330
0
100
AcDbSymbolTable
 70
     9
  0
APPID
  5
14
330
35
100
AcDbSymbolTableRecord
100
AcDbRegAppTableRecord
  2
ACAD
 70
     0
  0
APPID
  5
39
330
35
100
AcDbSymbolTableRecord
100
AcDbRegAppTableRecord
  2
AcadAnnotative
 70
     0
  0
APPID
  5
3B
330
35
100
AcDbSymbolTableRecord
100
AcDbRegAppTableRecord
  2
ACAD_DSTYLE_DIMJAG
 70
     0
  0
APPID
  5
3C
330
35
100
AcDbSymbolTableRecord
100
AcDbRegAppTableRecord
  2
ACAD_DSTYLE_DIMTALN
 70
     0
  0
APPID
  5
1A
330
35
100
AcDbSymbolTableRecord
100
AcDbRegAppTableRecord
  2
ACAD_PSEXT
 70
     0
  0
APPID
  5
3A
330
35
100
AcDbSymbolTableRecord
100
AcDbRegAppTableRecord
  2
ACAD_DSTYLE_DIMBREAK
 70
     0
  0
APPID
  5
33
330
35
100
AcDbSymbolTableRecord
100
AcDbRegAppTableRecord
  2
ACAD_NAV_VCDISPLAY
 70
     0
  0
APPID
  5
22
330
35
100
AcDbSymbolTableRecord
100
AcDbRegAppTableRecord
  2
AcadAnnoAV
 70
     0
  0
APPID
  5
23
330
35
100
AcDbSymbolTableRecord
100
AcDbRegAppTableRecord
  2
PLOTTRANSPARENCY
 70
     0
  0
ENDTAB
  0
TABLE
  2
DIMSTYLE
  5
36
330
0
100
AcDbSymbolTable
 70
     5
100
AcDbDimStyleTable
 71
     5
340
37
340
3D
340
3E
340
3F
340
40
  0
DIMSTYLE
105
3F
330
36
100
AcDbSymbolTableRecord
100
AcDbDimStyleTableRecord
  2
AM_ANSI
 70
     0
  4
mm
 41
0.1
 42
0.05
 43
0.5
 44
0.1
 47
0.1
 48
0.1
 78
     7
 79
     2
 90
        1
140
0.12
141
0.0
146
0.71
147
0.06
176
   256
177
   256
178
     2
274
     4
284
     7
340
28
371
    -1
372
    -1
  0
DIMSTYLE
105
37
330
36
100
AcDbSymbolTableRecord
100
AcDbDimStyleTableRecord
  2
1-Mech. Dimensions - 0.09
 70
     0
 41
0.1
 42
0.045
 43
0.09995
 44
0.06
 77
     1
140
0.09375
141
0.0
143
1.0
147
0.02
171
     4
172
     1
176
   256
177
   256
178
   140
179
     1
271
     3
272
     3
273
     6
274
     4
340
38
345
15
346
15
347
15
371
    15
372
    15
1001
ACAD_DSTYLE_DIMBREAK
1070
   391
1040
0.125
1001
AcadAnnotative
1000
AnnotativeData
1002
{
1070
     1
1070
     1
1002
}
1001
ACAD_DSTYLE_DIMJAG
1070
   388
1040
3.0
1001
ACAD_DSTYLE_DIMTALN
1070
   392
1070
     0
  0
DIMSTYLE
105
40
330
36
100
AcDbSymbolTableRecord
100
AcDbDimStyleTableRecord
  2
Standard
 70
     0
340
28
  0
DIMSTYLE
105
3E
330
36
100
AcDbSymbolTableRecord
100
AcDbDimStyleTableRecord
  2
2-Arch. Dimensions - 0.09
 70
     0
 41
0.1
 42
0.045
 43
0.09995
 44
0.06
 73
     0
 74
     0
 77
     1
 78
     3
140
0.09375
141
0.0
143
1.0
146
0.65625
147
0.02
171
     4
172
     1
176
   256
177
   256
178
   140
179
     1
271
     5
272
     5
273
     6
274
     4
277
     4
340
38
345
15
346
15
347
15
371
    15
372
    15
1001
AcadAnnotative
1000
AnnotativeData
1002
{
1070
     1
1070
     1
1002
}
1001
ACAD_DSTYLE_DIMBREAK
1070
   391
1040
0.125
1001
ACAD_DSTYLE_DIMJAG
1070
   388
1040
3.0
1001
ACAD_DSTYLE_DIMTALN
1070
   392
1070
     0
  0
DIMSTYLE
105
3D
330
36
100
AcDbSymbolTableRecord
100
AcDbDimStyleTableRecord
  2
3-Dual Dimensions - 0.09
 70
     0
 41
0.1
 42
0.045
 43
0.09995
 44
0.06
 73
     0
 74
     0
 77
     1
140
0.125
141
0.0
143
1.0
147
0.02
170
     1
171
     4
172
     1
176
   256
177
   256
178
   140
179
     1
271
     3
272
     3
273
     6
274
     4
340
38
345
15
346
15
347
15
371
    15
372
    15
1001
AcadAnnotative
1000
AnnotativeData
1002
{
1070
     1
1070
     1
1002
}
1001
ACAD_DSTYLE_DIMBREAK
1070
   391
1040
0.125
1001
ACAD_DSTYLE_DIMJAG
1070
   388
1040
3.0
1001
ACAD_DSTYLE_DIMTALN
1070
   392
1070
     0
  0
ENDTAB
  0
TABLE
  2
BLOCK_RECORD
  5
1
330
0
100
AcDbSymbolTable
 70
     0
  0
BLOCK_RECORD
  5
2
102
{ACAD_XDICTIONARY
360
3
102
}
330
1
100
AcDbSymbolTableRecord
100
AcDbBlockTableRecord
  2
*Model_Space
340
17
 70
     0
280
     1
281
     0
  0
BLOCK_RECORD
  5
1B
102
{ACAD_XDICTIONARY
360
1C
102
}
330
1
100
AcDbSymbolTableRecord
100
AcDbBlockTableRecord
  2
*Paper_Space
340
20
 70
     0
280
     1
281
     0
  0
ENDTAB
  0
ENDSEC
  0
SECTION
  2
BLOCKS
  0
BLOCK
  5
6
330
2
100
AcDbEntity
  8
0
100
AcDbBlockBegin
  2
*Model_Space
 70
     0
 10
0.0
 20
0.0
 30
0.0
  3
*Model_Space
  1

  0
ENDBLK
  5
16
330
2
100
AcDbEntity
  8
0
100
AcDbBlockEnd
  0
BLOCK
  5
1E
330
1B
100
AcDbEntity
 67
     1
  8
0
100
AcDbBlockBegin
  2
*Paper_Space
 70
     0
 10
0.0
 20
0.0
 30
0.0
  3
*Paper_Space
  1

  0
ENDBLK
  5
1F
330
1B
100
AcDbEntity
 67
     1
  8
0
100
AcDbBlockEnd
  0
ENDSEC
  0
SECTION
  2
ENTITIES
  0
LWPOLYLINE
  5
77
330
2
100
AcDbEntity
  8
0
 62
   139
100
AcDbPolyline
 90
        8
 70
     1
 43
0.0
 10
252.7445062361908
 20
-140.0492499727943
 10
252.7347519491655
 20
-140.0687585468451
 10
252.7432869503132
 20
-140.0870478350179
 10
252.7701112396349
 20
-140.0931442644089
 10
252.7957162430771
 20
-140.0870478350179
 10
252.804251244223
 20
-140.0675392609668
 10
252.7957162430771
 20
-140.0480306869161
 10
252.7701112396349
 20
-140.0419342575254
  0
LWPOLYLINE
  5
78
330
2
100
AcDbEntity
  8
0
 62
   139
100
AcDbPolyline
 90
       29
 70
     1
 43
0.0
 10
252.8091283877352
 20
-139.8456292311387
 10
252.8225405323969
 20
-139.8687956628242
 10
252.8103476736128
 20
-139.8956199521439
 10
252.8030319583445
 20
-139.9041549532912
 10
252.7737690972676
 20
-139.9321985284893
 10
252.765234096119
 20
-139.9407335296365
 10
252.7481640938263
 20
-139.9675578189563
 10
252.7481640938263
 20
-140.0114521105707
 10
252.7932776713192
 20
-140.0114521105707
 10
252.8018126724678
 20
-139.9895049647635
 10
252.8274176759091
 20
-139.9529263884182
 10
252.8542419652281
 20
-139.9200056697075
 10
252.8700926816459
 20
-139.8980585239004
 10
252.8725312533993
 20
-139.8919620945094
 10
252.87862768279
 20
-139.8541642322859
 10
252.8737505392769
 20
-139.8322170864788
 10
252.8530226793496
 20
-139.8029542254025
 10
252.8505841075944
 20
-139.8005156536462
 10
252.8213212465185
 20
-139.785884223108
 10
252.7823040984154
 20
-139.7810070795953
 10
252.7591376667292
 20
-139.7846649372299
 10
252.7274362338971
 20
-139.7980770818898
 10
252.6981733728221
 20
-139.8224627994534
 10
252.6981733728221
 20
-139.8870849509969
 10
252.706708373968
 20
-139.8773306639712
 10
252.7310940915318
 20
-139.8517256605296
 10
252.7384098068001
 20
-139.8456292311387
 10
252.7725498113901
 20
-139.8370942299913
 10
252.7762076690255
 20
-139.8370942299913
  0
LWPOLYLINE
  5
79
330
2
100
AcDbEntity
  8
0
 62
   139
100
AcDbPolyline
 90
        7
 70
     1
 43
0.0
 10
251.9946454211154
 20
-139.9126899544386
 10
251.9946454211154
 20
-139.9614613895655
 10
252.1885118757432
 20
-140.0602235456979
 10
252.1885118757432
 20
-140.0029171094239
 10
252.0556097150225
 20
-139.937075672002
 10
252.1885118757432
 20
-139.8712342345803
 10
252.1885118757432
 20
-139.8127085124281
  0
LWPOLYLINE
  5
7A
330
2
100
AcDbEntity
  8
0
 62
   139
100
AcDbPolyline
 90
        7
 70
     1
 43
0.0
 10
252.3445804681492
 20
-139.8700149487024
 10
252.4762633429914
 20
-139.937075672002
 10
252.3433611822716
 20
-140.0029171094239
 10
252.3433611822716
 20
-140.0602235456979
 10
252.5384469227806
 20
-139.9614613895655
 10
252.5384469227806
 20
-139.9126899544386
 10
252.3433611822716
 20
-139.8127085124281
  0
LWPOLYLINE
  5
7B
330
2
100
AcDbEntity
  8
0
 62
   139
100
AcDbPolyline
 90
        5
 70
     1
 43
0.0
 10
251.7739546771641
 20
-139.7736913643264
 10
251.7739546771641
 20
-139.7736913643264
 10
251.5886232236785
 20
-140.1248456972414
 10
251.6300789435368
 20
-140.1455735571704
 10
251.8154103970223
 20
-139.7931999383771
  0
LWPOLYLINE
  5
7C
330
2
100
AcDbEntity
  8
0
 62
   139
100
AcDbPolyline
 90
       16
 70
     1
 43
0.0
 10
251.4557210629596
 20
-140.0675392609668
 10
251.4557210629596
 20
-140.0675392609668
 10
251.447186061811
 20
-140.0480306869161
 10
251.447186061811
 20
-140.0480306869161
 10
251.4215810583714
 20
-140.0419342575254
 10
251.4215810583714
 20
-140.0419342575254
 10
251.3959760549265
 20
-140.0492499727943
 10
251.3959760549265
 20
-140.0492499727943
 10
251.3874410537787
 20
-140.0687585468451
 10
251.3874410537787
 20
-140.0687585468451
 10
251.3959760549265
 20
-140.0870478350179
 10
251.3959760549265
 20
-140.0870478350179
 10
251.4215810583714
 20
-140.0931442644089
 10
251.4215810583714
 20
-140.0931442644089
 10
251.447186061811
 20
-140.0870478350179
 10
251.447186061811
 20
-140.0870478350179
  0
LWPOLYLINE
  5
7D
330
2
100
AcDbEntity
  8
0
 62
   139
100
AcDbPolyline
 90
       10
 70
     1
 43
0.0
 10
251.1643117380732
 20
-140.0394956857688
 10
251.1643117380732
 20
-140.0419342575254
 10
251.1643117380732
 20
-140.0858285491395
 10
251.1618731663189
 20
-140.1138721243379
 10
251.1533381651702
 20
-140.1480121289266
 10
251.1960131709079
 20
-140.1480121289266
 10
251.2045481720538
 20
-140.129722840754
 10
251.2143024590791
 20
-140.0980214079213
 10
251.2167410308371
 20
-140.0785128338703
 10
251.2191796025913
 20
-140.0394956857688
  0
LWPOLYLINE
  5
7E
330
2
100
AcDbEntity
  8
0
 62
   139
100
AcDbPolyline
 90
       26
 70
     1
 43
0.0
 10
250.6826938161935
 20
-139.7736913643264
 10
250.6741588150467
 20
-139.7871035089864
 10
250.6570888127521
 20
-139.8175856559406
 10
250.6448959539716
 20
-139.8529449464077
 10
250.6387995245809
 20
-139.8785499498494
 10
250.6327030951902
 20
-139.9139092403169
 10
250.6314838093108
 20
-139.9517071025401
 10
250.6327030951902
 20
-139.9821892494949
 10
250.6351416669436
 20
-140.0187678258399
 10
250.6412380963361
 20
-140.0541271163069
 10
250.6485538116071
 20
-140.0821706915051
 10
250.6631852421429
 20
-140.1138721243379
 10
250.6826938161935
 20
-140.1455735571704
 10
250.7351231089574
 20
-140.1455735571704
 10
250.7192723925423
 20
-140.1150914102158
 10
250.7058602478787
 20
-140.0809514056269
 10
250.6973252467337
 20
-140.0492499727943
 10
250.6936673890964
 20
-140.0285221128654
 10
250.6912288173421
 20
-139.9931628223983
 10
250.6900095314618
 20
-139.9553649601746
 10
250.6900095314618
 20
-139.9321985284893
 10
250.6936673890964
 20
-139.8956199521439
 10
250.699763818488
 20
-139.861479947555
 10
250.7046409620002
 20
-139.840752087626
 10
250.7168338207835
 20
-139.8066120830372
 10
250.7339038230771
 20
-139.7736913643264
  0
LWPOLYLINE
  5
7F
330
2
100
AcDbEntity
  8
0
 62
   139
100
AcDbPolyline
 90
       29
 70
     1
 43
0.0
 10
250.8924109872428
 20
-139.7749106502044
 10
250.8960688448765
 20
-139.7822263654735
 10
250.9143581330477
 20
-139.8200242276969
 10
250.9265509918282
 20
-139.8529449464077
 10
250.9326474212198
 20
-139.8809885216058
 10
250.9338667070974
 20
-139.8907428086314
 10
250.937524564732
 20
-139.9261020990984
 10
250.9387438506114
 20
-139.9626806754439
 10
250.9387438506114
 20
-139.9687771048346
 10
250.9363052788581
 20
-140.0065749670581
 10
250.9326474212198
 20
-140.040714971647
 10
250.9326474212198
 20
-140.0431535434033
 10
250.9253317059506
 20
-140.0699778327234
 10
250.9119195612907
 20
-140.1041178373124
 10
250.8936302731195
 20
-140.1455735571704
 10
250.9460595658798
 20
-140.1455735571704
 10
250.953375281148
 20
-140.1345999842667
 10
250.9704452834417
 20
-140.1053371231904
 10
250.9838574281052
 20
-140.0687585468451
 10
250.9838574281052
 20
-140.0651006892105
 10
250.9911731433708
 20
-140.0321799704997
 10
250.9948310010082
 20
-139.9968206800327
 10
250.9948310010082
 20
-139.957803531931
 10
250.9936117151287
 20
-139.9187863838294
 10
250.9887345716184
 20
-139.882207807484
 10
250.9826381422276
 20
-139.8517256605296
 10
250.9789802845921
 20
-139.8383135158699
 10
250.9643488540537
 20
-139.8053927971588
 10
250.9448402800031
 20
-139.7736913643264
  0
LWPOLYLINE
  5
80
330
2
100
AcDbEntity
  8
0
 62
   139
100
AcDbPolyline
 90
       15
 70
     1
 43
0.0
 10
250.3339780550364
 20
-139.8663570910679
 10
250.3083730515959
 20
-139.8992778097783
 10
250.3412937703056
 20
-139.9212249555856
 10
250.3644602019908
 20
-139.8834270933624
 10
250.3864073477976
 20
-139.9200056697075
 10
250.4181087806305
 20
-139.8931813803876
 10
250.3912844913107
 20
-139.8626992334331
 10
250.4315209252886
 20
-139.8517256605296
 10
250.4168894947529
 20
-139.8139277983061
 10
250.3790916325274
 20
-139.8309978006005
 10
250.3815302042844
 20
-139.7871035089864
 10
250.3425130561823
 20
-139.7871035089864
 10
250.3437323420599
 20
-139.8334363723568
 10
250.301057336324
 20
-139.8175856559406
 10
250.2913030492987
 20
-139.8566028040422
  0
LWPOLYLINE
  5
81
330
2
100
AcDbEntity
  8
0
 62
   139
100
AcDbPolyline
 90
       14
 70
     1
 43
0.0
 10
249.9755080068512
 20
-139.8517256605296
 10
249.9755080068512
 20
-139.8651378051895
 10
250.0059901538057
 20
-139.8956199521439
 10
250.0181830125889
 20
-139.882207807484
 10
250.0279372996151
 20
-139.8480678028951
 10
250.0242794419796
 20
-139.8261206570879
 10
250.0059901538057
 20
-139.7980770818898
 10
249.9950165808991
 20
-139.7907613666209
 10
249.9620958621922
 20
-139.7810070795953
 10
249.9303944293583
 20
-139.7810070795953
 10
249.9011315682833
 20
-139.7907613666209
 10
249.9413680022631
 20
-139.8309978006005
 10
249.9523415751687
 20
-139.8273399429662
 10
249.965753719825
 20
-139.8358749441133
  0
LWPOLYLINE
  5
82
330
2
100
AcDbEntity
  8
0
 62
   139
100
AcDbPolyline
 90
       24
 70
     1
 43
0.0
 10
249.9767272927288
 20
-139.9261020990984
 10
249.9852622938765
 20
-139.9175670979512
 10
249.9547801469221
 20
-139.8870849509969
 10
249.9413680022631
 20
-139.8992778097783
 10
249.9242979999685
 20
-139.8761113780932
 10
249.9169822846993
 20
-139.8529449464077
 10
249.8743072789616
 20
-139.8102699406715
 10
249.8694301354512
 20
-139.8127085124281
 10
249.8584565625474
 20
-139.8456292311387
 10
249.8596758484259
 20
-139.8566028040422
 10
249.8718687072055
 20
-139.8870849509969
 10
249.8950351388907
 20
-139.9261020990984
 10
249.8865001377449
 20
-139.9334178143674
 10
249.857237276668
 20
-139.9675578189563
 10
249.8389479884968
 20
-139.9956013941545
 10
249.8328515591024
 20
-140.0187678258399
 10
249.8352901308613
 20
-140.0394956857688
 10
249.8535794190352
 20
-140.0663199750889
 10
249.8962544247711
 20
-140.0224256834744
 10
249.8950351388907
 20
-140.0065749670581
 10
249.90235085416
 20
-139.9846278212509
 10
249.9267365717265
 20
-139.9602421036873
 10
249.9450258598977
 20
-139.9797506777382
 10
249.9852622938765
 20
-139.937075672002
  0
LWPOLYLINE
  5
83
330
2
100
AcDbEntity
  8
0
 62
   139
100
AcDbPolyline
 90
       18
 70
     1
 43
0.0
 10
249.9803851503671
 20
-140.0260835411089
 10
249.9706308633381
 20
-140.0370571140125
 10
249.9413680022631
 20
-140.0516885445506
 10
249.9194208564572
 20
-140.0504692586727
 10
249.882842280113
 20
-140.0870478350179
 10
249.891377281258
 20
-140.0919249785305
 10
249.9340522869929
 20
-140.0943635502868
 10
249.9535608610445
 20
-140.0931442644089
 10
249.9852622938765
 20
-140.0809514056269
 10
250.0108672973188
 20
-140.0577849739415
 10
250.0352530148807
 20
-140.0870478350179
 10
250.1023137381831
 20
-140.0870478350179
 10
250.0498844454219
 20
-140.0224256834744
 10
250.0779280206193
 20
-139.9724349624691
 10
250.0730508771062
 20
-139.889523522753
 10
250.0218408702244
 20
-139.9882856788853
 10
250.0059901538057
 20
-139.9663385330784
 10
249.965753719825
 20
-140.0065749670581
  0
LWPOLYLINE
  5
84
330
2
100
AcDbEntity
  8
0
 62
   139
100
AcDbPolyline
 90
        7
 70
     1
 43
0.0
 10
249.6231343880586
 20
-139.937075672002
 10
249.685317967846
 20
-139.937075672002
 10
249.6133801010324
 20
-139.785884223108
 10
249.5365650907065
 20
-139.785884223108
 10
249.4646272238974
 20
-139.937075672002
 10
249.5255915178054
 20
-139.937075672002
 10
249.574362952932
 20
-139.8322170864788
  0
LWPOLYLINE
  5
85
330
2
100
AcDbEntity
  8
0
 62
   139
100
AcDbPolyline
 90
       16
 70
     1
 43
0.0
 10
249.2402786223088
 20
-139.9200056697075
 10
249.2110157612346
 20
-139.9382949578803
 10
249.1988229024532
 20
-139.9614613895655
 10
249.1939457589401
 20
-140.0004785376671
 10
249.1976036165756
 20
-140.0358378281343
 10
249.2110157612346
 20
-140.0638814033323
 10
249.2207700482599
 20
-140.0748549762358
 10
249.252471481092
 20
-140.0858285491395
 10
249.252471481092
 20
-140.0516885445506
 10
249.2402786223088
 20
-140.0382763998907
 10
249.2378400505527
 20
-140.0358378281343
 10
249.2305243352853
 20
-140.0016978235454
 10
249.2305243352853
 20
-140.0004785376671
 10
249.2390593364339
 20
-139.9663385330784
 10
249.252471481092
 20
-139.9553649601746
 10
249.252471481092
 20
-139.9175670979512
  0
LWPOLYLINE
  5
86
330
2
100
AcDbEntity
  8
0
 62
   139
100
AcDbPolyline
 90
       16
 70
     1
 43
0.0
 10
249.2744186268997
 20
-139.9553649601746
 10
249.2878307715605
 20
-139.9663385330784
 10
249.2878307715605
 20
-139.9663385330784
 10
249.2951464868306
 20
-140.0016978235454
 10
249.2951464868306
 20
-140.0053556811799
 10
249.2866114856829
 20
-140.0382763998907
 10
249.2744186268997
 20
-140.0516885445506
 10
249.2744186268997
 20
-140.0858285491395
 10
249.2841729139241
 20
-140.0846092632614
 10
249.3134357750027
 20
-140.0626621174543
 10
249.3268479196599
 20
-140.0370571140125
 10
249.3329443490525
 20
-139.9992592517889
 10
249.3292864914179
 20
-139.9663385330784
 10
249.3158743467597
 20
-139.9382949578803
 10
249.3061200597317
 20
-139.9285406708548
 10
249.2744186268997
 20
-139.9175670979512
  0
LWPOLYLINE
  5
87
330
2
100
AcDbEntity
  8
0
 62
   139
100
AcDbPolyline
 90
        4
 70
     1
 43
0.0
 10
249.0366578806547
 20
-140.0711971186014
 10
249.0622628840988
 20
-140.0870478350179
 10
249.2561293387248
 20
-139.8053927971588
 10
249.2305243352853
 20
-139.7871035089864
  0
LWPOLYLINE
  5
88
330
2
100
AcDbEntity
  8
0
 62
   139
100
AcDbPolyline
 90
       16
 70
     1
 43
0.0
 10
249.0134914489695
 20
-139.7871035089864
 10
248.9842285878954
 20
-139.8053927971588
 10
248.9720357291121
 20
-139.8297785147224
 10
248.967158585599
 20
-139.8687956628242
 10
248.9708164432327
 20
-139.9029356674134
 10
248.9842285878954
 20
-139.9321985284893
 10
248.9939828749188
 20
-139.9419528155146
 10
249.0244650218724
 20
-139.9529263884182
 10
249.0244650218724
 20
-139.9200056697075
 10
249.0122721630919
 20
-139.9065935250476
 10
249.0110528772116
 20
-139.9041549532912
 10
249.0037371619469
 20
-139.8687956628242
 10
249.0037371619469
 20
-139.8675763769458
 10
249.0110528772116
 20
-139.8346556582354
 10
249.0244650218724
 20
-139.8224627994534
 10
249.0244650218724
 20
-139.785884223108
  0
LWPOLYLINE
  5
89
330
2
100
AcDbEntity
  8
0
 62
   139
100
AcDbPolyline
 90
       16
 70
     1
 43
0.0
 10
249.0476314535604
 20
-139.8224627994534
 10
249.0610435982185
 20
-139.8346556582354
 10
249.0610435982185
 20
-139.8346556582354
 10
249.0683593134868
 20
-139.8687956628242
 10
249.0683593134868
 20
-139.8724535204587
 10
249.0598243123409
 20
-139.9065935250476
 10
249.0476314535604
 20
-139.9200056697075
 10
249.0476314535604
 20
-139.9529263884182
 10
249.0573857405857
 20
-139.9517071025401
 10
249.0866486016607
 20
-139.9297599567329
 10
249.1000607463225
 20
-139.9041549532912
 10
249.104937889832
 20
-139.8663570910679
 10
249.1012800322001
 20
-139.8334363723568
 10
249.087867887541
 20
-139.8053927971588
 10
249.0793328863906
 20
-139.7968577960116
 10
249.0476314535604
 20
-139.785884223108
  0
LWPOLYLINE
  5
8A
330
2
100
AcDbEntity
  8
0
 62
   139
100
AcDbPolyline
 90
       20
 70
     1
 43
0.0
 10
248.8013357061641
 20
-139.9968206800327
 10
248.7464678416495
 20
-139.9968206800327
 10
248.7367135546224
 20
-139.9870663930074
 10
248.7147664088175
 20
-139.9785313918599
 10
248.7147664088175
 20
-139.9968206800327
 10
248.6879421194967
 20
-139.9968206800327
 10
248.6879421194967
 20
-139.9675578189563
 10
248.6550214007871
 20
-139.9529263884182
 10
248.6269778255878
 20
-139.937075672002
 10
248.6050306797811
 20
-139.910251382682
 10
248.6001535362679
 20
-139.8846463792403
 10
248.6611178301778
 20
-139.8846463792403
 10
248.6672142595685
 20
-139.8931813803876
 10
248.6915999771322
 20
-139.9053742391694
 10
248.6915999771322
 20
-139.8846463792403
 10
248.7172049805736
 20
-139.8846463792403
 10
248.7172049805736
 20
-139.9126899544386
 10
248.7525642710393
 20
-139.9273213849764
 10
248.7769499886031
 20
-139.9419528155146
 10
248.7964585626546
 20
-139.9687771048346
  0
LWPOLYLINE
  5
8B
330
2
100
AcDbEntity
  8
0
 62
   139
100
AcDbPolyline
 90
       22
 70
     1
 43
0.0
 10
248.6720914030816
 20
-139.8492870887733
 10
248.6915999771322
 20
-139.8419713735041
 10
248.6915999771322
 20
-139.8626992334331
 10
248.7172049805736
 20
-139.8626992334331
 10
248.7172049805736
 20
-139.8431906593824
 10
248.7184242664521
 20
-139.8431906593824
 10
248.7525642710393
 20
-139.8529449464077
 10
248.7598799863076
 20
-139.8566028040422
 10
248.7842657038714
 20
-139.8834270933624
 10
248.7842657038714
 20
-139.8127085124281
 10
248.7635378439422
 20
-139.7956385101337
 10
248.7513449851626
 20
-139.7907613666209
 10
248.7172049805736
 20
-139.7810070795953
 10
248.7172049805736
 20
-139.7432092173719
 10
248.6915999771322
 20
-139.7432092173719
 10
248.6915999771322
 20
-139.7810070795953
 10
248.68672283362
 20
-139.7810070795953
 10
248.6513635431525
 20
-139.7919806524989
 10
248.6245392538326
 20
-139.8114892265499
 10
248.6086885374139
 20
-139.8309978006005
 10
248.6001535362679
 20
-139.8626992334331
 10
248.6623371160545
 20
-139.8626992334331
  0
LWPOLYLINE
  5
8C
330
2
100
AcDbEntity
  8
0
 62
   139
100
AcDbPolyline
 90
       21
 70
     1
 43
0.0
 10
248.6879421194967
 20
-140.0419342575254
 10
248.6769685465938
 20
-140.040714971647
 10
248.6440478278841
 20
-140.0273028269871
 10
248.6355128267319
 20
-140.0212063975961
 10
248.6123463950494
 20
-139.9931628223983
 10
248.6123463950494
 20
-140.0602235456979
 10
248.6269778255878
 20
-140.0724164044796
 10
248.6550214007871
 20
-140.0858285491395
 10
248.6879421194967
 20
-140.0931442644089
 10
248.6879421194967
 20
-140.1358192701449
 10
248.7147664088175
 20
-140.1358192701449
 10
248.7147664088175
 20
-140.0931442644089
 10
248.7452485557719
 20
-140.0846092632614
 10
248.7769499886031
 20
-140.0626621174543
 10
248.7891428473872
 20
-140.0492499727943
 10
248.8013357061641
 20
-140.0187678258399
 10
248.7464678416495
 20
-140.0187678258399
 10
248.7379328405009
 20
-140.0285221128654
 10
248.7147664088175
 20
-140.0382763998907
 10
248.7147664088175
 20
-140.0187678258399
 10
248.6879421194967
 20
-140.0187678258399
  0
LWPOLYLINE
  5
8D
330
2
100
AcDbEntity
  8
0
 62
   139
100
AcDbPolyline
 90
       12
 70
     1
 43
0.0
 10
248.3270334995573
 20
-139.9431721013929
 10
248.3258142136797
 20
-139.9529263884182
 10
248.3160599266544
 20
-139.9529263884182
 10
248.308744211386
 20
-140.0053556811799
 10
248.3172792125301
 20
-140.0053556811799
 10
248.3038670678729
 20
-140.0870478350179
 10
248.3648313617791
 20
-140.0870478350179
 10
248.3770242205606
 20
-140.0053556811799
 10
248.4233570839328
 20
-140.0053556811799
 10
248.4306727992012
 20
-139.9529263884182
 10
248.385559221711
 20
-139.9529263884182
 10
248.3867785075877
 20
-139.9431721013929
  0
LWPOLYLINE
  5
8E
330
2
100
AcDbEntity
  8
0
 62
   139
100
AcDbPolyline
 90
       12
 70
     1
 43
0.0
 10
248.2294906293023
 20
-139.9431721013929
 10
248.228271343422
 20
-139.9529263884182
 10
248.1831577659309
 20
-139.9529263884182
 10
248.174622764785
 20
-140.0053556811799
 10
248.219736342276
 20
-140.0053556811799
 10
248.2075434834928
 20
-140.0870478350179
 10
248.2660692056502
 20
-140.0870478350179
 10
248.2794813503056
 20
-140.0053556811799
 10
248.2892356373309
 20
-140.0053556811799
 10
248.2965513526019
 20
-139.9529263884182
 10
248.2880163514569
 20
-139.9529263884182
 10
248.2892356373309
 20
-139.9431721013929
  0
LWPOLYLINE
  5
8F
330
2
100
AcDbEntity
  8
0
 62
   139
100
AcDbPolyline
 90
       12
 70
     1
 43
0.0
 10
248.3514192171183
 20
-139.7871035089864
 10
248.3392263583369
 20
-139.8626992334331
 10
248.3306913571928
 20
-139.8626992334331
 10
248.3221563560432
 20
-139.9151285261949
 10
248.3319106430704
 20
-139.9151285261949
 10
248.3306913571928
 20
-139.9248828132202
 10
248.3904363652205
 20
-139.9248828132202
 10
248.3916556510981
 20
-139.9151285261949
 10
248.4367692285919
 20
-139.9151285261949
 10
248.444084943862
 20
-139.8626992334331
 10
248.3989713663682
 20
-139.8626992334331
 10
248.4111642251523
 20
-139.7871035089864
  0
LWPOLYLINE
  5
90
330
2
100
AcDbEntity
  8
0
 62
   139
100
AcDbPolyline
 90
       12
 70
     1
 43
0.0
 10
248.2550956327436
 20
-139.7871035089864
 10
248.2416834880855
 20
-139.8626992334331
 10
248.1977891964693
 20
-139.8626992334331
 10
248.1892541953216
 20
-139.9151285261949
 10
248.2343677728136
 20
-139.9151285261949
 10
248.2331484869332
 20
-139.9248828132202
 10
248.2916742090888
 20
-139.9248828132202
 10
248.2928934949691
 20
-139.9151285261949
 10
248.3026477819944
 20
-139.9151285261949
 10
248.3111827831412
 20
-139.8626992334331
 10
248.301428496115
 20
-139.8626992334331
 10
248.3136213548992
 20
-139.7871035089864
  0
LWPOLYLINE
  5
91
330
2
100
AcDbEntity
  8
0
 62
   139
100
AcDbPolyline
 90
       30
 70
     1
 43
0.0
 10
247.8234684318699
 20
-139.7810070795953
 10
247.7929862849155
 20
-139.7980770818898
 10
247.7637234238414
 20
-139.8236820853319
 10
247.7478727074217
 20
-139.8419713735041
 10
247.7308027051299
 20
-139.8724535204587
 10
247.7198291322261
 20
-139.9053742391694
 10
247.7161712745906
 20
-139.9407335296365
 10
247.7173905604673
 20
-139.9651192472
 10
247.7271448474917
 20
-139.9980399659109
 10
247.7429955639113
 20
-140.0285221128654
 10
247.7673812814742
 20
-140.0541271163069
 10
247.7686005673509
 20
-140.0541271163069
 10
247.8015212860587
 20
-140.0772935479924
 10
247.8332227188971
 20
-140.0919249785305
 10
247.8637048658506
 20
-140.0968021220431
 10
247.8637048658506
 20
-140.0687585468451
 10
247.8563891505805
 20
-140.0675392609668
 10
247.8271262895055
 20
-140.0565656880634
 10
247.7942055707931
 20
-140.0297413987433
 10
247.773477710864
 20
-140.0053556811799
 10
247.7588462803274
 20
-139.9748735342253
 10
247.7539691368124
 20
-139.9395142437583
 10
247.7576269944461
 20
-139.9065935250476
 10
247.7710391391042
 20
-139.8736728063368
 10
247.7917669990379
 20
-139.8444099452606
 10
247.8051791436978
 20
-139.8309978006005
 10
247.8356612906514
 20
-139.8102699406715
 10
247.8649241517282
 20
-139.8029542254025
 10
247.8649241517282
 20
-139.7724720784482
 10
247.8551698647029
 20
-139.7736913643264
  0
LWPOLYLINE
  5
92
330
2
100
AcDbEntity
  8
0
 62
   139
100
AcDbPolyline
 90
       14
 70
     1
 43
0.0
 10
247.8149334307222
 20
-139.8858656651187
 10
247.7978634284259
 20
-139.9151285261949
 10
247.7905477131585
 20
-139.9492685307839
 10
247.7942055707931
 20
-139.9773121059819
 10
247.8100562872092
 20
-140.0065749670581
 10
247.8271262895055
 20
-140.0187678258399
 10
247.8624855799703
 20
-140.0236449693526
 10
247.8624855799703
 20
-139.9858471071291
 10
247.8466348635543
 20
-139.9748735342253
 10
247.8393191482869
 20
-139.9480492449056
 10
247.8417577200421
 20
-139.9358563861238
 10
247.8637048658506
 20
-139.9029356674134
 10
247.8637048658506
 20
-139.8590413757988
 10
247.845415577674
 20
-139.8626992334331
  0
LWPOLYLINE
  5
93
330
2
100
AcDbEntity
  8
0
 62
   139
100
AcDbPolyline
 90
       44
 70
     0
 43
0.0
 10
248.0014841700827
 20
-139.9992592517892
 10
247.9697827372506
 20
-140.0187678258399
 10
247.9514934490794
 20
-140.0273028269871
 10
247.918572730367
 20
-140.0309606846219
 10
247.9514934490794
 20
-140.0273028269871
 10
247.9697827372506
 20
-140.0187678258399
 10
248.0014841700827
 20
-139.9992592517889
 10
248.0234313158921
 20
-139.9760928201039
 10
248.0283084594025
 20
-139.9675578189563
 10
248.0405013181858
 20
-139.9358563861238
 10
248.0441591758177
 20
-139.8980585239004
 10
248.0405013181858
 20
-139.8712342345803
 10
248.0258698876473
 20
-139.8395328017479
 10
248.0002648842051
 20
-139.8114892265499
 10
247.9941684548125
 20
-139.8053927971588
 10
247.9649055937357
 20
-139.7871035089864
 10
247.9319848750261
 20
-139.7761299360826
 10
247.8966255845603
 20
-139.7724720784482
 10
247.8966255845603
 20
-139.8005156536462
 10
247.9197920162437
 20
-139.8029542254025
 10
247.9527127349588
 20
-139.8139277983061
 10
247.9819755960321
 20
-139.8346556582354
 10
247.9831948819115
 20
-139.8358749441133
 10
248.008799885351
 20
-139.8675763769458
 10
248.0161156006211
 20
-139.8956199521439
 10
248.0161156006211
 20
-139.9139092403169
 10
248.0100191712295
 20
-139.9492685307839
 10
247.9807563101517
 20
-139.9809699636164
 10
247.9600284502244
 20
-139.9943821082763
 10
247.9466163055636
 20
-139.9797506777382
 10
247.9661248796151
 20
-139.8639185193113
 10
247.9283270173923
 20
-139.8639185193113
 10
247.9234498738801
 20
-139.8846463792403
 10
247.9112570150969
 20
-139.8639185193113
 10
247.8954062986809
 20
-139.8590413757988
 10
247.8954062986809
 20
-139.9029356674134
 10
247.907599157465
 20
-139.9151285261949
 10
247.9124763009763
 20
-139.9407335296365
 10
247.9051605857098
 20
-139.9699963907129
 10
247.8941870128024
 20
-139.9895049647635
 10
247.8941870128024
 20
-140.0138906823274
 10
247.8990641563146
 20
-140.0077942529363
 10
247.918572730367
 20
-140.0309606846219
 10
247.8990641563146
 20
-140.0077942529363
  0
LWPOLYLINE
  5
94
330
2
100
AcDbEntity
  8
0
 62
   139
100
AcDbPolyline
 90
        9
 70
     1
 43
0.0
 10
247.961247736102
 20
-140.0504692586727
 10
247.9271077315129
 20
-140.0638814033323
 10
247.8941870128024
 20
-140.0687585468451
 10
247.8941870128024
 20
-140.0980214079213
 10
247.9234498738801
 20
-140.095582836165
 10
247.9539320208328
 20
-140.0846092632614
 10
247.98441416779
 20
-140.0663199750889
 10
248.0136770288632
 20
-140.040714971647
 10
247.9783177383965
 20
-140.040714971647
  0
LWPOLYLINE
  5
95
330
2
100
AcDbEntity
  8
0
 62
   139
100
AcDbPolyline
 90
        8
 70
     1
 43
0.0
 10
247.508892675301
 20
-140.0492499727943
 10
247.4991383882748
 20
-140.0687585468451
 10
247.5076733894216
 20
-140.0870478350179
 10
247.5344976787424
 20
-140.0931442644089
 10
247.5601026821819
 20
-140.0870478350179
 10
247.5686376833296
 20
-140.0675392609668
 10
247.5601026821819
 20
-140.0480306869161
 10
247.5344976787424
 20
-140.0419342575254
  0
LWPOLYLINE
  5
96
330
2
100
AcDbEntity
  8
0
 62
   139
100
AcDbPolyline
 90
        9
 70
     1
 43
0.0
 10
247.5101119611759
 20
-139.785884223108
 10
247.5040155317888
 20
-139.8090506547933
 10
247.5052348176664
 20
-139.9017163815349
 10
247.5125505329329
 20
-140.0102328246925
 10
247.5552255386697
 20
-140.0102328246925
 10
247.5637605398147
 20
-139.9017163815349
 10
247.5661991115726
 20
-139.8078313689152
 10
247.5601026821819
 20
-139.785884223108
 10
247.5357169646208
 20
-139.7810070795953
  0
LWPOLYLINE
  5
97
330
2
100
AcDbEntity
  8
0
 62
   139
100
AcDbPolyline
 90
       26
 70
     1
 43
0.0
 10
247.2443076397335
 20
-139.8444099452606
 10
247.2455269256138
 20
-139.8456292311387
 10
247.2723512149309
 20
-139.8663570910679
 10
247.2723512149309
 20
-139.8663570910679
 10
247.2833247878375
 20
-139.8944006662659
 10
247.2857633595954
 20
-139.9358563861238
 10
247.2857633595954
 20
-139.9431721013929
 10
247.2821055019599
 20
-139.9821892494949
 10
247.2723512149309
 20
-140.0114521105707
 10
247.2674740714215
 20
-140.0187678258399
 10
247.2430883538568
 20
-140.0394956857688
 10
247.2430883538568
 20
-140.0943635502868
 10
247.2662547855439
 20
-140.0907056926524
 10
247.2955176466171
 20
-140.0760742621142
 10
247.3199033641827
 20
-140.0492499727943
 10
247.3284383653277
 20
-140.0346185422562
 10
247.3394119382315
 20
-140.0041363953017
 10
247.3455083676249
 20
-139.9675578189563
 10
247.3467276535007
 20
-139.9261020990984
 10
247.3455083676249
 20
-139.9114706685602
 10
247.3406312241118
 20
-139.8712342345803
 10
247.3308769370847
 20
-139.8395328017479
 10
247.3162455065462
 20
-139.8151470841844
 10
247.3077105053994
 20
-139.8053927971588
 10
247.2784476443235
 20
-139.7871035089864
 10
247.2443076397335
 20
-139.7810070795953
  0
LWPOLYLINE
  5
98
330
2
100
AcDbEntity
  8
0
 62
   139
100
AcDbPolyline
 90
       26
 70
     1
 43
0.0
 10
247.1870012034601
 20
-139.7846649372299
 10
247.1577383423833
 20
-139.7992963677678
 10
247.1370104824541
 20
-139.8261206570879
 10
247.1321333389446
 20
-139.8358749441133
 10
247.1223790519193
 20
-139.8663570910679
 10
247.116282622525
 20
-139.9029356674134
 10
247.115063336651
 20
-139.9431721013929
 10
247.115063336651
 20
-139.9541456742965
 10
247.1187211942838
 20
-139.9931628223983
 10
247.1284754813082
 20
-140.0273028269871
 10
247.1431069118466
 20
-140.0541271163069
 10
247.1528611988738
 20
-140.0663199750889
 10
247.1809047740694
 20
-140.0870478350179
 10
247.2126062069023
 20
-140.0943635502868
 10
247.2126062069023
 20
-140.0394956857688
 10
247.2113869210239
 20
-140.0394956857688
 10
247.1882204893377
 20
-140.012671396449
 10
247.1857819175825
 20
-140.0102328246925
 10
247.1760276305545
 20
-139.9797506777382
 10
247.1735890588011
 20
-139.9395142437583
 10
247.1735890588011
 20
-139.9382949578803
 10
247.1760276305545
 20
-139.8968392380221
 10
247.1870012034601
 20
-139.8687956628242
 10
247.1882204893377
 20
-139.8675763769458
 10
247.2138254927818
 20
-139.8456292311387
 10
247.2138254927818
 20
-139.7810070795953
  0
LWPOLYLINE
  5
99
330
2
100
AcDbEntity
  8
0
 62
   139
100
AcDbPolyline
 90
       31
 70
     1
 43
0.0
 10
246.8785218762837
 20
-139.9651192472
 10
246.8992497362128
 20
-139.9382949578803
 10
246.9029075938474
 20
-139.9297599567329
 10
246.8992497362128
 20
-139.9699963907129
 10
246.8894954491839
 20
-140.0016978235454
 10
246.8882761633072
 20
-140.0065749670581
 10
246.8651097316219
 20
-140.0346185422562
 10
246.8565747304733
 20
-140.0358378281343
 10
246.8565747304733
 20
-140.0931442644089
 10
246.8894954491839
 20
-140.0833899773832
 10
246.9187583102634
 20
-140.0638814033323
 10
246.9272933114084
 20
-140.0541271163069
 10
246.944363313703
 20
-140.0236449693526
 10
246.9504597430973
 20
-140.0053556811799
 10
246.954117600731
 20
-139.9773121059819
 10
246.9565561724862
 20
-139.9382949578803
 10
246.9565561724862
 20
-139.9163478120728
 10
246.954117600731
 20
-139.8785499498494
 10
246.9431440278245
 20
-139.8444099452606
 10
246.928512597287
 20
-139.8188049418189
 10
246.9029075938474
 20
-139.7931999383771
 10
246.8712061610117
 20
-139.7810070795953
 10
246.8565747304733
 20
-139.7797877937174
 10
246.8565747304733
 20
-139.8297785147224
 10
246.8821797339192
 20
-139.8431906593824
 10
246.8968111644549
 20
-139.874892092215
 10
246.8968111644549
 20
-139.8797692357279
 10
246.8858375915511
 20
-139.9126899544386
 10
246.8821797339192
 20
-139.9151285261949
 10
246.8553554445957
 20
-139.9297599567329
 10
246.8553554445957
 20
-139.9785313918599
  0
LWPOLYLINE
  5
9A
330
2
100
AcDbEntity
  8
0
 62
   139
100
AcDbPolyline
 90
       18
 70
     1
 43
0.0
 10
246.7675668613688
 20
-139.8102699406715
 10
246.7480582873163
 20
-139.8383135158699
 10
246.7383040002901
 20
-139.8724535204587
 10
246.7383040002901
 20
-139.8846463792403
 10
246.7431811438032
 20
-139.9224442414639
 10
246.7590318602193
 20
-139.9504878166619
 10
246.7626897178575
 20
-139.9541456742965
 10
246.7907332930549
 20
-139.9724349624691
 10
246.8260925835216
 20
-139.9785313918599
 10
246.8260925835216
 20
-139.9285406708548
 10
246.8065840094701
 20
-139.9151285261949
 10
246.7943911506868
 20
-139.8834270933624
 10
246.7943911506868
 20
-139.8809885216058
 10
246.8029261518345
 20
-139.8468485170169
 10
246.8029261518345
 20
-139.8456292311387
 10
246.8260925835216
 20
-139.8297785147224
 10
246.8260925835216
 20
-139.7797877937174
 10
246.7956104365644
 20
-139.7883227948644
  0
LWPOLYLINE
  5
9B
330
2
100
AcDbEntity
  8
0
 62
   139
100
AcDbPolyline
 90
        9
 70
     1
 43
0.0
 10
246.7809790060269
 20
-140.0797321197487
 10
246.7919525789316
 20
-140.0846092632614
 10
246.8260925835216
 20
-140.0931442644089
 10
246.8260925835216
 20
-140.0358378281343
 10
246.7907332930549
 20
-140.0285221128654
 10
246.788294721297
 20
-140.0273028269871
 10
246.7602511460977
 20
-140.0065749670581
 10
246.7565932884641
 20
-140.0004785376671
 10
246.7565932884641
 20
-140.0553464021851
  0
LWPOLYLINE
  5
9C
330
2
100
AcDbEntity
  8
0
 62
   139
100
AcDbPolyline
 90
       31
 70
     1
 43
0.0
 10
246.4785961082402
 20
-139.8358749441133
 10
246.5029818258049
 20
-139.8456292311387
 10
246.5151746845854
 20
-139.8724535204587
 10
246.5017625399273
 20
-139.9004970956566
 10
246.4785961082402
 20
-139.910251382682
 10
246.4785961082402
 20
-139.9590228178091
 10
246.5054203975583
 20
-139.9687771048346
 10
246.5200518280985
 20
-139.9992592517889
 10
246.5200518280985
 20
-140.0004785376671
 10
246.5054203975583
 20
-140.0309606846219
 10
246.4785961082402
 20
-140.0431535434033
 10
246.4785961082402
 20
-140.0943635502868
 10
246.4810346799973
 20
-140.0943635502868
 10
246.5151746845854
 20
-140.0870478350179
 10
246.5468761174165
 20
-140.0699778327234
 10
246.5468761174165
 20
-140.0687585468451
 10
246.5712618349812
 20
-140.0431535434033
 10
246.5785775502522
 20
-140.0102328246925
 10
246.5761389784934
 20
-139.9858471071291
 10
246.5615075479532
 20
-139.956584246053
 10
246.5444375456613
 20
-139.944391387271
 10
246.5078589693171
 20
-139.9334178143674
 10
246.5078589693171
 20
-139.9309792426109
 10
246.5261482574874
 20
-139.9261020990984
 10
246.5566304044419
 20
-139.910251382682
 10
246.5676039773484
 20
-139.8956199521439
 10
246.5749196926158
 20
-139.8590413757988
 10
246.5676039773484
 20
-139.8285592288443
 10
246.5444375456613
 20
-139.8017349395244
 10
246.5127361128293
 20
-139.785884223108
 10
246.4785961082402
 20
-139.7810070795953
  0
LWPOLYLINE
  5
9D
330
2
100
AcDbEntity
  8
0
 62
   139
100
AcDbPolyline
 90
       31
 70
     1
 43
0.0
 10
246.4127546708173
 20
-139.785884223108
 10
246.382272523862
 20
-139.8017349395244
 10
246.362763949815
 20
-139.8249013712097
 10
246.355448234543
 20
-139.8590413757988
 10
246.3578868063028
 20
-139.8834270933624
 10
246.3737375227188
 20
-139.910251382682
 10
246.3859303814956
 20
-139.9200056697075
 10
246.421289671965
 20
-139.9309792426109
 10
246.421289671965
 20
-139.9334178143674
 10
246.394465382647
 20
-139.9395142437583
 10
246.3664218074478
 20
-139.956584246053
 10
246.355448234543
 20
-139.9736542483474
 10
246.3493518051523
 20
-140.0102328246925
 10
246.3493518051523
 20
-140.0102328246925
 10
246.3566675204234
 20
-140.0431535434033
 10
246.3810532379853
 20
-140.0699778327234
 10
246.3810532379853
 20
-140.0699778327234
 10
246.4139739566958
 20
-140.0882671208959
 10
246.4468946754073
 20
-140.0943635502868
 10
246.4468946754073
 20
-140.0419342575254
 10
246.4225089578463
 20
-140.0309606846219
 10
246.4078775273069
 20
-140.0004785376671
 10
246.4078775273069
 20
-139.9992592517889
 10
246.4225089578463
 20
-139.9687771048346
 10
246.4481139612849
 20
-139.957803531931
 10
246.4481139612849
 20
-139.910251382682
 10
246.4273861013585
 20
-139.9004970956566
 10
246.4139739566958
 20
-139.8724535204587
 10
246.4261668154782
 20
-139.8456292311387
 10
246.4468946754073
 20
-139.8358749441133
 10
246.4468946754073
 20
-139.7810070795953
  0
LWPOLYLINE
  5
9E
330
2
100
AcDbEntity
  8
0
 62
   139
100
AcDbPolyline
 90
        7
 70
     1
 43
0.0
 10
245.9774696123091
 20
-139.7871035089864
 10
245.9774696123091
 20
-139.8468485170169
 10
246.1152489165447
 20
-139.8480678028951
 10
246.0006360439961
 20
-140.0870478350179
 10
246.0652581955378
 20
-140.0870478350179
 10
246.183528925721
 20
-139.8492870887733
 10
246.183528925721
 20
-139.7871035089864
  0
LWPOLYLINE
  5
9F
330
2
100
AcDbEntity
  8
0
 62
   139
100
AcDbPolyline
 90
       31
 70
     1
 43
0.0
 10
245.6714288568869
 20
-139.9078128109257
 10
245.6482624252008
 20
-139.9321985284893
 10
245.64216599581
 20
-139.944391387271
 10
245.6458238534456
 20
-139.9041549532912
 10
245.6555781404709
 20
-139.8724535204587
 10
245.6580167122288
 20
-139.8675763769458
 10
245.6811831439131
 20
-139.8395328017479
 10
245.6884988591814
 20
-139.8383135158699
 10
245.6884988591814
 20
-139.7810070795953
 10
245.6567974263466
 20
-139.7907613666209
 10
245.6263152793968
 20
-139.8102699406715
 10
245.6177802782481
 20
-139.8200242276969
 10
245.6007102759518
 20
-139.8492870887733
 10
245.5958331324423
 20
-139.8675763769458
 10
245.5909559889264
 20
-139.8968392380221
 10
245.5885174171694
 20
-139.9346371002459
 10
245.5885174171694
 20
-139.957803531931
 10
245.592175274804
 20
-139.9956013941545
 10
245.6019295618294
 20
-140.0297413987433
 10
245.6177802782481
 20
-140.0553464021851
 10
245.6433852816904
 20
-140.0809514056269
 10
245.6738674286421
 20
-140.0931442644089
 10
245.6872795733038
 20
-140.0943635502868
 10
245.6872795733038
 20
-140.0443728292815
 10
245.6641131416168
 20
-140.0297413987433
 10
245.6494817110802
 20
-139.9992592517889
 10
245.6482624252008
 20
-139.9943821082763
 10
245.660455283984
 20
-139.9614613895655
 10
245.6641131416168
 20
-139.957803531931
 10
245.6897181450581
 20
-139.944391387271
 10
245.6897181450581
 20
-139.8956199521439
  0
LWPOLYLINE
  5
A0
330
2
100
AcDbEntity
  8
0
 62
   139
100
AcDbPolyline
 90
       10
 70
     1
 43
0.0
 10
245.7543402966026
 20
-139.7895420807425
 10
245.7653138695055
 20
-139.7944192242553
 10
245.7896995870701
 20
-139.8188049418189
 10
245.7896995870701
 20
-139.8736728063368
 10
245.784822443557
 20
-139.8675763769458
 10
245.7579981542399
 20
-139.8456292311387
 10
245.7543402966026
 20
-139.8444099452606
 10
245.7202002920135
 20
-139.8383135158699
 10
245.7202002920135
 20
-139.7810070795953
 10
245.7202002920135
 20
-139.7810070795953
  0
LWPOLYLINE
  5
A1
330
2
100
AcDbEntity
  8
0
 62
   139
100
AcDbPolyline
 90
       18
 70
     1
 43
0.0
 10
245.7384895801865
 20
-139.957803531931
 10
245.7519017248483
 20
-139.9895049647635
 10
245.7519017248483
 20
-139.9931628223983
 10
245.7409281519417
 20
-140.0260835411089
 10
245.7372702943108
 20
-140.0297413987433
 10
245.7202002920135
 20
-140.0443728292815
 10
245.7202002920135
 20
-140.0931442644089
 10
245.7494631530894
 20
-140.0846092632614
 10
245.7775067282869
 20
-140.0638814033323
 10
245.798234588216
 20
-140.0358378281343
 10
245.8067695893656
 20
-140.0016978235454
 10
245.8079888752422
 20
-139.9895049647635
 10
245.8018924458515
 20
-139.9517071025401
 10
245.7860417294392
 20
-139.9236635273424
 10
245.7836031576803
 20
-139.9200056697075
 10
245.755559582481
 20
-139.9017163815349
 10
245.7202002920135
 20
-139.8956199521439
 10
245.7202002920135
 20
-139.9456106731494
  0
LWPOLYLINE
  5
A2
330
2
100
AcDbEntity
  8
0
 62
   139
100
AcDbPolyline
 90
       36
 70
     1
 43
0.0
 10
245.2788188041118
 20
-140.040714971647
 10
245.2495559430377
 20
-140.0273028269871
 10
245.2166352243271
 20
-140.0004785376671
 10
245.2166352243271
 20
-140.0541271163069
 10
245.2337052266207
 20
-140.0687585468451
 10
245.2641873735761
 20
-140.0846092632614
 10
245.275160946479
 20
-140.0882671208959
 10
245.3105202369475
 20
-140.0931442644089
 10
245.3263709533635
 20
-140.0919249785305
 10
245.3605109579507
 20
-140.0809514056269
 10
245.3739231026134
 20
-140.0736356903579
 10
245.3995281060529
 20
-140.0492499727943
 10
245.4105016789558
 20
-140.0273028269871
 10
245.4165981083456
 20
-139.9882856788853
 10
245.4165981083456
 20
-139.9870663930074
 10
245.4105016789558
 20
-139.9504878166619
 10
245.3934316766622
 20
-139.9224442414639
 10
245.3909931049052
 20
-139.9200056697075
 10
245.3629495297068
 20
-139.9029356674134
 10
245.3263709533635
 20
-139.8980585239004
 10
245.2715030888462
 20
-139.9053742391694
 10
245.2715030888462
 20
-139.8468485170169
 10
245.404405249566
 20
-139.8468485170169
 10
245.404405249566
 20
-139.7871035089864
 10
245.2190737960823
 20
-139.7871035089864
 10
245.2190737960823
 20
-139.9541456742965
 10
245.2556523724302
 20
-139.944391387271
 10
245.2946695205269
 20
-139.9419528155146
 10
245.3080816651914
 20
-139.9431721013929
 10
245.3385638121431
 20
-139.9541456742965
 10
245.3422216697777
 20
-139.957803531931
 10
245.3544145285591
 20
-139.9907242506418
 10
245.3544145285591
 20
-139.9968206800327
 10
245.3373445262655
 20
-140.0273028269871
 10
245.3263709533635
 20
-140.0346185422562
 10
245.291011662895
 20
-140.0419342575254
  0
LWPOLYLINE
  5
A3
330
2
100
AcDbEntity
  8
0
 62
   139
100
AcDbPolyline
 90
        8
 70
     1
 43
0.0
 10
244.913033040661
 20
-139.7871035089864
 10
244.8154901704052
 20
-139.9614613895655
 10
244.8154901704052
 20
-140.0358378281343
 10
244.9325416147126
 20
-140.0358378281343
 10
244.9325416147126
 20
-139.9834085353727
 10
244.8667001772896
 20
-139.9834085353727
 10
244.9325416147126
 20
-139.861479947555
 10
244.9325416147126
 20
-139.7871035089864
  0
LWPOLYLINE
  5
A4
330
2
100
AcDbEntity
  8
0
 62
   139
100
AcDbPolyline
 90
        8
 70
     1
 43
0.0
 10
244.963023761668
 20
-139.7871035089864
 10
244.963023761668
 20
-140.0870478350179
 10
245.023988055576
 20
-140.0870478350179
 10
245.023988055576
 20
-140.0333992563779
 10
245.0544702025286
 20
-140.0333992563779
 10
245.0544702025286
 20
-139.9797506777382
 10
245.023988055576
 20
-139.9797506777382
 10
245.023988055576
 20
-139.7871035089864
  0
LWPOLYLINE
  5
A5
330
2
100
AcDbEntity
  8
0
 62
   139
100
AcDbPolyline
 90
       36
 70
     1
 43
0.0
 10
244.5716329947714
 20
-139.9602421036873
 10
244.5838258535537
 20
-139.99194353652
 10
244.5838258535537
 20
-139.9980399659109
 10
244.5679751371386
 20
-140.0285221128654
 10
244.5630979936227
 20
-140.0333992563779
 10
244.5289579890363
 20
-140.0419342575254
 10
244.5167651302522
 20
-140.0419342575254
 10
244.4838444115398
 20
-140.0309606846219
 10
244.4716515527621
 20
-140.0236449693526
 10
244.4448272634422
 20
-139.9992592517889
 10
244.4448272634422
 20
-140.0553464021851
 10
244.4558008363424
 20
-140.0663199750889
 10
244.4862829832969
 20
-140.0846092632614
 10
244.5094494149848
 20
-140.0907056926524
 10
244.5484665630843
 20
-140.0931442644089
 10
244.5557822783553
 20
-140.0931442644089
 10
244.5887029970649
 20
-140.0858285491395
 10
244.6191851440176
 20
-140.0651006892105
 10
244.6252815734101
 20
-140.0602235456979
 10
244.643570861585
 20
-140.0309606846219
 10
244.6496672909721
 20
-139.9968206800327
 10
244.6447901474617
 20
-139.9614613895655
 10
244.6277201451689
 20
-139.9334178143674
 10
244.6155272863857
 20
-139.9261020990984
 10
244.5850451394322
 20
-139.9163478120728
 10
244.5411508478178
 20
-139.9151285261949
 10
244.6386937180709
 20
-139.8468485170169
 10
244.6386937180709
 20
-139.7871035089864
 10
244.4448272634422
 20
-139.7871035089864
 10
244.4448272634422
 20
-139.8444099452606
 10
244.5594401359908
 20
-139.8444099452606
 10
244.4740901245136
 20
-139.9078128109257
 10
244.4740901245136
 20
-139.957803531931
 10
244.5155458443756
 20
-139.9480492449056
 10
244.5411508478178
 20
-139.9492685307839
 10
244.569194423017
 20
-139.9590228178091
  0
LWPOLYLINE
  5
A6
330
2
100
AcDbEntity
  8
0
 62
   139
100
AcDbPolyline
 90
       35
 70
     1
 43
0.0
 10
244.2253558053685
 20
-139.8858656651187
 10
244.2241365194882
 20
-139.8944006662659
 10
244.2082858030722
 20
-139.9297599567329
 10
244.2046279454403
 20
-139.9358563861238
 10
244.1899965149009
 20
-139.9529263884182
 10
244.1656107973399
 20
-139.9773121059819
 10
244.1351286503818
 20
-140.0065749670581
 10
244.0948922164021
 20
-140.0419342575254
 10
244.0948922164021
 20
-140.0870478350179
 10
244.2911972427887
 20
-140.0870478350179
 10
244.2911972427887
 20
-140.0346185422562
 10
244.1765843702383
 20
-140.0346185422562
 10
244.1863386572654
 20
-140.0273028269871
 10
244.2168208042235
 20
-140.0016978235454
 10
244.243645093537
 20
-139.9785313918599
 10
244.2643729534698
 20
-139.9553649601746
 10
244.274127240496
 20
-139.9431721013929
 10
244.2887586710317
 20
-139.9114706685602
 10
244.2936358145466
 20
-139.8761113780932
 10
244.2936358145466
 20
-139.8675763769458
 10
244.2851008133989
 20
-139.8334363723568
 10
244.2643729534698
 20
-139.8066120830372
 10
244.2594958099576
 20
-139.8017349395244
 10
244.2290136630022
 20
-139.785884223108
 10
244.1936543725347
 20
-139.7810070795953
 10
244.1595143679446
 20
-139.7834456513515
 10
244.1290322209893
 20
-139.7931999383771
 10
244.1131815045742
 20
-139.8041735112807
 10
244.0875765011337
 20
-139.8322170864788
 10
244.0887957870113
 20
-139.9029356674134
 10
244.1034272175498
 20
-139.8858656651187
 10
244.1290322209893
 20
-139.861479947555
 10
244.1400057938968
 20
-139.8529449464077
 10
244.1729265126055
 20
-139.8444099452606
 10
244.2119436607077
 20
-139.8566028040422
  0
LWPOLYLINE
  5
A7
330
2
100
AcDbEntity
  8
0
 62
   139
100
AcDbPolyline
 90
        8
 70
     0
 43
0.0
 10
243.7589789569661
 20
-139.8285592288443
 10
243.7589789569661
 20
-139.8858656651192
 10
243.809579320909
 20
-139.8505063746514
 10
243.809579320909
 20
-140.0870478350179
 10
243.875420758332
 20
-140.0870478350179
 10
243.875420758332
 20
-139.7871035089864
 10
243.8193336079343
 20
-139.7871035089864
 10
243.7589789569661
 20
-139.8288874981193
  0
LWPOLYLINE
  5
A8
330
2
100
AcDbEntity
  8
0
 62
   139
100
AcDbPolyline
 90
       10
 70
     1
 43
0.0
 10
241.8770112039997
 20
-139.7871035089864
 10
241.8770112039997
 20
-139.8468485170169
 10
242.0050362212091
 20
-139.8468485170169
 10
241.8745726322445
 20
-140.0273028269871
 10
241.8745726322445
 20
-140.0870478350179
 10
242.0745355162639
 20
-140.0870478350179
 10
242.0745355162639
 20
-140.0297413987433
 10
241.9513876425694
 20
-140.0297413987433
 10
242.0745355162639
 20
-139.8578220899205
 10
242.0745355162639
 20
-139.7871035089864
  0
LWPOLYLINE
  5
A9
330
2
100
AcDbEntity
  8
0
 62
   139
100
AcDbPolyline
 90
       10
 70
     1
 43
0.0
 10
242.1062369490987
 20
-139.840752087626
 10
242.1062369490987
 20
-139.9004970956566
 10
242.2062183911062
 20
-139.9004970956566
 10
242.1050176632175
 20
-140.0346185422562
 10
242.1050176632175
 20
-140.0870478350179
 10
242.2915684025816
 20
-140.0870478350179
 10
242.2915684025816
 20
-140.0309606846219
 10
242.1842712453013
 20
-140.0309606846219
 10
242.2915684025816
 20
-139.8907428086314
 10
242.2915684025816
 20
-139.840752087626
  0
LWPOLYLINE
  5
AA
330
2
100
AcDbEntity
  8
0
 62
   139
100
AcDbPolyline
 90
        8
 70
     1
 43
0.0
 10
241.6209611695817
 20
-140.1455735571704
 10
241.7282583268611
 20
-139.840752087626
 10
241.6611976035615
 20
-139.840752087626
 10
241.6136454543107
 20
-140.0224256834744
 10
241.5587775897952
 20
-139.840752087626
 10
241.4892782947395
 20
-139.840752087626
 10
241.5819440214804
 20
-140.0711971186014
 10
241.5551197321625
 20
-140.1455735571704
  0
LWPOLYLINE
  5
AB
330
2
100
AcDbEntity
  8
0
 62
   139
100
AcDbPolyline
 90
        9
 70
     1
 43
0.0
 10
241.403928283265
 20
-139.7871035089864
 10
241.3454025611149
 20
-139.9212249555856
 10
241.2893154107201
 20
-139.7871035089864
 10
241.2173775439046
 20
-139.7871035089864
 10
241.3161397000399
 20
-139.9785313918599
 10
241.3161397000399
 20
-140.0870478350179
 10
241.3795425657049
 20
-140.0870478350179
 10
241.3795425657049
 20
-139.9773121059819
 10
241.4770854359581
 20
-139.7871035089864
  0
LWPOLYLINE
  5
AC
330
2
100
AcDbEntity
  8
0
 62
   139
100
AcDbPolyline
 90
       12
 70
     1
 43
0.0
 10
240.9601082236127
 20
-140.0065749670581
 10
241.0003446575897
 20
-140.0870478350179
 10
241.078378953795
 20
-140.0870478350179
 10
241.0027832293486
 20
-139.9626806754439
 10
241.0795982396726
 20
-139.840752087626
 10
241.0027832293486
 20
-139.840752087626
 10
240.9601082236127
 20
-139.9248828132202
 10
240.9210910755096
 20
-139.840752087626
 10
240.8430567793053
 20
-139.840752087626
 10
240.9186525037544
 20
-139.9626806754439
 10
240.8406182075482
 20
-140.0870478350179
 10
240.9162139319965
 20
-140.0870478350179
  0
LWPOLYLINE
  5
AD
330
2
100
AcDbEntity
  8
0
 62
   139
100
AcDbPolyline
 90
       12
 70
     1
 43
0.0
 10
240.6955231880479
 20
-139.9760928201039
 10
240.7516103384428
 20
-140.0870478350179
 10
240.8284253487668
 20
-140.0870478350179
 10
240.7381981937838
 20
-139.937075672002
 10
240.8272060628901
 20
-139.7871035089864
 10
240.7540489101971
 20
-139.7871035089864
 10
240.6967424739255
 20
-139.9004970956566
 10
240.6382167517727
 20
-139.7871035089864
 10
240.5614017414487
 20
-139.7871035089864
 10
240.6516288964317
 20
-139.9358563861238
 10
240.5601824555674
 20
-140.0870478350179
 10
240.6369974658933
 20
-140.0870478350179
  0
LWPOLYLINE
  5
AE
330
2
100
AcDbEntity
  8
0
 62
   139
100
AcDbPolyline
 90
       13
 70
     1
 43
0.0
 10
239.8932330802058
 20
-139.7871035089864
 10
239.8176373557612
 20
-139.7871035089864
 10
239.7749623500217
 20
-140.0309606846219
 10
239.7274102007746
 20
-139.7871035089864
 10
239.6615687633552
 20
-139.7871035089864
 10
239.7359452019223
 20
-140.0870478350179
 10
239.8115409263687
 20
-140.0870478350179
 10
239.8542159321028
 20
-139.8492870887733
 10
239.8981102237162
 20
-140.0870478350179
 10
239.9749252340448
 20
-140.0870478350179
 10
240.0505209584921
 20
-139.7871035089864
 10
239.9846795210692
 20
-139.7871035089864
 10
239.9359080859417
 20
-140.0370571140125
  0
LWPOLYLINE
  5
AF
330
2
100
AcDbEntity
  8
0
 62
   139
100
AcDbPolyline
 90
       13
 70
     1
 43
0.0
 10
240.2834045612213
 20
-139.840752087626
 10
240.2053702650178
 20
-139.840752087626
 10
240.1724495463081
 20
-140.0297413987433
 10
240.1322131123302
 20
-139.840752087626
 10
240.0627138172727
 20
-139.840752087626
 10
240.1370902558397
 20
-140.0870478350179
 10
240.2102474085309
 20
-140.0870478350179
 10
240.2443874131218
 20
-139.9029356674134
 10
240.2760888459529
 20
-140.0870478350179
 10
240.3504652845218
 20
-140.0870478350179
 10
240.4236224372139
 20
-139.840752087626
 10
240.3565617139134
 20
-139.840752087626
 10
240.3163252799336
 20
-140.0260835411089
  0
LWPOLYLINE
  5
B0
330
2
100
AcDbEntity
  8
0
 62
   139
100
AcDbPolyline
 90
        7
 70
     1
 43
0.0
 10
239.4567287358173
 20
-139.840752087626
 10
239.4079573006925
 20
-140.0358378281343
 10
239.356747293808
 20
-139.840752087626
 10
239.2872479987523
 20
-139.840752087626
 10
239.3689401525912
 20
-140.0870478350179
 10
239.4457551629116
 20
-140.0870478350179
 10
239.5250087449972
 20
-139.840752087626
  0
LWPOLYLINE
  5
B1
330
2
100
AcDbEntity
  8
0
 62
   139
100
AcDbPolyline
 90
        7
 70
     1
 43
0.0
 10
239.0799693994627
 20
-139.7871035089864
 10
239.0129086761631
 20
-139.7871035089864
 10
239.105574402905
 20
-140.0870478350179
 10
239.1823894132272
 20
-140.0870478350179
 10
239.275055139969
 20
-139.7871035089864
 10
239.2079944166694
 20
-139.7871035089864
 10
239.1433722651268
 20
-140.0285221128654
  0
LWPOLYLINE
  5
B2
330
2
100
AcDbEntity
  8
0
 62
   139
100
AcDbPolyline
 90
       26
 70
     1
 43
0.0
 10
238.7946565039688
 20
-140.0870478350179
 10
238.8592786555123
 20
-140.0870478350179
 10
238.8592786555123
 20
-139.840752087626
 10
238.7922179322136
 20
-139.840752087626
 10
238.7922179322136
 20
-139.9541456742965
 10
238.7897793604548
 20
-139.9882856788853
 10
238.7824636451874
 20
-140.0163292540835
 10
238.7483236405992
 20
-140.0346185422562
 10
238.7434464970834
 20
-140.0346185422562
 10
238.7141836360092
 20
-140.0212063975961
 10
238.7105257783737
 20
-140.0053556811799
 10
238.7068679207382
 20
-139.9626806754439
 10
238.7068679207382
 20
-139.840752087626
 10
238.6398071974386
 20
-139.840752087626
 10
238.6398071974386
 20
-139.9638999613218
 10
238.6398071974386
 20
-139.9663385330784
 10
238.6410264833171
 20
-140.0041363953017
 10
238.6459036268284
 20
-140.0382763998907
 10
238.65200005622
 20
-140.0602235456979
 10
238.6727279161509
 20
-140.0833899773832
 10
238.6861400608091
 20
-140.0882671208959
 10
238.7214993512775
 20
-140.0943635502868
 10
238.7336922100608
 20
-140.0931442644089
 10
238.7653936428937
 20
-140.0797321197487
 10
238.7763672157939
 20
-140.0699778327234
 10
238.7946565039688
 20
-140.0382763998907
  0
LWPOLYLINE
  5
B3
330
2
100
AcDbEntity
  8
0
 62
   139
100
AcDbPolyline
 90
       27
 70
     1
 43
0.0
 10
238.363029303096
 20
-139.7871035089864
 10
238.363029303096
 20
-139.9614613895655
 10
238.3642485889727
 20
-139.9907242506418
 10
238.3684617361546
 20
-140.0172183436818
 10
238.373805363382
 20
-140.0353526790942
 10
238.382537877143
 20
-140.0516885445506
 10
238.3910728782926
 20
-140.0626621174543
 10
238.4215550252452
 20
-140.0821706915051
 10
238.4422828851743
 20
-140.0894864067739
 10
238.4788614615204
 20
-140.0931442644089
 10
238.500808607329
 20
-140.0919249785305
 10
238.5349486119171
 20
-140.0833899773832
 10
238.5471414706976
 20
-140.0772935479924
 10
238.5727464741426
 20
-140.0541271163069
 10
238.5849393329231
 20
-140.0333992563779
 10
238.5922550481878
 20
-140.0004785376671
 10
238.5934743340708
 20
-139.957803531931
 10
238.5934743340708
 20
-139.7871035089864
 10
238.5288521825264
 20
-139.7871035089864
 10
238.5288521825264
 20
-139.957803531931
 10
238.5264136107721
 20
-140.0041363953017
 10
238.5154400378656
 20
-140.0236449693526
 10
238.4825193191568
 20
-140.0333992563779
 10
238.4520371722024
 20
-140.0273028269871
 10
238.4313093122714
 20
-140.0041363953017
 10
238.4276514546377
 20
-139.9590228178091
 10
238.4276514546377
 20
-139.7871035089864
  0
LWPOLYLINE
  5
B4
330
2
100
AcDbEntity
  8
0
 62
   139
100
AcDbPolyline
 90
        8
 70
     1
 43
0.0
 10
237.7631406510322
 20
-139.7871035089864
 10
237.7631406510322
 20
-139.8492870887733
 10
237.8484906625022
 20
-139.8492870887733
 10
237.8484906625022
 20
-140.0870478350179
 10
237.9131128140475
 20
-140.0870478350179
 10
237.9131128140475
 20
-139.8492870887733
 10
237.9972435396417
 20
-139.8492870887733
 10
237.9972435396417
 20
-139.7871035089864
  0
LWPOLYLINE
  5
B5
330
2
100
AcDbEntity
  8
0
 62
   139
100
AcDbPolyline
 90
       29
 70
     1
 43
0.0
 10
238.065523548818
 20
-140.0638814033323
 10
238.0862514087471
 20
-140.0870478350179
 10
238.1216106992119
 20
-140.095582836165
 10
238.1362421297531
 20
-140.0943635502868
 10
238.1691628484637
 20
-140.0858285491395
 10
238.1972064236638
 20
-140.0663199750889
 10
238.1972064236638
 20
-140.0163292540835
 10
238.1801364213657
 20
-140.0297413987433
 10
238.15209284617
 20
-140.0419342575254
 10
238.1252685568502
 20
-140.0285221128654
 10
238.1228299850913
 20
-140.0236449693526
 10
238.1191721274595
 20
-139.9602421036873
 10
238.1179528415819
 20
-139.9029356674134
 10
238.2033028530509
 20
-139.9029356674134
 10
238.2033028530509
 20
-139.8431906593824
 10
238.1191721274595
 20
-139.8431906593824
 10
238.1203914133371
 20
-139.7785685078389
 10
238.0862514087471
 20
-139.7785685078389
 10
238.0789356934788
 20
-139.8005156536462
 10
238.0630849770601
 20
-139.8309978006005
 10
238.0484535465225
 20
-139.8456292311387
 10
238.0155328278129
 20
-139.861479947555
 10
238.0155328278129
 20
-139.9041549532912
 10
238.0557692617963
 20
-139.9041549532912
 10
238.0545499759151
 20
-139.9224442414639
 10
238.0557692617963
 20
-139.9712156765912
 10
238.0569885476703
 20
-140.0102328246925
 10
238.0594271194282
 20
-140.0394956857688
 10
238.0643042629404
 20
-140.0602235456979
  0
LWPOLYLINE
  5
B6
330
2
100
AcDbEntity
  8
0
 62
   139
100
AcDbPolyline
 90
       42
 70
     1
 43
0.0
 10
237.4400298933147
 20
-140.0699778327234
 10
237.4863627566842
 20
-140.0907056926524
 10
237.5205027612742
 20
-140.0943635502868
 10
237.5217220471518
 20
-140.0943635502868
 10
237.558300623497
 20
-140.0882671208959
 10
237.5875634845747
 20
-140.0724164044796
 10
237.6046334868675
 20
-140.0492499727943
 10
237.6131684880133
 20
-140.0138906823274
 10
237.6107299162554
 20
-139.99194353652
 10
237.5936599139655
 20
-139.9651192472
 10
237.5814670551822
 20
-139.957803531931
 10
237.5461077647137
 20
-139.9456106731494
 10
237.5375727635678
 20
-139.9431721013929
 10
237.5058713307358
 20
-139.9334178143674
 10
237.4936784719525
 20
-139.9163478120728
 10
237.5058713307358
 20
-139.8980585239004
 10
237.5363534776902
 20
-139.8907428086314
 10
237.5363534776902
 20
-139.8907428086314
 10
237.571712768155
 20
-139.8980585239004
 10
237.5741513399139
 20
-139.8992778097783
 10
237.6034142009908
 20
-139.9200056697075
 10
237.6034142009908
 20
-139.8578220899205
 10
237.5948791998403
 20
-139.8529449464077
 10
237.5631777670101
 20
-139.8383135158699
 10
237.5522041941072
 20
-139.8358749441133
 10
237.5144063318817
 20
-139.8346556582354
 10
237.4888013284394
 20
-139.8383135158699
 10
237.4583191814859
 20
-139.8566028040422
 10
237.4400298933147
 20
-139.8809885216058
 10
237.4327141780463
 20
-139.9151285261949
 10
237.4351527498025
 20
-139.9395142437583
 10
237.4510034662167
 20
-139.9663385330784
 10
237.4644156108757
 20
-139.9748735342253
 10
237.4997749013451
 20
-139.9870663930074
 10
237.5095291883686
 20
-139.9895049647635
 10
237.5412306212033
 20
-140.0004785376671
 10
237.5534234799848
 20
-140.0175485399616
 10
237.5424499070809
 20
-140.0370571140125
 10
237.5375727635678
 20
-140.0394956857688
 10
237.4985556154657
 20
-140.0419342575254
 10
237.4692927543888
 20
-140.0346185422562
 10
237.4400298933147
 20
-140.012671396449
  0
LWPOLYLINE
  5
B7
330
2
100
AcDbEntity
  8
0
 62
   139
100
AcDbPolyline
 90
       46
 70
     1
 43
0.0
 10
237.2132427199736
 20
-140.0638814033323
 10
237.227874150512
 20
-140.0736356903579
 10
237.2961541596883
 20
-140.0919249785305
 10
237.3132241619819
 20
-140.0919249785305
 10
237.3485834524522
 20
-140.0846092632614
 10
237.3766270276497
 20
-140.0675392609668
 10
237.3802848852851
 20
-140.0626621174543
 10
237.399793459334
 20
-140.0346185422562
 10
237.4058898887238
 20
-139.9992592517889
 10
237.399793459334
 20
-139.9651192472
 10
237.3815041711627
 20
-139.9395142437583
 10
237.3558991677205
 20
-139.9236635273424
 10
237.3205398772538
 20
-139.9126899544386
 10
237.3034698749566
 20
-139.9078128109257
 10
237.2766455856395
 20
-139.8944006662659
 10
237.2668912986142
 20
-139.8712342345803
 10
237.2790841573928
 20
-139.8505063746514
 10
237.2815227291499
 20
-139.8492870887733
 10
237.3156627337398
 20
-139.8419713735041
 10
237.3254170207651
 20
-139.8419713735041
 10
237.3595570253524
 20
-139.8517256605296
 10
237.3668727406234
 20
-139.8566028040422
 10
237.3949163158209
 20
-139.8797692357279
 10
237.3949163158209
 20
-139.8090506547933
 10
237.3693113123786
 20
-139.7956385101337
 10
237.3412677371821
 20
-139.7846649372299
 10
237.3327327360325
 20
-139.7822263654735
 10
237.2937155879331
 20
-139.7810070795953
 10
237.2632334409768
 20
-139.7871035089864
 10
237.2315320081466
 20
-139.8078313689152
 10
237.227874150512
 20
-139.8114892265499
 10
237.2083655764604
 20
-139.840752087626
 10
237.2022691470697
 20
-139.874892092215
 10
237.2071462905828
 20
-139.9090320968038
 10
237.2254355787532
 20
-139.9334178143674
 10
237.2461634386859
 20
-139.9480492449056
 10
237.2815227291499
 20
-139.9614613895655
 10
237.302250589079
 20
-139.9687771048346
 10
237.331513450154
 20
-139.9797506777382
 10
237.3449255948149
 20
-140.0041363953017
 10
237.3327327360325
 20
-140.0297413987433
 10
237.3254170207651
 20
-140.0346185422562
 10
237.2876191585405
 20
-140.0394956857688
 10
237.2742070138833
 20
-140.0382763998907
 10
237.2449441528074
 20
-140.0248642552309
 10
237.2132427199736
 20
-139.9968206800327
  0
LWPOLYLINE
  5
B8
330
2
100
AcDbEntity
  8
0
 62
   139
100
AcDbPolyline
 90
       24
 70
     1
 43
0.0
 10
236.7279669404575
 20
-139.8419713735041
 10
236.7535719438997
 20
-139.8444099452606
 10
236.7816155190999
 20
-139.8517256605296
 10
236.7925890920001
 20
-139.8809885216058
 10
236.779176947342
 20
-139.9114706685602
 10
236.7682033744391
 20
-139.9163478120728
 10
236.7279669404575
 20
-139.9200056697075
 10
236.7279669404575
 20
-140.0004785376671
 10
236.7889312343682
 20
-140.0870478350179
 10
236.8669655305698
 20
-140.0870478350179
 10
236.7669840885615
 20
-139.9553649601746
 10
236.7840540908551
 20
-139.9553649601746
 10
236.8181940954451
 20
-139.9456106731494
 10
236.8255098107115
 20
-139.9407335296365
 10
236.8474569565183
 20
-139.9126899544386
 10
236.8498955282771
 20
-139.9029356674134
 10
236.8547726717875
 20
-139.8675763769458
 10
236.8547726717875
 20
-139.8590413757988
 10
236.8450183847649
 20
-139.8249013712097
 10
236.8413605271276
 20
-139.8188049418189
 10
236.8133169519329
 20
-139.7968577960116
 10
236.8047819507833
 20
-139.7944192242553
 10
236.7742998038279
 20
-139.7895420807425
 10
236.7279669404575
 20
-139.7883227948644
  0
LWPOLYLINE
  5
B9
330
2
100
AcDbEntity
  8
0
 62
   139
100
AcDbPolyline
 90
        4
 70
     1
 43
0.0
 10
236.6353012137174
 20
-139.7871035089864
 10
236.6353012137174
 20
-140.0870478350179
 10
236.6999233652591
 20
-140.0870478350179
 10
236.6999233652591
 20
-139.7871035089864
  0
LWPOLYLINE
  5
BA
330
2
100
AcDbEntity
  8
0
 62
   139
100
AcDbPolyline
 90
       19
 70
     1
 43
0.0
 10
236.9620698290696
 20
-139.9907242506418
 10
236.9645084008248
 20
-139.957803531931
 10
236.9669469725827
 20
-139.9468299590274
 10
236.9827976889987
 20
-139.9163478120728
 10
237.0071834065616
 20
-139.9029356674134
 10
237.030349838245
 20
-139.9041549532912
 10
237.0559548416864
 20
-139.9187863838294
 10
237.0596126993228
 20
-139.8480678028951
 10
237.0559548416864
 20
-139.8456292311387
 10
237.0205955512224
 20
-139.8358749441133
 10
237.005964120684
 20
-139.8358749441133
 10
236.9779205454856
 20
-139.8541642322859
 10
236.9706048302155
 20
-139.8663570910679
 10
236.958411971435
 20
-139.8992778097783
 10
236.958411971435
 20
-139.840752087626
 10
236.8937898198924
 20
-139.840752087626
 10
236.8937898198924
 20
-140.0870478350179
 10
236.9620698290696
 20
-140.0870478350179
 10
236.9608505431893
 20
-140.0224256834744
  0
LWPOLYLINE
  5
BB
330
2
100
AcDbEntity
  8
0
 62
   139
100
AcDbPolyline
 90
       27
 70
     1
 43
0.0
 10
236.0390704192891
 20
-139.7834456513515
 10
236.0073689864571
 20
-139.7956385101337
 10
235.9805446971372
 20
-139.8188049418189
 10
235.9793254112578
 20
-139.8200242276969
 10
235.9622554089633
 20
-139.8480678028951
 10
235.9500625501828
 20
-139.8809885216058
 10
235.9464046925473
 20
-139.9187863838294
 10
235.9451854066697
 20
-139.944391387271
 10
235.9488432643015
 20
-139.9821892494949
 10
235.9561589795708
 20
-140.0090135388144
 10
235.968351838354
 20
-140.0321799704997
 10
235.9927375559187
 20
-140.0602235456979
 10
235.9963954135542
 20
-140.0638814033323
 10
236.0256582746274
 20
-140.0797321197487
 10
236.0622368509726
 20
-140.0882671208959
 10
236.0622368509726
 20
-140.0370571140125
 10
236.0561404215819
 20
-140.0358378281343
 10
236.0293161322638
 20
-140.0114521105707
 10
236.026877560505
 20
-140.0090135388144
 10
236.0146847017227
 20
-139.9797506777382
 10
236.0110268440899
 20
-139.9395142437583
 10
236.0110268440899
 20
-139.9358563861238
 10
236.0159039876012
 20
-139.8968392380221
 10
236.0280968463862
 20
-139.8687956628242
 10
236.0354125616509
 20
-139.8602606616768
 10
236.0634561368502
 20
-139.8444099452606
 10
236.0634561368502
 20
-139.7810070795953
  0
LWPOLYLINE
  5
BC
330
2
100
AcDbEntity
  8
0
 62
   139
100
AcDbPolyline
 90
       27
 70
     1
 43
0.0
 10
236.0951575696822
 20
-139.8456292311387
 10
236.1061311425869
 20
-139.8468485170169
 10
236.1305168601507
 20
-139.8712342345803
 10
236.1305168601507
 20
-139.8712342345803
 10
236.1414904330563
 20
-139.9017163815349
 10
236.1439290048115
 20
-139.9407335296365
 10
236.1439290048115
 20
-139.9431721013929
 10
236.1402711471787
 20
-139.9821892494949
 10
236.1280782883928
 20
-140.0114521105707
 10
236.1219818590048
 20
-140.019987111718
 10
236.0951575696822
 20
-140.0358378281343
 10
236.0951575696822
 20
-140.0894864067739
 10
236.1207625731272
 20
-140.0919249785305
 10
236.1731918658884
 20
-140.1187492678504
 10
236.1987968693279
 20
-140.0760742621142
 10
236.1731918658884
 20
-140.0626621174543
 10
236.1853847246698
 20
-140.0468114010383
 10
236.197577583453
 20
-140.0175485399616
 10
236.2061125845989
 20
-139.9821892494949
 10
236.2085511563569
 20
-139.9382949578803
 10
236.2073318704783
 20
-139.9114706685602
 10
236.2024547269625
 20
-139.8724535204587
 10
236.1927004399408
 20
-139.840752087626
 10
236.1768497235239
 20
-139.8163663700626
 10
236.1609990071051
 20
-139.8017349395244
 10
236.1305168601507
 20
-139.785884223108
 10
236.0951575696822
 20
-139.7810070795953
  0
LWPOLYLINE
  5
BD
330
2
100
AcDbEntity
  8
0
 62
   139
100
AcDbPolyline
 90
       24
 70
     1
 43
0.0
 10
236.2829275949248
 20
-139.8468485170169
 10
236.2597611632368
 20
-139.8590413757988
 10
236.2561033056022
 20
-139.8651378051895
 10
236.2414718750674
 20
-139.8919620945094
 10
236.2341561597982
 20
-139.9273213849764
 10
236.2317175880412
 20
-139.957803531931
 10
236.2353754456731
 20
-139.9980399659109
 10
236.2439104468244
 20
-140.0309606846219
 10
236.2573225914816
 20
-140.0565656880634
 10
236.2780504514108
 20
-140.0736356903579
 10
236.3073133124876
 20
-140.0833899773832
 10
236.3475497464683
 20
-140.0833899773832
 10
236.3634004628843
 20
-140.0809514056269
 10
236.3634004628843
 20
-140.0370571140125
 10
236.3256026006598
 20
-140.0297413987433
 10
236.3097518842428
 20
-140.0163292540835
 10
236.296339739582
 20
-139.9858471071291
 10
236.2951204537044
 20
-139.9638999613218
 10
236.301216883096
 20
-139.9273213849764
 10
236.3085325983652
 20
-139.9139092403169
 10
236.3341376018075
 20
-139.8992778097783
 10
236.3621811770049
 20
-139.8968392380221
 10
236.3621811770049
 20
-139.8480678028951
 10
236.3170675995111
 20
-139.8431906593824
  0
LWPOLYLINE
  5
BE
330
2
100
AcDbEntity
  8
0
 62
   139
100
AcDbPolyline
 90
        4
 70
     1
 43
0.0
 10
236.393882609836
 20
-139.8395328017479
 10
236.393882609836
 20
-140.144354271292
 10
236.459724047259
 20
-140.144354271292
 10
236.459724047259
 20
-139.8395328017479
  0
LWPOLYLINE
  5
BF
330
2
100
AcDbEntity
  8
0
 62
   139
100
AcDbPolyline
 90
       24
 70
     1
 43
0.0
 10
235.3965067614877
 20
-139.8444099452606
 10
235.4294274802001
 20
-139.8468485170169
 10
235.4550324836423
 20
-139.8553835181644
 10
235.4562517695208
 20
-139.8566028040422
 10
235.4660060565434
 20
-139.8907428086314
 10
235.4660060565434
 20
-139.8968392380221
 10
235.4513746260086
 20
-139.9261020990984
 10
235.4367431954665
 20
-139.9346371002459
 10
235.395287475611
 20
-139.9382949578803
 10
235.395287475611
 20
-139.99194353652
 10
235.4050417626363
 20
-139.9907242506418
 10
235.4440589107376
 20
-139.9870663930074
 10
235.4733217718135
 20
-139.9785313918599
 10
235.4891724882295
 20
-139.9675578189563
 10
235.5135582057933
 20
-139.9407335296365
 10
235.5233124928195
 20
-139.9200056697075
 10
235.5294089222102
 20
-139.8846463792403
 10
235.5281896363326
 20
-139.8651378051895
 10
235.5196546351849
 20
-139.8322170864788
 10
235.5123389199139
 20
-139.8224627994534
 10
235.4842953447146
 20
-139.8005156536462
 10
235.4733217718135
 20
-139.7968577960116
 10
235.4404010531048
 20
-139.7907613666209
 10
235.3965067614877
 20
-139.7871035089864
  0
LWPOLYLINE
  5
C0
330
2
100
AcDbEntity
  8
0
 62
   139
100
AcDbPolyline
 90
        4
 70
     1
 43
0.0
 10
235.3038410347467
 20
-139.7871035089864
 10
235.3038410347467
 20
-140.0870478350179
 10
235.3672439004135
 20
-140.0870478350179
 10
235.3672439004135
 20
-139.7871035089864
  0
LWPOLYLINE
  5
C1
330
2
100
AcDbEntity
  8
0
 62
   139
100
AcDbPolyline
 90
       24
 70
     1
 43
0.0
 10
235.6610917970561
 20
-139.8431906593824
 10
235.6610917970561
 20
-139.8980585239004
 10
235.6915739440069
 20
-139.9004970956566
 10
235.717178947451
 20
-139.9151285261949
 10
235.7244946627184
 20
-139.9273213849764
 10
235.7305910921091
 20
-139.9651192472
 10
235.7281525203539
 20
-139.9870663930074
 10
235.7159596615706
 20
-140.0175485399616
 10
235.6976703733995
 20
-140.0309606846219
 10
235.6598725111739
 20
-140.0382763998907
 10
235.6598725111739
 20
-140.0907056926524
 10
235.6793810852273
 20
-140.0907056926524
 10
235.7183982333258
 20
-140.0870478350179
 10
235.748880380283
 20
-140.0748549762358
 10
235.7683889543346
 20
-140.0565656880634
 10
235.7818010989936
 20
-140.0321799704997
 10
235.7915553860189
 20
-139.9980399659109
 10
235.7939939577741
 20
-139.9590228178091
 10
235.7927746718965
 20
-139.9273213849764
 10
235.7842396707506
 20
-139.8931813803876
 10
235.7708275260898
 20
-139.8651378051895
 10
235.7647310967
 20
-139.8590413757988
 10
235.7415646650129
 20
-139.8468485170169
 10
235.7062053745444
 20
-139.840752087626
  0
LWPOLYLINE
  5
C2
330
2
100
AcDbEntity
  8
0
 62
   139
100
AcDbPolyline
 90
        4
 70
     1
 43
0.0
 10
235.5611103550423
 20
-139.840752087626
 10
235.5611103550423
 20
-140.1455735571704
 10
235.6293903642195
 20
-140.1455735571704
 10
235.6293903642195
 20
-139.840752087626
  0
LWPOLYLINE
  5
C3
330
2
100
AcDbEntity
  8
0
 62
   139
100
AcDbPolyline
 90
       20
 70
     1
 43
0.0
 10
234.9965809934479
 20
-139.8346556582354
 10
234.9648795606149
 20
-139.8444099452606
 10
234.9368359854157
 20
-139.8663570910679
 10
234.9222045548772
 20
-139.8870849509969
 10
234.9112309819725
 20
-139.9200056697075
 10
234.9063538384612
 20
-139.9590228178091
 10
234.9100116960976
 20
-139.9943821082763
 10
234.9185466972435
 20
-140.0285221128654
 10
234.9343974136587
 20
-140.0565656880634
 10
234.9453709865634
 20
-140.0699778327234
 10
234.9734145617608
 20
-140.0882671208959
 10
235.0087738522275
 20
-140.0943635502868
 10
235.0087738522275
 20
-140.0419342575254
 10
234.9831688487861
 20
-140.0224256834744
 10
234.9746338476411
 20
-140.0053556811799
 10
234.9685374182505
 20
-139.9675578189563
 10
234.969756704128
 20
-139.944391387271
 10
234.9819495629085
 20
-139.9151285261949
 10
235.0087738522275
 20
-139.8980585239004
 10
235.0087738522275
 20
-139.8346556582354
  0
LWPOLYLINE
  5
C4
330
2
100
AcDbEntity
  8
0
 62
   139
100
AcDbPolyline
 90
       20
 70
     1
 43
0.0
 10
235.0392559991838
 20
-139.8980585239004
 10
235.0660802885045
 20
-139.9139092403169
 10
235.0733960037737
 20
-139.9273213849764
 10
235.0794924331626
 20
-139.9663385330784
 10
235.0770538614056
 20
-139.9907242506418
 10
235.0648610026242
 20
-140.0212063975961
 10
235.0392559991838
 20
-140.0419342575254
 10
235.0392559991838
 20
-140.0943635502868
 10
235.0563260014774
 20
-140.0931442644089
 10
235.0868081484318
 20
-140.0809514056269
 10
235.1124131518732
 20
-140.0553464021851
 10
235.1282638682883
 20
-140.0297413987433
 10
235.1380181553172
 20
-139.9956013941545
 10
235.1404567270724
 20
-139.957803531931
 10
235.1392374411948
 20
-139.9261020990984
 10
235.1294831541668
 20
-139.8919620945094
 10
235.1111938659983
 20
-139.8651378051895
 10
235.1038781507254
 20
-139.8578220899205
 10
235.0746152896495
 20
-139.8395328017479
 10
235.0392559991838
 20
-139.8346556582354
  0
LWPOLYLINE
  5
C5
330
2
100
AcDbEntity
  8
0
 62
   139
100
AcDbPolyline
 90
       25
 70
     1
 43
0.0
 10
234.7661359624703
 20
-139.8456292311387
 10
234.7795481071321
 20
-139.8480678028951
 10
234.8039338246967
 20
-139.8712342345803
 10
234.8136881117221
 20
-139.9017163815349
 10
234.8173459693549
 20
-139.9407335296365
 10
234.8173459693549
 20
-139.9419528155146
 10
234.8124688258427
 20
-139.9797506777382
 10
234.8002759670612
 20
-140.0102328246925
 10
234.7929602517893
 20
-140.019987111718
 10
234.7661359624703
 20
-140.0358378281343
 10
234.7661359624703
 20
-140.0931442644089
 10
234.7868638224022
 20
-140.0919249785305
 10
234.8173459693549
 20
-140.0785128338703
 10
234.845389544555
 20
-140.0541271163069
 10
234.8551438315767
 20
-140.0394956857688
 10
234.8685559762375
 20
-140.0102328246925
 10
234.8770909773871
 20
-139.9748735342253
 10
234.8807488350189
 20
-139.9334178143674
 10
234.8795295491413
 20
-139.9126899544386
 10
234.8758716915058
 20
-139.8736728063368
 10
234.8648981186029
 20
-139.8419713735041
 10
234.8502666880672
 20
-139.8163663700626
 10
234.8331966857718
 20
-139.8017349395244
 10
234.8027145388191
 20
-139.785884223108
 10
234.7661359624703
 20
-139.7810070795953
  0
LWPOLYLINE
  5
C6
330
2
100
AcDbEntity
  8
0
 62
   139
100
AcDbPolyline
 90
       26
 70
     1
 43
0.0
 10
234.7124873838315
 20
-139.7834456513515
 10
234.6807859509977
 20
-139.7956385101337
 10
234.6539616616787
 20
-139.8188049418189
 10
234.6454266605301
 20
-139.8285592288443
 10
234.6320145158711
 20
-139.8566028040422
 10
234.6234795147261
 20
-139.8919620945094
 10
234.6210409429691
 20
-139.9334178143674
 10
234.6210409429691
 20
-139.9553649601746
 10
234.6271373723589
 20
-139.9931628223983
 10
234.6381109452627
 20
-140.0248642552309
 10
234.6539616616787
 20
-140.0516885445506
 10
234.6722509498527
 20
-140.0699778327234
 10
234.7015138109259
 20
-140.0882671208959
 10
234.7356538155186
 20
-140.0931442644089
 10
234.7356538155186
 20
-140.0358378281343
 10
234.7283381002476
 20
-140.0346185422562
 10
234.7015138109259
 20
-140.0102328246925
 10
234.6990752391707
 20
-140.0077942529363
 10
234.6881016662687
 20
-139.9785313918599
 10
234.6832245227547
 20
-139.9382949578803
 10
234.6832245227547
 20
-139.9358563861238
 10
234.6881016662687
 20
-139.8968392380221
 10
234.7015138109259
 20
-139.8687956628242
 10
234.7076102403184
 20
-139.8602606616768
 10
234.7356538155186
 20
-139.8444099452606
 10
234.7356538155186
 20
-139.7810070795953
  0
LWPOLYLINE
  5
C7
330
2
100
AcDbEntity
  8
0
 62
   139
100
AcDbPolyline
 90
       29
 70
     0
 43
0.0
 10
234.4600952070491
 20
-139.9395142437583
 10
234.4600952070491
 20
-140.0870478350179
 10
234.3930344837458
 20
-140.0870478350179
 10
234.3930344837458
 20
-139.9602421036873
 10
234.389376626114
 20
-139.9200056697075
 10
234.3857187684812
 20
-139.910251382682
 10
234.3552366215267
 20
-139.8968392380221
 10
234.3515787638912
 20
-139.8968392380221
 10
234.3198773310573
 20
-139.9090320968038
 10
234.3150001875442
 20
-139.9163478120728
 10
234.305245900518
 20
-139.9504878166619
 10
234.3040266146413
 20
-139.9602421036873
 10
234.3040266146413
 20
-140.0870478350179
 10
234.2369658913444
 20
-140.0870478350179
 10
234.2369658913444
 20
-139.840752087626
 10
234.2991494711309
 20
-139.840752087626
 10
234.2991494711309
 20
-139.8992778097783
 10
234.3162194734237
 20
-139.8651378051895
 10
234.3308509039621
 20
-139.8505063746514
 10
234.3613330509147
 20
-139.8346556582354
 10
234.3771837673307
 20
-139.8334363723568
 10
234.4137623436786
 20
-139.8383135158699
 10
234.4222973448264
 20
-139.8419713735041
 10
234.4479023482659
 20
-139.8663570910679
 10
234.4479023482659
 20
-139.8675763769458
 10
234.4588759211688
 20
-139.8980585239004
 10
234.4600952070491
 20
-139.9321985284893
 10
234.4600952070491
 20
-139.9395142437583
 10
234.4600952070491
 20
-139.9321985284893
  0
LWPOLYLINE
  5
C8
330
2
100
AcDbEntity
  8
0
 62
   139
100
AcDbPolyline
 90
       10
 70
     1
 43
0.0
 10
233.9455565664598
 20
-140.0870478350179
 10
234.0028630027341
 20
-140.0870478350179
 10
234.0028630027341
 20
-139.8492870887733
 10
234.1138180176463
 20
-140.0870478350179
 10
234.1894137420945
 20
-140.0870478350179
 10
234.1894137420945
 20
-139.7871035089864
 10
234.135765163453
 20
-139.7871035089864
 10
234.135765163453
 20
-140.0224256834744
 10
234.0345644355671
 20
-139.787103508986
 10
233.9455565664598
 20
-139.7871035089864
  0
LWPOLYLINE
  5
C9
330
2
100
AcDbEntity
  8
0
 62
   139
100
AcDbPolyline
 90
       13
 70
     1
 43
0.0
 10
233.2725107617039
 20
-139.7871035089864
 10
233.2164236113072
 20
-140.0333992563779
 10
233.1591171750365
 20
-139.7871035089864
 10
233.0615743047806
 20
-139.7871035089864
 10
233.0615743047806
 20
-140.0870478350179
 10
233.1213193128092
 20
-140.0870478350179
 10
233.1213193128092
 20
-139.8468485170169
 10
233.1835028925975
 20
-140.0870478350179
 10
233.2469057582607
 20
-140.0870478350179
 10
233.3103086239284
 20
-139.8492870887733
 10
233.3103086239284
 20
-140.0870478350179
 10
233.3700536319589
 20
-140.0870478350179
 10
233.3700536319589
 20
-139.7871035089864
  0
LWPOLYLINE
  5
CA
330
2
100
AcDbEntity
  8
0
 62
   139
100
AcDbPolyline
 90
       43
 70
     1
 43
0.0
 10
233.6200072369834
 20
-139.8809885216058
 10
233.6029372346871
 20
-139.8517256605296
 10
233.5907443759102
 20
-139.8419713735041
 10
233.5541657995641
 20
-139.8334363723568
 10
233.5346572255125
 20
-139.8358749441133
 10
233.5053943644357
 20
-139.8505063746514
 10
233.4956400774104
 20
-139.861479947555
 10
233.4797893609934
 20
-139.8944006662659
 10
233.4797893609934
 20
-139.840752087626
 10
233.4163864953293
 20
-139.840752087626
 10
233.4163864953293
 20
-140.0870478350179
 10
233.4846665045047
 20
-140.0870478350179
 10
233.4846665045047
 20
-139.9614613895655
 10
233.4846665045047
 20
-139.9407335296365
 10
233.4944207915328
 20
-139.910251382682
 10
233.4956400774104
 20
-139.9078128109257
 10
233.5273415102424
 20
-139.8944006662659
 10
233.5553850854417
 20
-139.9065935250476
 10
233.5590429430772
 20
-139.9175670979512
 10
233.5614815148306
 20
-139.9590228178091
 10
233.5614815148306
 20
-140.0870478350179
 10
233.6297615240105
 20
-140.0870478350179
 10
233.6297615240105
 20
-139.9602421036873
 10
233.6297615240105
 20
-139.9407335296365
 10
233.6395158110367
 20
-139.910251382682
 10
233.6407350969125
 20
-139.9078128109257
 10
233.6724365297482
 20
-139.8956199521439
 10
233.7004801049466
 20
-139.9078128109257
 10
233.7029186766999
 20
-139.9175670979512
 10
233.7065765343354
 20
-139.957803531931
 10
233.7065765343354
 20
-140.0870478350179
 10
233.7736372576351
 20
-140.0870478350179
 10
233.7736372576351
 20
-139.937075672002
 10
233.7736372576351
 20
-139.9321985284893
 10
233.7736372576351
 20
-139.8968392380221
 10
233.7626636847322
 20
-139.8651378051895
 10
233.7394972530451
 20
-139.8419713735041
 10
233.7321815377768
 20
-139.8395328017479
 10
233.6956029614334
 20
-139.8334363723568
 10
233.6821908167735
 20
-139.8346556582354
 10
233.65170866982
 20
-139.8517256605296
 10
233.6407350969125
 20
-139.8663570910679
 10
233.6248843804974
 20
-139.8992778097783
  0
LWPOLYLINE
  5
CB
330
2
100
AcDbEntity
  8
0
 62
   139
100
AcDbPolyline
 90
        7
 70
     1
 43
0.0
 10
232.6787185390335
 20
-140.0273028269871
 10
232.6787185390335
 20
-140.0273028269871
 10
232.6787185390335
 20
-139.7871035089864
 10
232.6153156733649
 20
-139.7871035089864
 10
232.6153156733649
 20
-140.0870478350179
 10
232.7884542680699
 20
-140.0870478350179
 10
232.7884542680699
 20
-140.0273028269871
  0
LWPOLYLINE
  5
CC
330
2
100
AcDbEntity
  8
0
 62
   139
100
AcDbPolyline
 90
        5
 70
     1
 43
0.0
 10
232.8225942726581
 20
-139.7736913643264
 10
232.8225942726581
 20
-139.7736913643264
 10
232.8225942726581
 20
-140.0870478350179
 10
232.8896549959586
 20
-140.0870478350179
 10
232.8896549959586
 20
-139.7736913643264
  0
LWPOLYLINE
  5
CD
330
2
100
AcDbEntity
  8
0
 62
   139
100
AcDbPolyline
 90
       11
 70
     1
 43
0.0
 10
232.0873648881175
 20
-139.9358563861238
 10
232.1971006171529
 20
-139.7871035089864
 10
232.1190663209495
 20
-139.7871035089864
 10
232.0288391659637
 20
-139.9175670979512
 10
232.0288391659637
 20
-139.7871035089864
 10
231.9642170144212
 20
-139.7871035089864
 10
231.9642170144212
 20
-140.0870478350179
 10
232.0288391659637
 20
-140.0870478350179
 10
232.0288391659637
 20
-139.9517071025401
 10
232.1227241785814
 20
-140.0870478350179
 10
232.2007584747857
 20
-140.0870478350179
  0
LWPOLYLINE
  5
CE
330
2
100
AcDbEntity
  8
0
 62
   139
100
AcDbPolyline
 90
       11
 70
     1
 43
0.0
 10
232.3604849248263
 20
-139.9626806754439
 10
232.4580277950849
 20
-139.8431906593824
 10
232.3775549271227
 20
-139.8431906593824
 10
232.2995206309211
 20
-139.9541456742965
 10
232.2995206309211
 20
-139.7736913643264
 10
232.2300213358617
 20
-139.7736913643264
 10
232.2300213358617
 20
-140.0870478350179
 10
232.2970820591622
 20
-140.0870478350179
 10
232.2970820591622
 20
-139.9748735342253
 10
232.3775549271227
 20
-140.0870478350179
 10
232.4629049385935
 20
-140.0870478350179
  0
LWPOLYLINE
  5
CF
330
2
100
AcDbEntity
  8
0
 62
   139
100
AcDbPolyline
 90
        8
 70
     1
 43
0.0
 10
231.7288948399323
 20
-139.7785685078389
 10
231.7179212670285
 20
-139.7980770818898
 10
231.7288948399323
 20
-139.8163663700626
 10
231.7581577010092
 20
-139.8224627994534
 10
231.787420562086
 20
-139.8163663700626
 10
231.7971748491095
 20
-139.7968577960116
 10
231.7862012762093
 20
-139.7773492219607
 10
231.7581577010092
 20
-139.7712527925699
  0
LWPOLYLINE
  5
D0
330
2
100
AcDbEntity
  8
0
 62
   139
100
AcDbPolyline
 90
       16
 70
     1
 43
0.0
 10
231.7910784197188
 20
-139.840752087626
 10
231.753280557496
 20
-139.8456292311387
 10
231.7227984105416
 20
-139.840752087626
 10
231.7227984105416
 20
-140.0504692586727
 10
231.7227984105416
 20
-140.0553464021851
 10
231.7179212670285
 20
-140.0894864067739
 10
231.6984126929769
 20
-140.0980214079213
 10
231.6703691177777
 20
-140.0907056926524
 10
231.6715884036589
 20
-140.1358192701449
 10
231.6825619765627
 20
-140.1406964136577
 10
231.7179212670285
 20
-140.1455735571704
 10
231.7252369822968
 20
-140.1455735571704
 10
231.7593769868868
 20
-140.137038556023
 10
231.7837627044505
 20
-140.1150914102158
 10
231.7898591338412
 20
-140.0943635502868
 10
231.7910784197188
 20
-140.0492499727943
  0
LWPOLYLINE
  5
D1
330
2
100
AcDbEntity
  8
0
 62
   139
100
AcDbPolyline
 90
       17
 70
     1
 43
0.0
 10
231.4935726654426
 20
-140.0687585468451
 10
231.5374669570579
 20
-140.0907056926524
 10
231.5411248146934
 20
-140.0919249785305
 10
231.5789226769161
 20
-140.0931442644089
 10
231.6008698227228
 20
-140.0894864067739
 10
231.6313519696773
 20
-140.0699778327234
 10
231.6472026860934
 20
-140.0443728292815
 10
231.6545184013626
 20
-140.0090135388144
 10
231.6545184013626
 20
-139.7871035089864
 10
231.5911155356967
 20
-139.7871035089864
 10
231.5911155356967
 20
-139.9895049647635
 10
231.5911155356967
 20
-139.9980399659109
 10
231.5801419627965
 20
-140.0297413987433
 10
231.5789226769161
 20
-140.0309606846219
 10
231.5472212440841
 20
-140.0455921151599
 10
231.5264933841531
 20
-140.040714971647
 10
231.4935726654426
 20
-140.0175485399616
  0
LWPOLYLINE
  5
D2
330
2
100
AcDbEntity
  8
0
 62
   139
100
AcDbPolyline
 90
        5
 70
     1
 43
0.0
 10
231.1594883348239
 20
-139.7871035089864
 10
231.1594883348239
 20
-139.7871035089864
 10
231.1594883348239
 20
-140.0870478350179
 10
231.2228912004889
 20
-140.0870478350179
 10
231.2228912004889
 20
-139.7871035089864
  0
LWPOLYLINE
  5
D3
330
2
100
AcDbEntity
  8
0
 62
   139
100
AcDbPolyline
 90
        5
 70
     1
 43
0.0
 10
231.3375040730366
 20
-140.0870478350179
 10
231.3375040730366
 20
-139.840752087626
 10
231.3033640684494
 20
-139.8456292311387
 10
231.270443349737
 20
-139.840752087626
 10
231.270443349737
 20
-140.0870478350179
  0
LWPOLYLINE
  5
D4
330
2
100
AcDbEntity
  8
0
 62
   139
100
AcDbPolyline
 90
        8
 70
     1
 43
0.0
 10
231.2753204932501
 20
-139.7785685078389
 10
231.2643469203436
 20
-139.7980770818898
 10
231.2741012073716
 20
-139.8163663700626
 10
231.304583354326
 20
-139.8224627994534
 10
231.333846215402
 20
-139.8163663700626
 10
231.3423812165497
 20
-139.7968577960116
 10
231.3326269295226
 20
-139.7773492219607
 10
231.304583354326
 20
-139.7712527925699
  0
LWPOLYLINE
  5
D5
330
2
100
AcDbEntity
  8
0
 62
   139
100
AcDbPolyline
 90
       12
 70
     1
 43
0.0
 10
230.5474068239778
 20
-139.9651192472
 10
230.6534846953814
 20
-139.9651192472
 10
230.6534846953814
 20
-140.0870478350179
 10
230.7168875610446
 20
-140.0870478350179
 10
230.7168875610446
 20
-139.7871035089864
 10
230.6534846953814
 20
-139.7871035089864
 10
230.6534846953814
 20
-139.9017163815349
 10
230.5474068239778
 20
-139.9017163815349
 10
230.5474068239778
 20
-139.7871035089864
 10
230.4827846724361
 20
-139.7871035089864
 10
230.4827846724361
 20
-140.0870478350179
 10
230.5474068239778
 20
-140.0870478350179
  0
LWPOLYLINE
  5
D6
330
2
100
AcDbEntity
  8
0
 62
   139
100
AcDbPolyline
 90
       23
 70
     1
 43
0.0
 10
230.8936840133824
 20
-139.8346556582354
 10
230.8619825805504
 20
-139.8468485170169
 10
230.8510090076457
 20
-139.8566028040422
 10
230.8315004335959
 20
-139.8870849509969
 10
230.8315004335959
 20
-139.7736913643264
 10
230.7644397102936
 20
-139.7736913643264
 10
230.7644397102936
 20
-140.0870478350179
 10
230.8315004335959
 20
-140.0870478350179
 10
230.8315004335959
 20
-139.9663385330784
 10
230.8327197194735
 20
-139.9431721013929
 10
230.8473511500129
 20
-139.9090320968038
 10
230.8790525828449
 20
-139.8968392380221
 10
230.8802718687198
 20
-139.8968392380221
 10
230.9107540156742
 20
-139.9090320968038
 10
230.9144118733089
 20
-139.9151285261949
 10
230.9192890168219
 20
-139.9529263884182
 10
230.9192890168219
 20
-140.0870478350179
 10
230.9875690260019
 20
-140.0870478350179
 10
230.9875690260019
 20
-139.9029356674134
 10
230.9826918824888
 20
-139.882207807484
 10
230.964402594313
 20
-139.8529449464077
 10
230.9461133061409
 20
-139.840752087626
 10
230.9119733015555
 20
-139.8334363723568
  0
LWPOLYLINE
  5
D7
330
2
100
AcDbEntity
  8
0
 62
   139
100
AcDbPolyline
 90
       20
 70
     1
 43
0.0
 10
230.1645510582307
 20
-139.8346556582354
 10
230.1304110536407
 20
-139.8444099452606
 10
230.1048060502021
 20
-139.8639185193113
 10
230.0950517631731
 20
-139.8785499498494
 10
230.0828589043917
 20
-139.910251382682
 10
230.0792010467599
 20
-139.9492685307839
 10
230.0804203326365
 20
-139.9724349624691
 10
230.0889553337861
 20
-140.0065749670581
 10
230.1060253360806
 20
-140.0346185422562
 10
230.1157796231041
 20
-140.0455921151599
 10
230.1450424841791
 20
-140.0614428315762
 10
230.1816210605271
 20
-140.0663199750889
 10
230.1816210605271
 20
-140.0175485399616
 10
230.1572353429624
 20
-140.0016978235454
 10
230.1511389135699
 20
-139.99194353652
 10
230.1438231983016
 20
-139.9553649601746
 10
230.1450424841791
 20
-139.9407335296365
 10
230.15845462884
 20
-139.9090320968038
 10
230.1804017746495
 20
-139.8944006662659
 10
230.1804017746495
 20
-139.8334363723568
  0
LWPOLYLINE
  5
D8
330
2
100
AcDbEntity
  8
0
 62
   139
100
AcDbPolyline
 90
       42
 70
     1
 43
0.0
 10
229.8255895840989
 20
-139.8578220899205
 10
229.8158352970736
 20
-139.8919620945094
 10
229.8121774394381
 20
-139.9309792426109
 10
229.8182738688288
 20
-139.9834085353727
 10
229.8292474417344
 20
-140.0163292540835
 10
229.8450981581514
 20
-140.0468114010383
 10
229.8658260180778
 20
-140.0699778327234
 10
229.8950888791546
 20
-140.0882671208959
 10
229.9280095978634
 20
-140.0931442644089
 10
229.9353253131326
 20
-140.0931442644089
 10
229.9743424612348
 20
-140.0894864067739
 10
230.0036053223089
 20
-140.0797321197487
 10
230.0243331822398
 20
-140.0663199750889
 10
230.049938185683
 20
-140.040714971647
 10
230.0511574715606
 20
-139.9358563861238
 10
229.9901931776508
 20
-139.9358563861238
 10
229.9901931776508
 20
-140.0273028269871
 10
229.9853160341404
 20
-140.0297413987433
 10
229.9475181719149
 20
-140.0382763998907
 10
229.9206938825969
 20
-140.0346185422562
 10
229.8950888791546
 20
-140.0138906823274
 10
229.8914310215182
 20
-140.0102328246925
 10
229.8792381627386
 20
-139.9797506777382
 10
229.8755803051022
 20
-139.9407335296365
 10
229.8755803051022
 20
-139.9358563861238
 10
229.8816767344938
 20
-139.8980585239004
 10
229.8963081650313
 20
-139.8700149487024
 10
229.9158167390838
 20
-139.8529449464077
 10
229.9499567436701
 20
-139.8456292311387
 10
229.9706846036002
 20
-139.8468485170169
 10
230.0036053223089
 20
-139.8566028040422
 10
230.0145788952154
 20
-139.8639185193113
 10
230.0414031845371
 20
-139.8883042368749
 10
230.0414031845371
 20
-139.8188049418189
 10
230.0255524681174
 20
-139.8053927971588
 10
229.9950703211639
 20
-139.7895420807425
 10
229.9694653177244
 20
-139.7834456513515
 10
229.9280095978634
 20
-139.7810070795953
 10
229.9072817379342
 20
-139.7834456513515
 10
229.8755803051022
 20
-139.7968577960116
 10
229.8475367299066
 20
-139.8224627994534
 10
229.8414403005158
 20
-139.8297785147221
  0
LWPOLYLINE
  5
D9
330
2
100
AcDbEntity
  8
0
 62
   139
100
AcDbPolyline
 90
       39
 70
     1
 43
0.0
 10
230.24746249795
 20
-139.840752087626
 10
230.24746249795
 20
-139.8809885216058
 10
230.2401467826789
 20
-139.8639185193113
 10
230.2121032074815
 20
-139.8395328017479
 10
230.2121032074815
 20
-139.8944006662659
 10
230.2340503532882
 20
-139.9090320968038
 10
230.2401467826789
 20
-139.9175670979512
 10
230.24746249795
 20
-139.9699963907129
 10
230.2340503532882
 20
-140.0004785376671
 10
230.2108839216012
 20
-140.0175485399618
 10
230.2108839216012
 20
-140.0614428315762
 10
230.2316117815294
 20
-140.0468114010383
 10
230.2511203555828
 20
-140.0187678258399
 10
230.2486817838249
 20
-140.0455921151599
 10
230.2389274967977
 20
-140.0772935479924
 10
230.229173209776
 20
-140.0894864067739
 10
230.1950332051851
 20
-140.0992406937995
 10
230.1730860593784
 20
-140.0980214079213
 10
230.1413846265445
 20
-140.0919249785305
 10
230.1328496253995
 20
-140.0894864067739
 10
230.1011481925675
 20
-140.0699778327234
 10
230.1011481925675
 20
-140.1211878396069
 10
230.1048060502021
 20
-140.1236264113631
 10
230.1377267689127
 20
-140.1394771277793
 10
230.1547967712054
 20
-140.1431349854138
 10
230.1950332051851
 20
-140.1455735571704
 10
230.2267346380172
 20
-140.144354271292
 10
230.2596553567269
 20
-140.1358192701449
 10
230.2730675013895
 20
-140.1285035548758
 10
230.2962339330766
 20
-140.1053371231904
 10
230.2974532189523
 20
-140.1041178373124
 10
230.310865363615
 20
-140.0711971186014
 10
230.310865363615
 20
-140.0687585468451
 10
230.310865363615
 20
-140.0553464021851
 10
230.3120846494908
 20
-140.0321799704997
 10
230.3120846494908
 20
-139.9992592517889
 10
230.3120846494908
 20
-139.956584246053
 10
230.3120846494908
 20
-139.9029356674134
 10
230.310865363615
 20
-139.840752087626
  0
LWPOLYLINE
  5
DA
330
2
100
AcDbEntity
  8
0
 62
   139
100
AcDbPolyline
 90
       23
 70
     1
 43
0.0
 10
229.5219874004329
 20
-139.8919620945094
 10
229.485408824085
 20
-139.8919620945094
 10
229.485408824085
 20
-139.944391387271
 10
229.5219874004329
 20
-139.944391387271
 10
229.5219874004329
 20
-140.0870478350179
 10
229.5890481237316
 20
-140.0870478350179
 10
229.5890481237316
 20
-139.944391387271
 10
229.6670824199359
 20
-139.944391387271
 10
229.6670824199359
 20
-139.8919620945094
 10
229.5805131225857
 20
-139.8919620945094
 10
229.5817324084642
 20
-139.8663570910679
 10
229.5902674096092
 20
-139.8395328017479
 10
229.5902674096092
 20
-139.8383135158699
 10
229.6244074142001
 20
-139.8285592288443
 10
229.6378195588582
 20
-139.8309978006005
 10
229.6707402775687
 20
-139.8444099452606
 10
229.6707402775687
 20
-139.7919806524989
 10
229.6353809871003
 20
-139.7822263654735
 10
229.601240982513
 20
-139.7773492219607
 10
229.5719781214361
 20
-139.7810070795953
 10
229.542715260362
 20
-139.7980770818898
 10
229.5256452580657
 20
-139.8200242276969
 10
229.519548828674
 20
-139.8553835181644
  0
LWPOLYLINE
  5
DB
330
2
100
AcDbEntity
  8
0
 62
   139
100
AcDbPolyline
 90
       10
 70
     1
 43
0.0
 10
229.2671566518943
 20
-139.7871035089864
 10
229.2671566518943
 20
-140.0870478350179
 10
229.3305595175584
 20
-140.0870478350179
 10
229.3305595175584
 20
-139.9712156765912
 10
229.4622423924015
 20
-139.9712156765912
 10
229.4622423924015
 20
-139.9139092403169
 10
229.3305595175584
 20
-139.9139092403169
 10
229.3305595175584
 20
-139.8468485170169
 10
229.4622423924015
 20
-139.8468485170169
 10
229.4622423924015
 20
-139.7871035089864
  0
LWPOLYLINE
  5
DC
330
2
100
AcDbEntity
  8
0
 62
   139
100
AcDbPolyline
 90
       13
 70
     1
 43
0.0
 10
229.0147644751109
 20
-139.8870849509969
 10
229.0391501926738
 20
-139.8992778097783
 10
229.044027336186
 20
-139.9041549532912
 10
229.0574394808477
 20
-139.9382949578803
 10
229.0147644751109
 20
-139.9382949578803
 10
229.0147644751109
 20
-139.9834085353727
 10
229.1013337724594
 20
-139.9834085353727
 10
229.1013337724594
 20
-139.9590228178091
 10
229.0976759148257
 20
-139.9187863838294
 10
229.0891409136798
 20
-139.8870849509969
 10
229.075728769018
 20
-139.8651378051895
 10
229.0464659079439
 20
-139.8419713735041
 10
229.0147644751109
 20
-139.8334363723568
  0
LWPOLYLINE
  5
DD
330
2
100
AcDbEntity
  8
0
 62
   139
100
AcDbPolyline
 90
       31
 70
     1
 43
0.0
 10
229.0562201949701
 20
-140.0370571140125
 10
229.0452466220627
 20
-140.0419342575254
 10
229.0086680457211
 20
-140.0468114010383
 10
228.9915980434248
 20
-140.0455921151599
 10
228.9623351823479
 20
-140.0309606846219
 10
228.9525808953217
 20
-140.019987111718
 10
228.9440458941776
 20
-139.9834085353727
 10
228.9830630422789
 20
-139.9834085353727
 10
228.9830630422789
 20
-139.9382949578803
 10
228.9428266082982
 20
-139.9382949578803
 10
228.9440458941776
 20
-139.9297599567329
 10
228.9586773247133
 20
-139.9004970956566
 10
228.9830630422789
 20
-139.8870849509969
 10
228.9830630422789
 20
-139.8334363723568
 10
228.9720894693733
 20
-139.8346556582354
 10
228.9403880365412
 20
-139.8444099452606
 10
228.9111251754671
 20
-139.8675763769458
 10
228.8952744590511
 20
-139.8907428086314
 10
228.8843008861481
 20
-139.9236635273424
 10
228.8806430285117
 20
-139.9626806754439
 10
228.8830816002678
 20
-139.9992592517889
 10
228.8940551731716
 20
-140.0321799704997
 10
228.9111251754671
 20
-140.0590042598198
 10
228.9208794624933
 20
-140.0699778327234
 10
228.9501423235647
 20
-140.0882671208959
 10
228.9842823281565
 20
-140.0943635502868
 10
229.0184223327447
 20
-140.0931442644089
 10
229.0489044796991
 20
-140.0858285491395
 10
229.0635359102366
 20
-140.0785128338703
 10
229.0915794854341
 20
-140.0553464021851
 10
229.0915794854341
 20
-140.0053556811799
  0
LWPOLYLINE
  5
DE
330
2
100
AcDbEntity
  8
0
 62
   139
100
AcDbPolyline
 90
       12
 70
     1
 43
0.0
 10
228.6477594257808
 20
-139.7871035089864
 10
228.6477594257808
 20
-140.0870478350179
 10
228.8440644521647
 20
-140.0870478350179
 10
228.8440644521647
 20
-140.0297413987433
 10
228.7087237196879
 20
-140.0297413987433
 10
228.7087237196879
 20
-139.9663385330784
 10
228.8440644521647
 20
-139.9663385330784
 10
228.8440644521647
 20
-139.9090320968038
 10
228.7087237196879
 20
-139.9090320968038
 10
228.7087237196879
 20
-139.8468485170169
 10
228.8440644521647
 20
-139.8468485170169
 10
228.8440644521647
 20
-139.7871035089864
  0
LWPOLYLINE
  5
DF
330
2
100
AcDbEntity
  8
0
 62
   139
100
AcDbPolyline
 90
        4
 70
     1
 43
0.0
 10
228.4026829642648
 20
-139.7749106502044
 10
228.4026829642648
 20
-140.0870478350179
 10
228.4697436875644
 20
-140.0870478350179
 10
228.4697436875644
 20
-139.7749106502044
  0
LWPOLYLINE
  5
E0
330
2
100
AcDbEntity
  8
0
 62
   139
100
AcDbPolyline
 90
       25
 70
     1
 43
0.0
 10
228.2466143718598
 20
-139.9980399659109
 10
228.2563686588851
 20
-140.0321799704997
 10
228.2685615176665
 20
-140.0541271163069
 10
228.2953858069845
 20
-140.0833899773832
 10
228.3197715245492
 20
-140.0919249785305
 10
228.3526922432589
 20
-140.0858285491395
 10
228.3709815314346
 20
-140.0748549762358
 10
228.3709815314346
 20
-140.0333992563779
 10
228.357569386772
 20
-140.0382763998907
 10
228.3258679539408
 20
-140.0260835411089
 10
228.3197715245492
 20
-140.0187678258399
 10
228.3087979516454
 20
-139.9870663930074
 10
228.3124558092827
 20
-139.9273213849764
 10
228.3197715245492
 20
-139.9151285261949
 10
228.3490343856243
 20
-139.8980585239004
 10
228.3563501008944
 20
-139.8980585239004
 10
228.3709815314346
 20
-139.9041549532912
 10
228.3709815314346
 20
-139.8505063746514
 10
228.3429379562363
 20
-139.8358749441133
 10
228.3246486680614
 20
-139.8346556582354
 10
228.2917279493499
 20
-139.8431906593824
 10
228.2673422317889
 20
-139.8663570910679
 10
228.2527108012469
 20
-139.8944006662659
 10
228.2453950859822
 20
-139.9297599567329
 10
228.2441758001019
 20
-139.9590228178091
  0
LWPOLYLINE
  5
E1
330
2
100
AcDbEntity
  8
0
 62
   139
100
AcDbPolyline
 90
       28
 70
     1
 43
0.0
 10
228.0710372053995
 20
-139.8383135158699
 10
228.108835067625
 20
-139.8480678028951
 10
228.1344400710655
 20
-139.8651378051895
 10
228.1454136439693
 20
-139.8785499498494
 10
228.1600450745077
 20
-139.9090320968038
 10
228.1612643603844
 20
-139.9261020990984
 10
228.1588257886301
 20
-139.9638999613218
 10
228.1502907874824
 20
-139.9907242506418
 10
228.1295629275533
 20
-140.0175485399616
 10
228.1051772099922
 20
-140.0333992563779
 10
228.0710372053995
 20
-140.0419342575254
 10
228.0710372053995
 20
-140.0870478350179
 10
228.0978614947212
 20
-140.0858285491395
 10
228.1295629275533
 20
-140.0760742621142
 10
228.1454136439693
 20
-140.0675392609668
 10
228.1734572191685
 20
-140.0455921151599
 10
228.1868693638275
 20
-140.0273028269871
 10
228.2051586520006
 20
-139.9931628223983
 10
228.2075972237567
 20
-139.9870663930074
 10
228.2136936531492
 20
-139.9541456742965
 10
228.2136936531492
 20
-139.9151285261949
 10
228.2088165096361
 20
-139.8931813803876
 10
228.1954043649753
 20
-139.8602606616768
 10
228.1734572191685
 20
-139.8297785147224
 10
228.1685800756545
 20
-139.8236820853319
 10
228.1429750722123
 20
-139.8053927971588
 10
228.1100543535044
 20
-139.7931999383771
 10
228.0710372053995
 20
-139.785884223108
  0
LWPOLYLINE
  5
E2
330
2
100
AcDbEntity
  8
0
 62
   139
100
AcDbPolyline
 90
        6
 70
     1
 43
0.0
 10
227.9734943351473
 20
-139.785884223108
 10
227.9734943351473
 20
-140.0870478350179
 10
228.0381164866899
 20
-140.0870478350179
 10
228.0381164866899
 20
-140.0297413987433
 10
228.0381164866899
 20
-139.8468485170169
 10
228.0381164866899
 20
-139.785884223108
  0
LWPOLYLINE
  5
E3
330
2
100
AcDbEntity
  8
0
 62
   139
100
AcDbPolyline
 90
       37
 70
     1
 43
0.0
 10
227.8015750263226
 20
-140.0065749670581
 10
227.7771893087606
 20
-140.0309606846219
 10
227.7698735934905
 20
-140.0346185422562
 10
227.7332950171453
 20
-140.0419342575254
 10
227.7198828724863
 20
-140.0394956857688
 10
227.6918392972898
 20
-140.0212063975961
 10
227.6808657243833
 20
-140.0041363953017
 10
227.6772078667514
 20
-139.9456106731494
 10
227.6918392972898
 20
-139.9151285261949
 10
227.699155012559
 20
-139.9078128109257
 10
227.7332950171453
 20
-139.8980585239004
 10
227.741830018293
 20
-139.8980585239004
 10
227.7747507370018
 20
-139.9065935250476
 10
227.780847166397
 20
-139.910251382682
 10
227.8064521698375
 20
-139.9358563861238
 10
227.8064521698375
 20
-139.8700149487024
 10
227.7966978828131
 20
-139.8590413757988
 10
227.7674350217344
 20
-139.840752087626
 10
227.7479264476865
 20
-139.8358749441133
 10
227.7064707278291
 20
-139.8346556582354
 10
227.6930585831674
 20
-139.8346556582354
 10
227.6613571503353
 20
-139.8468485170169
 10
227.6369714327679
 20
-139.8724535204587
 10
227.6247785739911
 20
-139.8944006662659
 10
227.6150242869639
 20
-139.9273213849764
 10
227.6113664293284
 20
-139.9638999613218
 10
227.612585715206
 20
-139.99194353652
 10
227.6223400022323
 20
-140.0260835411089
 10
227.639410004525
 20
-140.0553464021851
 10
227.6479450056745
 20
-140.0675392609668
 10
227.6759885808738
 20
-140.0882671208959
 10
227.7089092995807
 20
-140.0943635502868
 10
227.741830018293
 20
-140.0931442644089
 10
227.7723121652457
 20
-140.0858285491395
 10
227.780847166397
 20
-140.0809514056269
 10
227.8076714557151
 20
-140.0565656880634
 10
227.8076714557151
 20
-139.9980399659109
  0
LWPOLYLINE
  5
E4
330
2
100
AcDbEntity
  8
0
 62
   139
100
AcDbPolyline
 90
       39
 70
     1
 43
0.0
 10
227.5564985648102
 20
-140.012671396449
 10
227.5272357037361
 20
-140.0321799704997
 10
227.5016307002911
 20
-140.0382763998907
 10
227.4711485533385
 20
-140.0309606846219
 10
227.4443242640168
 20
-140.0102328246925
 10
227.4431049781419
 20
-140.0077942529363
 10
227.4296928334811
 20
-139.9773121059819
 10
227.424815689968
 20
-139.9358563861238
 10
227.4309121193587
 20
-139.8980585239004
 10
227.4455435498971
 20
-139.8700149487024
 10
227.467490695703
 20
-139.8517256605296
 10
227.5016307002911
 20
-139.8444099452606
 10
227.5235778460997
 20
-139.8480678028951
 10
227.5528407071747
 20
-139.8639185193113
 10
227.5833228541292
 20
-139.8944006662659
 10
227.5833228541292
 20
-139.8200242276969
 10
227.5711299953514
 20
-139.8090506547933
 10
227.5406478483933
 20
-139.7907613666209
 10
227.5138235590725
 20
-139.7834456513515
 10
227.4735871250937
 20
-139.7810070795953
 10
227.454078551043
 20
-139.7834456513515
 10
227.422377118211
 20
-139.7956385101337
 10
227.3943335430117
 20
-139.8200242276969
 10
227.3870178277462
 20
-139.8297785147224
 10
227.3736056830826
 20
-139.8578220899205
 10
227.3638513960582
 20
-139.8919620945094
 10
227.3614128243012
 20
-139.9334178143674
 10
227.3626321101797
 20
-139.9529263884182
 10
227.3675092536937
 20
-139.9907242506418
 10
227.3784828265957
 20
-140.0236449693526
 10
227.3955528288902
 20
-140.0504692586727
 10
227.4114035453072
 20
-140.0687585468451
 10
227.440666406384
 20
-140.0870478350179
 10
227.472367839217
 20
-140.0931442644089
 10
227.5101657014407
 20
-140.0907056926524
 10
227.5394285625157
 20
-140.0821706915051
 10
227.5552792789317
 20
-140.0736356903579
 10
227.5833228541292
 20
-140.0504692586727
 10
227.5833228541292
 20
-139.9846278212509
  0
LWPOLYLINE
  5
E5
330
2
100
AcDbEntity
  8
0
 62
   139
100
AcDbPolyline
 90
       26
 70
     1
 43
0.0
 10
227.0834156440792
 20
-140.0894864067739
 10
227.1212135063028
 20
-140.0943635502868
 10
227.1260906498151
 20
-140.0943635502868
 10
227.1565727967668
 20
-140.0833899773832
 10
227.1833970860885
 20
-140.0565656880634
 10
227.1980285166269
 20
-140.0309606846219
 10
227.2077828036522
 20
-139.9968206800327
 10
227.2102213754083
 20
-139.957803531931
 10
227.2090020895298
 20
-139.9285406708548
 10
227.2004670883821
 20
-139.8931813803876
 10
227.1870549437204
 20
-139.8663570910679
 10
227.1602306544014
 20
-139.8419713735041
 10
227.1285292215694
 20
-139.8346556582354
 10
227.1114592192766
 20
-139.8346556582354
 10
227.0797577864446
 20
-139.840752087626
 10
227.0797577864446
 20
-139.9041549532912
 10
227.0956085028606
 20
-139.8980585239004
 10
227.1041435040074
 20
-139.8980585239004
 10
227.1334063650797
 20
-139.9139092403169
 10
227.1407220803508
 20
-139.9273213849764
 10
227.145599223863
 20
-139.9638999613218
 10
227.1443799379854
 20
-139.9870663930074
 10
227.1334063650797
 20
-140.0175485399616
 10
227.1260906498151
 20
-140.0260835411089
 10
227.094389216983
 20
-140.0382763998907
 10
227.0809770723222
 20
-140.0333992563779
  0
LWPOLYLINE
  5
E6
330
2
100
AcDbEntity
  8
0
 62
   139
100
AcDbPolyline
 90
        4
 70
     1
 43
0.0
 10
226.9809956303129
 20
-139.7749106502044
 10
226.9809956303129
 20
-140.0870478350179
 10
227.0480563536107
 20
-140.0870478350179
 10
227.0480563536107
 20
-139.7749106502044
  0
LWPOLYLINE
  5
E7
330
2
100
AcDbEntity
  8
0
 62
   139
100
AcDbPolyline
 90
       37
 70
     1
 43
0.0
 10
226.8139534650022
 20
-139.840752087626
 10
226.8383391825641
 20
-139.8431906593824
 10
226.8663827577634
 20
-139.8505063746514
 10
226.8785756165448
 20
-139.8761113780932
 10
226.8663827577634
 20
-139.9029356674134
 10
226.8541898989802
 20
-139.9090320968038
 10
226.8127341791219
 20
-139.9126899544386
 10
226.8127341791219
 20
-139.9602421036873
 10
226.8419970401997
 20
-139.9614613895655
 10
226.8688213295186
 20
-139.9687771048346
 10
226.8810141883027
 20
-139.9968206800327
 10
226.8688213295186
 20
-140.0260835411089
 10
226.8554091848605
 20
-140.0309606846219
 10
226.8127341791219
 20
-140.0333992563779
 10
226.8127341791219
 20
-140.0870478350179
 10
226.8493127554698
 20
-140.0858285491395
 10
226.8871106176907
 20
-140.0833899773832
 10
226.9078384776189
 20
-140.0760742621142
 10
226.9114963352554
 20
-140.0736356903579
 10
226.9346627669388
 20
-140.0468114010383
 10
226.9395399104547
 20
-140.0333992563779
 10
226.9431977680874
 20
-139.9956013941545
 10
226.9419784822098
 20
-139.9773121059819
 10
226.923689194035
 20
-139.9504878166619
 10
226.906619191745
 20
-139.9419528155146
 10
226.8688213295186
 20
-139.9334178143674
 10
226.8944263329609
 20
-139.9273213849764
 10
226.922469908161
 20
-139.9114706685602
 10
226.9322241951863
 20
-139.8992778097783
 10
226.9407591963304
 20
-139.8651378051895
 10
226.9407591963304
 20
-139.8541642322859
 10
226.9322241951863
 20
-139.8212435135751
 10
226.9322241951863
 20
-139.8200242276969
 10
226.9053999058629
 20
-139.7968577960116
 10
226.8944263329609
 20
-139.7944192242553
 10
226.8627249001288
 20
-139.7895420807425
 10
226.8139534650022
 20
-139.7883227948644
  0
LWPOLYLINE
  5
E8
330
2
100
AcDbEntity
  8
0
 62
   139
100
AcDbPolyline
 90
        4
 70
     1
 43
0.0
 10
226.7212877382585
 20
-139.7871035089864
 10
226.7212877382585
 20
-140.0870478350179
 10
226.7822520321674
 20
-140.0870478350179
 10
226.7822520321674
 20
-139.7871035089864
  0
LWPOLYLINE
  5
E9
330
2
100
AcDbEntity
  8
0
 62
   139
100
AcDbPolyline
 90
       12
 70
     1
 43
0.0
 10
226.3981769805418
 20
-139.9614613895655
 10
226.3664755477098
 20
-139.9760928201039
 10
226.3530634030499
 20
-139.9895049647635
 10
226.3433091160227
 20
-140.0236449693526
 10
226.3469669736592
 20
-140.0468114010383
 10
226.3640369759528
 20
-140.0748549762358
 10
226.3823262641258
 20
-140.0870478350179
 10
226.4176855545906
 20
-140.0943635502868
 10
226.4176855545906
 20
-140.0480306869161
 10
226.405492695811
 20
-140.0212063975961
 10
226.4189048404728
 20
-139.9992592517889
 10
226.4189048404728
 20
-139.9541456742965
  0
LWPOLYLINE
  5
EA
330
2
100
AcDbEntity
  8
0
 62
   139
100
AcDbPolyline
 90
       32
 70
     1
 43
0.0
 10
226.4908427072819
 20
-139.9699963907129
 10
226.489623421407
 20
-139.99194353652
 10
226.4762112767462
 20
-140.0321799704994
 10
226.4493869874264
 20
-140.0504692586727
 10
226.4493869874264
 20
-140.0882671208959
 10
226.4713341332331
 20
-140.0748549762358
 10
226.4920619931586
 20
-140.0504692586727
 10
226.4920619931586
 20
-140.0870478350179
 10
226.548149143558
 20
-140.0870478350179
 10
226.548149143558
 20
-139.9309792426109
 10
226.548149143558
 20
-139.9139092403169
 10
226.5396141424094
 20
-139.8797692357279
 10
226.5322984271402
 20
-139.8663570910679
 10
226.505474137824
 20
-139.8444099452606
 10
226.489623421407
 20
-139.8383135158699
 10
226.4530448450619
 20
-139.8346556582354
 10
226.4347555568879
 20
-139.8346556582354
 10
226.400615552298
 20
-139.8444099452606
 10
226.3847648358819
 20
-139.8517256605296
 10
226.3542826889266
 20
-139.8724535204587
 10
226.3542826889266
 20
-139.9321985284893
 10
226.3774491206118
 20
-139.9126899544386
 10
226.4079312675681
 20
-139.8931813803876
 10
226.4347555568879
 20
-139.8870849509969
 10
226.4457291297881
 20
-139.8870849509969
 10
226.4774305626256
 20
-139.8956199521439
 10
226.489623421407
 20
-139.9163478120728
 10
226.4749919908686
 20
-139.937075672002
 10
226.4493869874264
 20
-139.9456106731494
 10
226.4493869874264
 20
-139.9882856788853
 10
226.4627991320872
 20
-139.9834085353727
 10
226.4908427072819
 20
-139.9687771048346
  0
LWPOLYLINE
  5
EB
330
2
100
AcDbEntity
  8
0
 62
   139
100
AcDbPolyline
 90
        9
 70
     1
 43
0.0
 10
226.196994810643
 20
-139.7871035089864
 10
226.196994810643
 20
-139.8797692357279
 10
226.2189419564497
 20
-139.9541456742965
 10
226.196994810643
 20
-139.9541456742965
 10
226.196994810643
 20
-140.0114521105707
 10
226.2335733869881
 20
-140.0114521105707
 10
226.2555205327949
 20
-140.0870478350179
 10
226.3213619702178
 20
-140.0870478350179
 10
226.2299155293535
 20
-139.7871035089864
  0
LWPOLYLINE
  5
EC
330
2
100
AcDbEntity
  8
0
 62
   139
100
AcDbPolyline
 90
        9
 70
     1
 43
0.0
 10
226.0421455041119
 20
-140.0870478350179
 10
226.1067676556599
 20
-140.0870478350179
 10
226.1287148014639
 20
-140.0114521105707
 10
226.1652933778127
 20
-140.0114521105707
 10
226.1652933778127
 20
-139.9541456742965
 10
226.1433462320024
 20
-139.9541456742965
 10
226.1652933778127
 20
-139.8797692357279
 10
226.1652933778127
 20
-139.7871035089864
 10
226.1348112308574
 20
-139.7871035089864
  0
ENDSEC
  0
SECTION
  2
OBJECTS
  0
DICTIONARY
  5
B
330
0
100
AcDbDictionary
281
     1
  3
ACAD_COLOR
350
47
  3
ACAD_FIELDLIST
350
EE
  3
ACAD_GROUP
350
42
  3
ACAD_LAYOUT
350
18
  3
ACAD_MATERIAL
350
D
  3
ACAD_MLEADERSTYLE
350
4A
  3
ACAD_MLINESTYLE
350
43
  3
ACAD_PLOTSETTINGS
350
44
  3
ACAD_PLOTSTYLENAME
350
A
  3
ACAD_SCALELIST
350
48
  3
ACAD_TABLESTYLE
350
49
  3
ACAD_VISUALSTYLE
350
32
  3
ACDB_RECOMPOSE_DATA
350
F0
  3
AcDbVariableDictionary
350
4B
  0
DICTIONARY
  5
34
330
2F
100
AcDbDictionary
280
     1
281
     1
  0
DICTIONARY
  5
25
330
24
100
AcDbDictionary
280
     1
281
     1
  3
ACAD_LAYERSTATES
360
26
  0
DICTIONARY
  5
8
330
7
100
AcDbDictionary
280
     1
281
     1
  0
DICTIONARY
  5
3
330
2
100
AcDbDictionary
280
     1
281
     1
  3
ACAD_SORTENTS
360
ED
  3
COUNTSPACE
360
5
  0
DICTIONARY
  5
1C
330
1B
100
AcDbDictionary
280
     1
281
     1
  3
ACAD_SORTENTS
360
1D
  0
DICTIONARY
  5
47
102
{ACAD_REACTORS
330
B
102
}
330
B
100
AcDbDictionary
281
     1
  0
FIELDLIST
  5
EE
102
{ACAD_REACTORS
330
B
102
}
330
B
100
AcDbIdSet
 90
        0
100
AcDbFieldList
  0
DICTIONARY
  5
42
102
{ACAD_REACTORS
330
B
102
}
330
B
100
AcDbDictionary
281
     1
  0
DICTIONARY
  5
18
102
{ACAD_REACTORS
330
B
102
}
330
B
100
AcDbDictionary
281
     1
  3
Model
350
17
  3
S01 _1  _SD102809
350
20
  0
DICTIONARY
  5
D
102
{ACAD_REACTORS
330
B
102
}
330
B
100
AcDbDictionary
281
     1
  3
ByBlock
350
46
  3
ByLayer
350
45
  3
Global
350
C
  0
DICTIONARY
  5
4A
102
{ACAD_REACTORS
330
B
102
}
330
B
100
AcDbDictionary
281
     1
  0
DICTIONARY
  5
43
102
{ACAD_REACTORS
330
B
102
}
330
B
100
AcDbDictionary
281
     1
  3
Standard
350
56
  0
DICTIONARY
  5
44
102
{ACAD_REACTORS
330
B
102
}
330
B
100
AcDbDictionary
281
     1
  0
ACDBDICTIONARYWDFLT
  5
A
102
{ACAD_REACTORS
330
B
102
}
330
B
100
AcDbDictionary
281
     1
  3
Normal
350
9
100
AcDbDictionaryWithDefault
340
9
  0
DICTIONARY
  5
48
102
{ACAD_REACTORS
330
B
102
}
330
B
100
AcDbDictionary
281
     1
  3
A0
350
5B
  3
A1
350
5C
  3
A2
350
5D
  3
A3
350
5E
  3
A4
350
5F
  3
A5
350
60
  3
A6
350
61
  3
A7
350
62
  3
A8
350
63
  3
A9
350
64
  3
B0
350
65
  3
B1
350
66
  3
B2
350
67
  3
B3
350
68
  3
B4
350
69
  3
B5
350
6A
  3
B6
350
6B
  3
B7
350
6C
  3
B8
350
6D
  3
B9
350
6E
  3
C0
350
6F
  3
C1
350
70
  3
C2
350
71
  3
C3
350
72
  3
C4
350
73
  3
C5
350
74
  3
C6
350
75
  3
C7
350
76
  0
DICTIONARY
  5
49
102
{ACAD_REACTORS
330
B
102
}
330
B
100
AcDbDictionary
281
     1
  3
Standard
350
57
  0
DICTIONARY
  5
32
102
{ACAD_REACTORS
330
B
102
}
330
B
100
AcDbDictionary
281
     1
  3
2dWireframe
350
31
  3
3dWireframe
350
5A
  3
Realistic
350
59
  0
XRECORD
  5
F0
102
{ACAD_REACTORS
330
B
102
}
330
B
100
AcDbXrecord
280
     1
 90
        1
330
57
  0
DICTIONARY
  5
4B
102
{ACAD_REACTORS
330
B
102
}
330
B
100
AcDbDictionary
281
     1
  3
CANNOSCALE
350
4C
  3
CENTERLAYER
350
4D
  3
CMLEADERSTYLE
350
4E
  3
CTABLESTYLE
350
4F
  3
CVIEWDETAILSTYLE
350
50
  3
CVIEWSECTIONSTYLE
350
51
  3
DIMLAYER
350
52
  3
HPCOLOR
350
53
  3
HPTRANSPARENCY
350
54
  0
DICTIONARY
  5
26
102
{ACAD_REACTORS
330
25
102
}
330
25
100
AcDbDictionary
281
     1
  0
SORTENTSTABLE
  5
ED
102
{ACAD_REACTORS
330
3
102
}
330
3
100
AcDbSortentsTable
330
2
331
77
  5
EC
331
78
  5
EB
331
79
  5
EA
331
7A
  5
E9
331
7B
  5
E8
331
7C
  5
E7
331
7D
  5
E6
331
7E
  5
E5
331
7F
  5
E4
331
80
  5
E3
331
81
  5
E2
331
82
  5
E1
331
83
  5
E0
331
84
  5
DF
331
85
  5
DE
331
86
  5
DD
331
87
  5
DC
331
88
  5
DB
331
89
  5
DA
331
8A
  5
D9
331
8B
  5
D8
331
8C
  5
D7
331
8D
  5
D6
331
8E
  5
D5
331
8F
  5
D4
331
90
  5
D3
331
91
  5
D2
331
92
  5
D1
331
93
  5
D0
331
94
  5
CF
331
95
  5
CE
331
96
  5
CD
331
97
  5
CC
331
98
  5
CB
331
99
  5
CA
331
9A
  5
C9
331
9B
  5
C8
331
9C
  5
C7
331
9D
  5
C6
331
9E
  5
C5
331
9F
  5
C4
331
A0
  5
C3
331
A1
  5
C2
331
A2
  5
C1
331
A3
  5
C0
331
A4
  5
BF
331
A5
  5
BE
331
A6
  5
BD
331
A7
  5
BC
331
A8
  5
BB
331
A9
  5
BA
331
AA
  5
B9
331
AB
  5
B8
331
AC
  5
B7
331
AD
  5
B6
331
AE
  5
B5
331
AF
  5
B4
331
B0
  5
B3
331
B1
  5
B2
331
B2
  5
B1
331
B3
  5
B0
331
B4
  5
AF
331
B5
  5
AE
331
B6
  5
AD
331
B7
  5
AC
331
B8
  5
AB
331
B9
  5
AA
331
BA
  5
A9
331
BB
  5
A8
331
BC
  5
A7
331
BD
  5
A6
331
BE
  5
A5
331
BF
  5
A4
331
C0
  5
A3
331
C1
  5
A2
331
C2
  5
A1
331
C3
  5
A0
331
C4
  5
9F
331
C5
  5
9E
331
C6
  5
9D
331
C7
  5
9C
331
C8
  5
9B
331
C9
  5
9A
331
CA
  5
99
331
CB
  5
98
331
CC
  5
97
331
CD
  5
96
331
CE
  5
95
331
CF
  5
94
331
D0
  5
93
331
D1
  5
92
331
D2
  5
91
331
D3
  5
90
331
D4
  5
8F
331
D5
  5
8E
331
D6
  5
8D
331
D7
  5
8C
331
D8
  5
8B
331
D9
  5
8A
331
DA
  5
89
331
DB
  5
88
331
DC
  5
87
331
DD
  5
86
331
DE
  5
85
331
DF
  5
84
331
E0
  5
83
331
E1
  5
82
331
E2
  5
81
331
E3
  5
80
331
E4
  5
7F
331
E5
  5
7E
331
E6
  5
7D
331
E7
  5
7C
331
E8
  5
7B
331
E9
  5
7A
331
EA
  5
79
331
EB
  5
78
331
EC
  5
77
  0
XRECORD
  5
5
102
{ACAD_REACTORS
330
3
102
}
330
3
100
AcDbXrecord
280
     1
  0
SORTENTSTABLE
  5
1D
102
{ACAD_REACTORS
330
1C
102
}
330
1C
100
AcDbSortentsTable
330
1B
  0
LAYOUT
  5
17
102
{ACAD_XDICTIONARY
360
19
102
}
102
{ACAD_REACTORS
330
18
102
}
330
18
100
AcDbPlotSettings
  1

  2
AutoCAD PDF (High Quality Print).pc3
  4
ANSI_full_bleed_B_(11.00_x_17.00_Inches)
  6

 40
0.0
 41
0.0
 42
0.0
 43
0.0
 44
279.3999938964844
 45
431.7999877929687
 46
98.55395950140636
 47
0.0
 48
0.0
 49
0.0
140
0.0
141
0.0
142
1.0
143
380.9056109233697
 70
 11956
 72
     0
 73
     1
 74
     1
  7
Hendrick_11x17_PDF.ctb
 75
     0
147
0.0026253223143021
 76
     0
 77
     2
 78
   300
148
14424.28872817552
149
25928.29965598848
100
AcDbLayout
  1
Model
 70
     1
 71
     0
 10
0.0
 20
0.0
 11
12.0
 21
9.0
 12
0.0
 22
0.0
 32
0.0
 14
0.0
 24
0.0
 34
0.0
 15
0.0
 25
0.0
 35
0.0
146
0.0
 13
0.0
 23
0.0
 33
0.0
 16
1.0
 26
0.0
 36
0.0
 17
0.0
 27
1.0
 37
0.0
 76
     0
330
2
331
30
1001
ACAD_PSEXT
1000
AutoCAD PDF (High Quality Print).pc3
1000
DWG To PDF
1000
File
1000

1070
     0
  0
LAYOUT
  5
20
102
{ACAD_XDICTIONARY
360
21
102
}
102
{ACAD_REACTORS
330
18
102
}
330
18
100
AcDbPlotSettings
  1

  2
AutoCAD PDF (High Quality Print).pc3
  4
ANSI_full_bleed_B_(11.00_x_17.00_Inches)
  6

 40
0.0
 41
0.0
 42
0.0
 43
0.0
 44
279.3999938964844
 45
431.7999877929687
 46
-0.0000030517578011
 47
-0.0000061035156023
 48
0.0
 49
0.0
140
17.0
141
11.0
142
1.0
143
1.0
 70
   564
 72
     0
 73
     1
 74
     4
  7
Hendrick_11x17_PDF.ctb
 75
    16
147
1.0
 76
     0
 77
     2
 78
   300
148
0.0
149
0.0
100
AcDbLayout
  1
S01 _1  _SD102809
 70
     1
 71
     1
 10
0.0000002402958899
 20
0.0000001201479449
 11
16.99999975970411
 21
10.99999987985205
 12
0.0
 22
0.0
 32
0.0
 14
-4.530100783013938
 24
0.374880944458443
 34
0.0
 15
16.55375473207283
 25
11.47060035371867
 35
0.0
146
0.0
 13
0.0
 23
0.0
 33
0.0
 16
1.0
 26
0.0
 36
0.0
 17
0.0
 27
1.0
 37
0.0
 76
     0
330
1B
1001
AcadAnnoAV
1070
     1
1001
PLOTTRANSPARENCY
1071
        1
1001
ACAD_PSEXT
1000
AutoCAD PDF (High Quality Print).pc3
1000
DWG To PDF
1000
File
1000

1070
     0
  0
MATERIAL
  5
46
102
{ACAD_REACTORS
330
D
102
}
330
D
100
AcDbMaterial
  1
ByBlock
 94
       63
  0
MATERIAL
  5
45
102
{ACAD_REACTORS
330
D
102
}
330
D
100
AcDbMaterial
  1
ByLayer
 94
       63
  0
MATERIAL
  5
C
102
{ACAD_XDICTIONARY
360
E
102
}
102
{ACAD_REACTORS
330
D
102
}
330
D
100
AcDbMaterial
  1
Global
 43
0.0208000000566244
 43
0.0
 43
0.0
 43
0.0
 43
0.0
 43
0.0208000000566244
 43
0.0
 43
0.0
 43
0.0
 43
0.0
 43
1.0
 43
0.0
 43
0.0
 43
0.0
 43
0.0
 43
1.0
 49
0.0208000000566244
 49
0.0
 49
0.0
 49
0.0
 49
0.0
 49
0.0208000000566244
 49
0.0
 49
0.0
 49
0.0
 49
0.0
 49
1.0
 49
0.0
 49
0.0
 49
0.0
 49
0.0
 49
1.0
142
0.0208000000566244
142
0.0
142
0.0
142
0.0
142
0.0
142
0.0208000000566244
142
0.0
142
0.0
142
0.0
142
0.0
142
1.0
142
0.0
142
0.0
142
0.0
142
0.0
142
1.0
144
0.0208000000566244
144
0.0
144
0.0
144
0.0
144
0.0
144
0.0208000000566244
144
0.0
144
0.0
144
0.0
144
0.0
144
1.0
144
0.0
144
0.0
144
0.0
144
0.0
144
1.0
 94
       63
1001
ACAD
1070
    -1
1070
     3
1070
     0
1000

1071
        0
1070
     0
  0
MLINESTYLE
  5
56
102
{ACAD_REACTORS
330
43
102
}
330
43
100
AcDbMlineStyle
  2
STANDARD
 70
     0
  3

 62
   256
 51
90.0
 52
90.0
 71
     2
 49
0.5
 62
   256
  6
BYLAYER
 49
-0.5
 62
   256
  6
BYLAYER
  0
ACDBPLACEHOLDER
  5
9
102
{ACAD_REACTORS
330
A
102
}
330
A
  0
SCALE
  5
5B
102
{ACAD_REACTORS
330
48
102
}
330
48
100
AcDbScale
 70
     0
300
1:1
140
1.0
141
1.0
290
     1
  0
SCALE
  5
5C
102
{ACAD_REACTORS
330
48
102
}
330
48
100
AcDbScale
 70
     0
300
1:4
140
1.0
141
4.0
290
     0
  0
SCALE
  5
5D
102
{ACAD_REACTORS
330
48
102
}
330
48
100
AcDbScale
 70
     0
300
1:5
140
1.0
141
5.0
290
     0
  0
SCALE
  5
5E
102
{ACAD_REACTORS
330
48
102
}
330
48
100
AcDbScale
 70
     0
300
1:6.5
140
1.0
141
6.5
290
     0
  0
SCALE
  5
5F
102
{ACAD_REACTORS
330
48
102
}
330
48
100
AcDbScale
 70
     0
300
1:8
140
1.0
141
8.0
290
     0
  0
SCALE
  5
60
102
{ACAD_REACTORS
330
48
102
}
330
48
100
AcDbScale
 70
     0
300
1:10
140
1.0
141
10.0
290
     0
  0
SCALE
  5
61
102
{ACAD_REACTORS
330
48
102
}
330
48
100
AcDbScale
 70
     0
300
1:16
140
1.0
141
16.0
290
     0
  0
SCALE
  5
62
102
{ACAD_REACTORS
330
48
102
}
330
48
100
AcDbScale
 70
     0
300
1:20
140
1.0
141
20.0
290
     0
  0
SCALE
  5
63
102
{ACAD_REACTORS
330
48
102
}
330
48
100
AcDbScale
 70
     0
300
1:25
140
1.0
141
25.0
290
     0
  0
SCALE
  5
64
102
{ACAD_REACTORS
330
48
102
}
330
48
100
AcDbScale
 70
     0
300
1:40
140
1.0
141
40.0
290
     0
  0
SCALE
  5
65
102
{ACAD_REACTORS
330
48
102
}
330
48
100
AcDbScale
 70
     0
300
1:50
140
1.0
141
50.0
290
     0
  0
SCALE
  5
66
102
{ACAD_REACTORS
330
48
102
}
330
48
100
AcDbScale
 70
     0
300
1:60
140
1.0
141
60.0
290
     0
  0
SCALE
  5
67
102
{ACAD_REACTORS
330
48
102
}
330
48
100
AcDbScale
 70
     0
300
1:70
140
1.0
141
70.0
290
     0
  0
SCALE
  5
68
102
{ACAD_REACTORS
330
48
102
}
330
48
100
AcDbScale
 70
     0
300
1:80
140
1.0
141
80.0
290
     0
  0
SCALE
  5
69
102
{ACAD_REACTORS
330
48
102
}
330
48
100
AcDbScale
 70
     0
300
2:1
140
2.0
141
1.0
290
     0
  0
SCALE
  5
6A
102
{ACAD_REACTORS
330
48
102
}
330
48
100
AcDbScale
 70
     0
300
4:1
140
4.0
141
1.0
290
     0
  0
SCALE
  5
6B
102
{ACAD_REACTORS
330
48
102
}
330
48
100
AcDbScale
 70
     0
300
1/8" = 1'-0"
140
0.125
141
12.0
290
     0
  0
SCALE
  5
6C
102
{ACAD_REACTORS
330
48
102
}
330
48
100
AcDbScale
 70
     0
300
3/16" = 1'-0"
140
0.1875
141
12.0
290
     0
  0
SCALE
  5
6D
102
{ACAD_REACTORS
330
48
102
}
330
48
100
AcDbScale
 70
     0
300
1/4" = 1'-0"
140
0.25
141
12.0
290
     0
  0
SCALE
  5
6E
102
{ACAD_REACTORS
330
48
102
}
330
48
100
AcDbScale
 70
     0
300
3/8" = 1'-0"
140
0.375
141
12.0
290
     0
  0
SCALE
  5
6F
102
{ACAD_REACTORS
330
48
102
}
330
48
100
AcDbScale
 70
     0
300
1/2" = 1'-0"
140
0.5
141
12.0
290
     0
  0
SCALE
  5
70
102
{ACAD_REACTORS
330
48
102
}
330
48
100
AcDbScale
 70
     0
300
3/4" = 1'-0"
140
0.75
141
12.0
290
     0
  0
SCALE
  5
71
102
{ACAD_REACTORS
330
48
102
}
330
48
100
AcDbScale
 70
     0
300
1" = 1'-0"
140
1.0
141
12.0
290
     0
  0
SCALE
  5
72
102
{ACAD_REACTORS
330
48
102
}
330
48
100
AcDbScale
 70
     0
300
1-1/2" = 1'-0"
140
1.5
141
12.0
290
     0
  0
SCALE
  5
73
102
{ACAD_REACTORS
330
48
102
}
330
48
100
AcDbScale
 70
     0
300
3" = 1'-0"
140
3.0
141
12.0
290
     0
  0
SCALE
  5
74
102
{ACAD_REACTORS
330
48
102
}
330
48
100
AcDbScale
 70
     0
300
6" = 1'-0"
140
6.0
141
12.0
290
     0
  0
SCALE
  5
75
102
{ACAD_REACTORS
330
48
102
}
330
48
100
AcDbScale
 70
     0
300
8" = 1'-0"
140
8.0
141
12.0
290
     0
  0
SCALE
  5
76
102
{ACAD_REACTORS
330
48
102
}
330
48
100
AcDbScale
 70
     0
300
10" = 1'-0"
140
10.0
141
12.0
290
     0
  0
TABLESTYLE
  5
57
102
{ACAD_XDICTIONARY
360
58
102
}
102
{ACAD_REACTORS
330
49
102
}
330
49
100
AcDbTableStyle
280
     0
  3
Standard
 70
     0
 71
     0
 40
0.06
 41
0.06
280
     0
281
     0
  7
Standard
140
0.18
170
     2
 62
     0
 63
     7
283
     0
 90
      512
 91
        0
  1

274
    -2
284
     1
 64
     0
275
    -2
285
     1
 65
     0
276
    -2
286
     1
 66
     0
277
    -2
287
     1
 67
     0
278
    -2
288
     1
 68
     0
279
    -2
289
     1
 69
     0
  7
Standard
140
0.25
170
     5
 62
     0
 63
     7
283
     0
 90
      512
 91
        0
  1

274
    -2
284
     1
 64
     0
275
    -2
285
     1
 65
     0
276
    -2
286
     1
 66
     0
277
    -2
287
     1
 67
     0
278
    -2
288
     1
 68
     0
279
    -2
289
     1
 69
     0
  7
Standard
140
0.18
170
     5
 62
     0
 63
     7
283
     0
 90
      512
 91
        0
  1

274
    -2
284
     1
 64
     0
275
    -2
285
     1
 65
     0
276
    -2
286
     1
 66
     0
277
    -2
287
     1
 67
     0
278
    -2
288
     1
 68
     0
279
    -2
289
     1
 69
     0
  0
VISUALSTYLE
  5
31
102
{ACAD_REACTORS
330
32
102
}
330
32
100
AcDbVisualStyle
  2
2dWireframe
 70
     4
177
     3
291
     0
 70
    58
 90
        0
176
     1
 90
        2
176
     1
 90
        1
176
     1
 90
        0
176
     1
 40
0.6
176
     1
 40
30.0
176
     1
 62
     7
420
 16777215
176
     1
 90
        1
176
     1
 90
        4
176
     1
 62
     7
176
     1
 62
   257
176
     1
 90
        1
176
     1
 90
        1
176
     1
 40
1.0
176
     1
 90
        0
176
     1
 62
   257
176
     1
 40
1.0
176
     1
 90
        1
176
     1
 90
        6
176
     1
 90
        2
176
     1
 62
     7
176
     1
 90
        5
176
     1
 90
        0
176
     1
 90
        0
176
     1
290
     0
176
     1
 90
        1
176
     1
 40
0.0
176
     1
 90
        0
176
     1
290
     1
176
     1
290
     1
176
     1
290
     0
176
     1
290
     0
176
     1
290
     0
176
     1
290
     0
176
     1
290
     0
176
     1
290
     0
176
     1
290
     0
176
     1
 90
       50
176
     1
 40
0.0
176
     1
 40
1.0
176
     1
 90
        0
176
     1
 62
    18
176
     1
 90
       50
176
     1
 90
        3
176
     1
 62
     5
420
      255
176
     1
290
     0
176
     1
 90
       50
176
     1
 90
       50
176
     1
 90
       50
176
     1
290
     0
176
     1
 90
       50
176
     1
 62
   256
176
     0
 40
1.0
176
     0
 90
        2
176
     1
  1
strokes_ogs.tif
176
     1
290
     0
176
     1
 40
1.0
176
     1
 40
1.0
176
     1
  0
VISUALSTYLE
  5
5A
102
{ACAD_REACTORS
330
32
102
}
330
32
100
AcDbVisualStyle
  2
3dWireframe
 70
     5
177
     3
291
     0
 70
    58
 90
        0
176
     1
 90
        2
176
     1
 90
        1
176
     1
 90
        0
176
     1
 40
0.6
176
     1
 40
30.0
176
     1
 62
     7
420
 16777215
176
     1
 90
        1
176
     1
 90
        4
176
     1
 62
     7
176
     1
 62
   257
176
     1
 90
        1
176
     1
 90
        1
176
     1
 40
1.0
176
     1
 90
        0
176
     1
 62
   257
176
     1
 40
1.0
176
     1
 90
        1
176
     1
 90
        6
176
     1
 90
        2
176
     1
 62
     7
176
     1
 90
        5
176
     1
 90
        0
176
     1
 90
        0
176
     1
290
     0
176
     1
 90
        1
176
     1
 40
0.0
176
     1
 90
        0
176
     1
290
     0
176
     1
290
     1
176
     1
290
     1
176
     1
290
     0
176
     1
290
     0
176
     1
290
     0
176
     1
290
     0
176
     1
290
     0
176
     1
290
     0
176
     1
 90
       50
176
     1
 40
0.0
176
     1
 40
1.0
176
     1
 90
        0
176
     1
 62
    18
176
     1
 90
       50
176
     1
 90
        3
176
     1
 62
     5
420
      255
176
     1
290
     0
176
     1
 90
       50
176
     1
 90
       50
176
     1
 90
       50
176
     1
290
     0
176
     1
 90
       50
176
     1
 62
   256
176
     0
 40
1.0
176
     0
 90
        2
176
     1
  1
strokes_ogs.tif
176
     1
290
     0
176
     1
 40
1.0
176
     1
 40
1.0
176
     1
  0
VISUALSTYLE
  5
59
102
{ACAD_REACTORS
330
32
102
}
330
32
100
AcDbVisualStyle
  2
Realistic
 70
     8
177
     3
291
     0
 70
    58
 90
        2
176
     1
 90
        2
176
     1
 90
        1
176
     1
 90
        0
176
     1
 40
0.6
176
     1
 40
30.0
176
     1
 62
     7
420
 16777215
176
     1
 90
        1
176
     1
 90
        0
176
     1
 62
     7
176
     1
 62
   257
176
     1
 90
        1
176
     1
 90
        1
176
     1
 40
1.0
176
     1
 90
        8
176
     1
 62
     8
420
  7895160
176
     1
 40
1.0
176
     1
 90
        1
176
     1
 90
        6
176
     1
 90
        2
176
     1
 62
     7
176
     1
 90
        5
176
     1
 90
        0
176
     1
 90
        0
176
     1
290
     0
176
     1
 90
       13
176
     1
 40
0.0
176
     1
 90
        0
176
     1
290
     0
176
     1
290
     1
176
     1
290
     1
176
     1
290
     0
176
     1
290
     0
176
     1
290
     0
176
     1
290
     0
176
     1
290
     0
176
     1
290
     0
176
     1
 90
       50
176
     1
 40
0.0
176
     1
 40
1.0
176
     1
 90
        0
176
     1
 62
    18
176
     1
 90
       50
176
     1
 90
        3
176
     1
 62
     5
420
      255
176
     1
290
     0
176
     1
 90
       50
176
     1
 90
       50
176
     1
 90
       50
176
     1
290
     0
176
     1
 90
       50
176
     1
 62
   256
176
     0
 40
1.0
176
     0
 90
        2
176
     1
  1
strokes_ogs.tif
176
     1
290
     0
176
     1
 40
1.0
176
     1
 40
1.0
176
     1
  0
DICTIONARYVAR
  5
4C
102
{ACAD_REACTORS
330
4B
102
}
330
4B
100
DictionaryVariables
280
     0
  1
10" = 1'-0"
  0
DICTIONARYVAR
  5
4D
102
{ACAD_REACTORS
330
4B
102
}
330
4B
100
DictionaryVariables
280
     0
  1
H_Centerlines
  0
DICTIONARYVAR
  5
4E
102
{ACAD_REACTORS
330
4B
102
}
330
4B
100
DictionaryVariables
280
     0
  1
STANDARD
  0
DICTIONARYVAR
  5
4F
102
{ACAD_REACTORS
330
4B
102
}
330
4B
100
DictionaryVariables
280
     0
  1
STANDARD
  0
DICTIONARYVAR
  5
50
102
{ACAD_REACTORS
330
4B
102
}
330
4B
100
DictionaryVariables
280
     0
  1

  0
DICTIONARYVAR
  5
51
102
{ACAD_REACTORS
330
4B
102
}
330
4B
100
DictionaryVariables
280
     0
  1

  0
DICTIONARYVAR
  5
52
102
{ACAD_REACTORS
330
4B
102
}
330
4B
100
DictionaryVariables
280
     0
  1
H_Dimensions_1
  0
DICTIONARYVAR
  5
53
102
{ACAD_REACTORS
330
4B
102
}
330
4B
100
DictionaryVariables
280
     0
  1
BYLAYER
  0
DICTIONARYVAR
  5
54
102
{ACAD_REACTORS
330
4B
102
}
330
4B
100
DictionaryVariables
280
     0
  1
ByLayer
  0
DICTIONARY
  5
19
330
17
100
AcDbDictionary
280
     1
281
     1
  0
DICTIONARY
  5
21
330
20
100
AcDbDictionary
280
     1
281
     1
  0
DICTIONARY
  5
E
330
C
100
AcDbDictionary
280
     1
281
     1
  3
BUMPTILE
360
F
  3
DIFFUSETILE
360
10
  3
FBXASSET
360
11
  3
OPACITYTILE
360
12
  3
REFLECTIONTILE
360
13
  0
DICTIONARY
  5
58
330
57
100
AcDbDictionary
280
     1
281
     1
  3
ACAD_ROUNDTRIP_2008_TABLESTYLE_CELLSTYLEMAP
360
EF
  0
XRECORD
  5
F
102
{ACAD_REACTORS
330
E
102
}
330
E
100
AcDbXrecord
280
     1
270
     1
271
     1
  0
XRECORD
  5
10
102
{ACAD_REACTORS
330
E
102
}
330
E
100
AcDbXrecord
280
     1
270
     1
271
     1
  0
XRECORD
  5
11
102
{ACAD_REACTORS
330
E
102
}
330
E
100
AcDbXrecord
280
     1
 70
     1
 90
959539793
 71
     1
  1
9D835327-CAA5-4E69-9988-4D7F7A167CB5
311
504B03041400060808000C508C5721F0FD2C19010000A80100004F00000043454139453633362D363846332D344446302D384642352D4445453545433730413538392F4173736574446174612F446566696E6974696F6E4974657261746F7250726F706572746965732E62696E6D514D4BC430108D1E14410F823FC083788B
311
6DB71F490459D234F524885E05C976B3DB42B62D9B14F1B647FFF53AC1EC9E0CBCCC63E6CDCC23F94108EDC3018A4E003BB8AF203EEB5E6FBBE6BD69F546A1339F31C342993B605C64894C6B8969266B9C4922715951891321A828594566053D05DD39A0D22B3519E747BE74B6D1C6A85E0F93BD8644D871BB510E7629F3E0
311
9B2E10F26107408782F593D67F8EBCC92F805A8E8F7365AD764F91909CC9222D7041EB1467551D635A9739AEA4CCA52031CF298BDEB41DA66DA36DC42A9AE6E98C60C1790EFE0B8619A3141A494D78521051E6916B27FF3437DEC6A2579D89E22858F81CFB35A48FE732B0D7FBA59B83BF8F108F82400EBA36D4DD3FBA95FB
311
1E5BDD35B0FAF837BF504B03041400060808000C508C57D359EC1723010000300200004500000043454139453633362D363846332D344446302D384642352D4445453545433730413538392F4173736574446174612F496E7374616E636550726F706572746965732E62696EEB606060F80F0540260323103700495E20ED9E
311
9A975A94991C9C9C919A9BA80214B074B13036353632D775767434D5357135B3D4B5B4B4B0D0357131773377343433777632654768046931363471713532B5D435353131D635313332D475727372D13534373670367376B67474B5042A03DBCBA019D37FE8ABC6157B20CD04146B0062181F4C03F940F0C11E2409D1C1C020
311
E0C02000E242808A038C8583FE600F9580337028045AC300B4871928DD805002D3F5006A0C0F420A89050A4F840C4C0F9202283365A703A620B208C40D2011909126C85248EC0FF62C401E28E6F88038B83CB1243943D7A928312F2535052403026F3921F4865F168A4C407FA91C7AF3F07F3D03C3835473301F46EBD84772
311
C4983130FC808A43743130046C7304AB0300504B03041400060808000C508C57B5A795FFE3790000DE7900006B00000043454139453633362D363846332D344446302D384642352D4445453545433730413538392F5265736F75726365732F39443833353332372D434141352D344536392D393938382D3444374637413136
311
374342352F7468756D626E61696C2F302F67656E657269635F706E6701DE79218689504E470D0A1A0A0000000D49484452000001000000010008030000006BAC58540000000467414D410000B18F0BFC6105000000017352474200AECE1CE900000192504C5445818181B3B3B35A5A5A4848486060605C5C5C646464838383
311
5E5E5E6262624E4E4EAFAFAF4A4A4AB5B5B54C4C4CB1B1B1858585B7B7B7585858ADADAD7C7C7C464646787878ABABAB747474A7A7A7686868707070B9B9B96E6E6E6A6A6A8B8B8B666666545454565656A5A5A5505050A1A1A1BBBBBB8F8F8F9F9F9F4242425252527676764040403E3E3E9B9B9B7A7A7A8989897E7E7E93
311
93939797974444448787873C3C3C727272BDBDBD3A3A3A6C6C6CA9A9A9A3A3A32020209D9D9DBFBFBF8D8D8D9595959191912626269999992222222424241E1E1EC1C1C1282828C3C3C32C2C2C2A2A2A2E2E2E303030C5C5C53232321C1C1C363636383838343434C7C7C71A1A1A0E0E0E121212484A484C4E4C1616160A0A
311
0A4A4C4A787A781414147C7E7C9193915E605E464846838583878987B1B3B18587856668665A5C5A626462818381A7A7A5A3A3A1B1B1AFADAFAD7072705C5E5C9D9D9BABADAB7E817EB7B9B7585A58BBBDBB4C4C4A8D8F8D747674B5B5B3B7B7B59FA19F606260ABABA9A5A5A39B9B99A9A9A78F8F8D6C6C6AC7C7C5451AD1
311
2700002000494441547801DCBD89771BD7B5A70B8EE04C702641712605CE034890E220088028C93245451215B713AF388E7DFD9EEDB8DDCE6ABFF4B57D97137BE50FEFEFDBA74049B6AEED74869B7E87404D2814EBB7F76F0F67A8835CEEBFA0E42B854AA5B2BB5B6BCC951A8D52A93657A914FE0BEEE39FFE2FF395B9B9C6
311
CAD2D4C4606F4B7FFF8D1B37EEDCB97587F7CD9B4343BD134BABE7DB48E3FFA7A228ECD6F6574E4786C0FC8B5FFCE2CD5FFCE297BF7CF3CD5FFC92B52FFE58BFF9E69B776E0EF5F79E55CBBBF9FC3F5D3DFFB07F5898ABAF7CDA3B74E74EC0CE20230561BF096E97E05712BFFCC59BC80539DCE83DDD6E54FE61B7747DE17F
311
B8980BBBFB2BBD4337DF487881AAE6C5ACC6AF25207877B2B527BFF1CB3B77FA47561ABBD7F7FA7FE146A5B6BD74E3164C7F51449AE95DB412200EC539418717E7F2F11B376FF62E95FEAF1442BED0581DBCA1BD2780D23F506AFA16E1A7AD974EF17876F00DD7BCB187A1A97AE51FCED5BF2BC1F2BBE5B3C19BE27B43CF26
311
DE00933658FE129B109C2FFF922CC22C4260FA01BEFB462A77DEBC35F42F600C3F5B0795D2E9E02DAD5E650B4438A92801B65C35CBAB7B1EE5041CE69D3B6F1822DFB873EBD6AD3B6FBC71EBC6C86AE967DFC2DFA4CEBFF1BF54F6276EBC114E2F43FEC60B01A0D440A868B2920E5C4BC10D60931ADCB871F3268B21D3851B
311
08E1D6AD9BFD4BF57F7577909FAB86F29B982571136AF01DF5FE32AC3BD9406CAAF2440A54CF176EDD01FBADA1FEFEFE21FE4C9858DFF4183458A9FD2B6708A5A5A137E0EE1D11A9EC0C7C58B2C73C0AD6B479BD76B7790CF899E287FA5B06FB7B07C9195B7851FA8794031EF1FC5F9406BBFB23375420286399B631E93B08
311
022A785C4DBF9996EC3551874094D71B6F487E80F6837E50F483BDBDBD83232323AC420A18C68DA196EDDADF68A77F938F78FD972BABBDB7B87FB164AC6FC2CB760365821ACB74AED44FFAD7E7431ECD7E08AC421F391D199998989A383D9D98E8E56F84A318C58D9BFD2DAB73FF5222C8EFAEF4DE7AF30D756E5108683DA4
311
71E70D0502099A7240F19E4089D3FD203E620F1B47BF43501E85031AE44B4B9F2E4D2D9D4D51D8970983FA861B3706FF950CA170DE82F6B312CC4F42C8966295F7D725ED29882415DC055F36DEA1FE96FEC141493F05FAA9A9A5A595B333DED5B3D5A533F62183323032F46EFF13EA0AAFA5FBF7C8976F8C10F7280A014832
311
593B90004D52341980D907EAEB73411EB2F1EBC9F507F92746C40E7AE0AFAE54292BAB2BAB67CAE0746264A277B06508168C94BF772BE9765F7BF0B548FE1E07F3B5A521340A5CB5297C4B12811B89E82191ECF3E41B3259C529F135E23CF4C7F961FB13537F5A02ECCAEA76B5BA5D3D3FDF3F2FEFEFB3AA22053E50088334
311
28DC6C59FA2F770595F311F235D427F379BB8A121BD901B96076A388DC4C3C61C7933CCCD770FF375A6E0CE9F535FE2534BF5ADD3E3FAFD71BF57AA951B6D4CFEBFB8864758A26154430080B06ABFF557610ECC93726224F155D1471041E0D42F82F4891C926C1355B0831649FF365F46FF05300A7A790BD8ADEEB0D4AA956
311
9A9BDBADCCD56AA55AE377F5F3F3EA2A34983A1DE91D810543138D7F28E57FF4E2B5335A3928B76EA1CB9B00BF158C8F63A2E788826896D0B5E7C461949ECE089144F8EBEFC7FB4D8C9C4E9DAD60F7FBE572B416C2F2423ECF8B86C439E450DA970634ACFDA977629098D0B2FAF313A36B3869E37AF7853378CDA1171FBEBA
311
95DF1E44FD5144A420588641B0055A79ED91CC0DC41E27064512FB33F1F04D09D0D2DF0203A646A6CECE80DF28356A348CED8C4F1EF137B9319E1BCD29867CA556AA97F7B757567006A447FD375A26CAAFDED9CFDCFB2BB0BEEE8AA5911BC2C7F85DF88A3775389990AA72219D582409210F85A4E66F2987D875C308480230
311
88FDF77E87F96FD7CBA5B9DCCEF4F4C9FC7C676777577B7B7B67E7ECCCE4E8DEE85E81A6D55AA3BC7FBEB242589CE8ED4770E785D7DDE23FF2587EBF57F50B9E820527316488E5C32D50F979BCA58207297E2B6D658702FFCD211840FE43FC9F3A5BAD9E97E6F21B9FCF16BBBB3A3A5A175B5B1787875B5B3B86DFEFFC687A
311
72674F19D46A8DFDF3EACA59E405375ACE76FFA922C817CE86A89BDD92F400F2C55B7462F610459837D3A61ACF50C7471C8F2F2A9D38C3DA2F068007F80EFCDBFBE5DCC674B1D83EBCBEB8BCBCBC3ED0D3D333D0B3DE33BCBEB0D8DA35FBF9F8CECE68AE020BCE61C112A4C1138CD47F9AD13F7DC6AB9CF9CFCFAF9D0E01FF
311
E6CD503F5B91C5218E2899CA15098714848B04FCE5654884ABF0E554F11F6C21D73D5D5AADD64B7B9327DDAD8B0B7D7D6D6D07070763BC0F3E38E8EB4310EBEB8BC3DDB347E3E37B5842B97C4E44A0C630427E5CFDFB71E03F471E12CA9FF70E055AE141042DD81234B879EB4606361D9328149037D7D76A571A7E974FA20A
311
D0323832713AB5BA7ABE3B3E3D3FBC30307070B0B9B645D93C3CDC3CDCA41CFC6AAC2D64D0D579B4B1B397A7C1BDBEBD7D36657A3CD4B2F44F4909F2B9CA597F4245C59DEC354316F0587020D0C661742BC02869435FD12CF195C422DB3C5A3E2305C000CE6B7B27ED8B7D63079B5B5B878787C787C7C7C757C76C51B60ED6
311
0EDAFA06D67B965B3B672677080BB5329E60E9B477847AE2E9EB53E35779FD37EFCD2D0DDD68AA355B6B0D81860502B8B68C801F5C697E9AD62F4B406244CB975560BAC756AAA577675B07C6D03778C17E7C95CAF1B3ABABE3E3ADADE3CDB1B1B6B681014470343EBA979F8B90383545727C63E43549D14FD0F927E5F1FDEF
311
D7263058FE02EBCD1BDCBCA053496BD58E69BC44F9F854D4D979AE9ADB908824382AC1D4014E9756EAF9CE85B6B54DB01F02F8EA5908E0D9D5F1B3E72188C3C3AB67879B07C8A0A767B8B831FE5E7EB754DEAE5261460243FFF07858D8EF0D658BDC563A2C5EF5833C13C90B69248C4DD97842B61DFA7F210A2F6108A0F96B
311
62E2D3B3F3DD939EA47E30ABF5AB2B903F4BE5F9B36757CF65021E616DAC6F60A1FB647274B4B05B2E5341B082D43278F67D8DFDA48AFF9A13F22B34C7586C9992BA6E66CABC190E313E7C811AA57304B421A75B289B9D174CC868C24548823E230B9A5A2DCD2CAFE1F98E61C015CA7E96B083FC59F3ED06EE60F360B3AD6F
311
79787ED278D0A86FAFE00BA9220EAEFE1D5DE1F7855939C3FCC1332426B377F692406E022C010DB437EF009803F0DCFD3B7C94440571D8F2C328F115F47FD324802070BAB43FBA80EFDB92FCA1F7E7CF9FA875CBB327CF9EB08C4DE4815BC4210E2CB7CF1CEDECEDCED5B757490968286899FAF95583BF46F9393CEE6A86D6
311
F618CAAD9BFF0BE22B042412C5CFB50556815CC5BBE33E9F61ECEC26A9BCB8145FD10590078F9C9E953B513FAE1FE387FAC246E14F9E3CE7F5F8194BD6594140876B6B84C5D6799C61A16434201E5237582AFD75C07EEED9863F463284E2E13425A036BD41061259289B6BDC1ED656FC8B8592C9D00701E27CEA749F0D8EF4
311
4EAD8C1F80FFF8F8F9D513191F6803384C800097F24069C407CFAE88136B7DCB3D5D4A60B711F19070D83235F77331FD35E715966889038E2E0B346EAB7936C4162043E1A1F144093695443A570144898BC4079CEF1912809A3035A1D3F361235F90FFF1E3E0FB93C7E2750719F88E7D8E68123883ADB5B18185AE99F1D11C
311
1238A792DC4BEDE8EC6FF503DF377E0445F68FAF4E08D43082D02170F30131A154206CC559A8D9CFDD762B31273E4947A581E0D9BB71E33FFA07CD02CE2A6BE1EC80167497F2A81CFA3F7EFE58D0CF5D5D170DE4F89070B0BC4040CC17BEAC6B0586C3D3FF0309BC06F44B04A1E13729929B4DF73C44070692C810B08AC301
311
2E8EE9EAE22067796288C193B2139B970B86F47FAD0F98382B1E035D9C32FD318A4FAFCB274F2E1FA772F94411B0CD42493C23393A685B5FEF3E1ACF554AF5F3552A478383374E6B2FDDFC4F6DFE38F4F4ED7A7FE838F488EA852482F412D3CB07E293D02C9F074F12E84C5AAC423271450572A385449844706475FD38DC3C
311
22486A0639E5F1E38B0CFE93CB4B25910EF309A2224BD8DAD40C682C28341AD69047E8539A6AFC14EC573F7FAD10AE0FE6EB13E87B28E093B513B5803514DE408809BC12A14876DE0A25F643009E9176D9F0C330164285A7444DC8CAF0E9FE41429EE0A2F6A6DE91C0856C501272404A8468822E24C807030B1D33D40D4AFB
311
DBABB411D093D88C86D7205E05FC57EDD1F805FA4CED5920F0CED39157E007CE21757C5DE440ECBCB46CD283E378029B43FB077B4F47E60E9F61E8D01BE017D7E843EB49F50A2028F1E442FCC90C9EE308E4C0C2C94EAE30B75FAD3A0EAFA57FE9EF960F14BE15638840EAF3BA490BB6850EDB38EECAFD21A0C746D0C4234D
311
BD035EFC7EDD121FA585FAB73DB89FE6A03CF833AB0730E5E2F1A36CE3F202A128934B44E396961121E1F2C9F32BFCC0C140CFE22C1CA8E109B182919696BFB98120234F61B59F7BF46EC30CF067B21A33B0FB3E402448EE266CCD93135A8E823DB31F85E677434E608F53F8100BC0098EA2FD6BC01770E0F2F2D1E5452A71
311
1C4BB8486248FAD756D852026B6DC90A2AA5C6B69E9068B8F27AFABFFEE8AB36F1D23985D5960014FD711940800B560250D2272CC54FF1D3A660B275AC3881E349689C1616E1E9044129D032313509DE4700BC867C71F128C400159407C761022BA8A040F40A244788808C60B3AD67A17576279F6F946923191921B0545FC2
311
F12AC0EFEFBD7262B6935679FC7F80629160ABFAEC88E8430E76D82A8DE62ACE50BD4A42FBF03B387B37FD321B37E31C3F063D99703F5160E6C9E5A300CF32A91E0A085A29C0FC507F6C21012303C6104B82C1F1E156DB3229D1A855A32A8352C9077AF733A0AFE0FB3EF81FDF2F0F82C21B0EB06998866878B103305E31EC
311
17F4FD43831E570A2118D1667632D4FFFFB125782F96168A833DBE78C3F11F8383A79D49F58F1E3DBC780417AE6581381E8610604888E2913E12492881274822C221AD04CB0B1D273B8542837460898C686864FF6F801E8269F40AD0481DFAF5E6E9C1F3BE391C325004DF0746A4E4448F7B52C0D5EAD39EC46896B888C421
311
0D68E99DFA2820DF7FF850EC407EB55C3EBC5028611409BFCB8889C90F1C52355AEF98B18100094C9D0EF6F64FD47E5CBF3FF5293DDFB4B50DDD54F351446FA1F14580DC3902C085F593CB24ACC917B213BBC11B3F0A61042FD8B24F4FB9C4556D0CB9E1A880DE89934CE9607F18F81FDD950DD0E1D143F41D56110E227C25
311
0621FF098838042BC85B5B6BCBCBC31DD37B34966E9FFD9936A2FEFEA9EBA4182E5CD3E17AE35501FCE0707E5525A7DBC64DFD077825BE37CE0BBE1BBEC061410C660B6E49912665E2B3749C7C9F93834022F74CDE6CA5EB501D9CBC04B768292C5CCB84478F3CA83074092C6082169015E5800D5839DC6C1B58EFE83ECA51
311
3BDE3EFB8EF1242D2D4B3FD55AFE03D42F8492AF8A3F21444FA2FA9ABBF525EAF84C09F0168527B0138A85D1EC0443C467B28BF844EAF76323BE13D7C11F72FED783837B970FEFDE7D7817E077C17EF7E2A1C2C0FE851FE4C008388C15E818958746129E1009D054B67530D6B3D8DA3D59D82D9D57CF70039FF50FFE0DE940
311
89DB269C3655A4F25B38C49D0BD48E59F1526887C18FC5272197F85CA72862A593A4843CD25F920487DDF7AA0441A2C0600D062001F103FCEEA3D8560CEC3EBACB01CAE5A51E420349F602191E5F901893142381351CE17047E764BE50DEAF9E4D8C38B6ECFFACEB141E54A6865A88A60133EE9CBB4C256930B0B168C1C3AB
311
59FE1743FB422C7166082E934AFA5EFA3E4BCE0B69362FA7041818B7FDECE1DDFB4D022007CA23E521F0700AAEB5888BBBF08023E128B4045381542FA256B0D04E28A0C3804E233A1BFB476A2F48FD135BAF9843BEDA3264EB42BA499601F16B566E72C7EA35908ABCB9176BBED43204C696AFD3D7B24B08D3AFA44BE243D8
311
8A6D9D0B6562B52F741E1610C0EFBBAF2B0829289A640EC4C8A4FF66A24430786CEBE1E1E61AF9507BFB496EAEB64F8F49B4129EBDEC065EC1F8A3F228A3CD0950883B41BEC6D1944AE06147289600A7726313AC69A3F91197F1438BCB743E76F01F6EF1D1C854071670FFFE43FF1EDED702EE5A14C85D0C42DF90B8606880
311
0659AC88981855E3E774A71C0CAC2F76754EE7CC87C808D1E1E0F6CF47FD4224731337BE1E39C5010823EE997B1491BBD99FC8D8EF77482BEB5EB2CF66499A8E0F7511B19B3EFBDACB6507BC78731B1B383D02FFDD7BE8DD9256F7D0BA7B46015941097B80018F700FFA024CC08078F51806100ADBFA163ABA8A3B95B9D2F9
311
2AC30BC908ED31FABE0CBEBFFF0279B675868F9AA24E9530B08C174055B7F48E4F58002F3E82F0BDFA003E8B431EB6C4A91E4D9B5FFB791265BA8827BBE5F1BCFA7F789F72F75EC800F8AE43FFAEC42F13009FB905A9A0132015D0068ED7682AC608BA6771038DEDB3B33082891FAB1ABF5614F93238079726B833958796B8
311
45B731FCB86316713C1DC581B1E19B424EE32674093F80776F7E27C6FBFAC85C536CD955B96EDA2A3FBF770FF4BE11845470EB3E42D022000E0FE07D161811020742162444668308801E133A4C163BE68F6826A5523071CA78B2FED51F28F8C70FE4190073A3E5D3259D7A288CD19BDE623F10021BAB0C6E327FD507B27416
311
27727EA00D31856492F9F009D7F152D930704E642795C1C1B336E0DEBB7F0FDCB79318543B25341F36802D64A981A690B94259607DE0B19D466BF8C1C5E1CEF9A3FC5C639FD6117B4BAEAB453F8EFBDA500A67E8BAF76C8A06566E36EE1184E8329419161F83D843D5DE7D8221163E145F56921C3EE383978072129E290A9B
311
7166E63D26BAB1FCDBF710009E4051842390031845F20077CD079407C575F20364C4910ED2A574BC357630B0BCD8DE39335EB175646A698458F6A346F003A93002E846FFE0C459B8006E506D79BF902908A0AA05CB5E73530E33BA1D3C2EF99C712B7C8B41DF4D2A7830BE8707485FCFAEEB85A09AB6D39BBF7B4F23E00509
311
C20DB04E240822A4B810E04D8D53D10D504C059ED86BB8697F514777717A8F8144D48A4C89077F7EDB00E2D89DC02A7B975640A282C49A4AA84B70B12BFED8EA6584860DFB7EE23FCB00C6BAF7332FF259FA3C9346508813E372F1DDE425065BB61FDF8300F7EEDDBE8D0C6EDF46F7D8823478590AE23759D60DA6B7A9F125
311
EDE8F4A5D2B37470D0B63C30DCDE3D3D59A8D1501EB1B0A5377517BDD6E301F995E3F955F0F58FAC2E81CE172A8344AC03DC6781939D2484B8FFC15E8F3ACCD3954CE19576B942D0A029188EC7013FE59AE90B71292DE774F1F63D60230180B30A2EDC65291B6211B4081128856001A680015CE000708254891851D4B3BED0
311
FA4D7166B466BFF1D2A924885AD12B387FC0FCE6819AC3AE06A7AA4B715F0927B74D119D4A668FB54B8A8C268D8B038A207D10A7B1E95E42195B695BE0240F7408B311257C23F581E987C180140C584A02B1670CB817CEC0A080F259F1360E58452013200E3EC107AC1DF4FD7B0F6D23F33347F9527D9F51E6138E31AF35F1
311
BDAAEEEBA3D71BB402E2FB47CECEE96B4DB85536772B07C82A34F3E66D0BCEC207FEB9E70643761276F7B50D5EE963CFF80C7AF4A2130F5BF8C4EBFB5F07B709840480DBD8007FB7EF3F90104908BA457D43AA2A6A02C91422285E5AAC143F3313A0CB74D9D164933B86C25587134E8D342B453FC982860D09FD13ABE72055
311
ED020E85D3E312F74C25CB0293D978A1C4001927C80B86FD06349126EC219F0C735C8053D8F5F310817EA01F1B7851F406144C211C6362C27DD51F1E310C0102280ADB891E9B085CC528A2B1369A46BA195B9A2B351862CE43174BA73FB7CBB430A5798F4C54B7333B96C3224A9863AD02B9FBD8E63092191924E77C199D92
311
887DA594B6DCF0112857162FD0949FE6A441F5E62E42FB2105BC405A2301A3424601DC807912CB2C39C604A27908021CDA30C4C8C2019A883B3A8BD393BB3546136EAF561980FB63E9E035FF73B96D09A905ACB2C11D79571C5159026227DDBDB81396EB03F14100BEB66DE1FA9EF82C3ECCBE318119C4269FD014E66361FC
311
8BB0B4EA9A98EF3D8848A01360430284335004C183CC25BCA82D2302EB03B8419241C64DF4F5ADAF77B533BE786334BFCBB8DA72BDBEFFC36103AFB30608A0B39B58D93F0BF42180841DD26BDC22CF0A770E90240006BAC65197D90920131C7B2EB3CFD3C71C6378A305EE8488FC1FF8D391E2BDDB0F6E3F45E7C8207C4198
311
00DB410073A3173942CA8D5242642A74496FF115832A6314D9FA4257577BF7FCF8F8E8CEE8DEDE5EBE76DD3CF892BA7FB8B90F629431B5525E92A15A3A4A6FEA3FDD73136172060959206591F4C927196CF645AA285CF3014630121754261C0D31E1A7E3DA2DBDB54B04703BDE3A4209F02045C4BB0F529A14BED07098A2A1
311
CD47513DA64B512F409BC01663090796D787173B5AA141B1B39BB470EEBCF1E30F9D263ACC4D05110797CEF7B923B027F089F74D1D06F0A4D8C0CDA6604023FCA45B76C5CDE0BF3845ECBE13E0C0ED73700A8A753C1AC8AEFFF1B407FC8A20F42F0D94019121DE304077A027D4112283BB8FF0072444D68AAD111D6F591BC0
311
061854BBC048EBBE9E81F6A33A95C21BFD13AF3C7E7DCDFFEB0DE8903F77B41DF178E99C289895B0EA8CD640549D68935BA7C5294E0A1D66DA0CC419BD398E6265789CA1241441AC94532A3C19C95340BEFC68703077EFC1D307B71F3C500859C11494838E902203A2BE90EACC5135B80B078804340C920C2300BCC06F7A1C
311
71B875DC572C9BD1D84BD5FB9363CA6BA7D03E5C40FDFC54FC23C9B4B9DDD028787D89219038523BF64E638BB37CC25335937A00DFD32869C5B390C8C32FF25C8C47A7181B4A599A224A9DADB0E0406FEFF9F183B7448F081E3C55024FB33828784AB61704482CD0160C04174F9E33BA9291D58C2F1F1B1B3B5863B0D9F3E5
311
1C35C253D54A23E560E2C0CB3A6F7A81382601C2079CAE96B7B1560D20A341E85A928A4E01083256420576C2ED477E2E565FD9223BCC691CF394D3D8E281501E0EE5C1C8159E92585D255CF30CC854C75318006EA4A01028EC853F9407C6053910BE105348324002260254886C156260F9189EE0F8C9A3CBAE9D5A99218456
311
8A69D5183A7DB97DB089FDC57AEE54F858FE54F577DBA85309640290F2D220952620750C5811FB772A7876D1E4040FBFC6474D51246D8B3FB378283FB514F8AB3C20B8BF7DBE5DE541C9A5D3D38DDB30E00151E02523081BC89C2214103E0BC1B3D0199A08E002681A2613A2616CEDF0F0F9C5DDC75DA395C25C0309C03DEC
311
8091A4AFD3FEB504AAC6633930556DAC86EE3561941E862C4A75DD6B6BB3A0C59BE153DFA73EDFCBC3CE2188D3D378FC976D0EF9A95B7C8532F527CE3CF539581E0FE501291E9139FFB65EFF5DBD8E0C18DE3077170A64E033FD278F18068028802F156C3809FDEB11B1019C208D020C9BA2870457F0F8E1FDC7EDD393E3B9
311
FC9C4308E9315704233F960E554802C14716B0B45DAB5EAB5E25AB7830EBB8D25E6CA94E4AA01794FB1EE164FE9F040FE82C940A4BCEF913075D087E85A7237D3CF29C47E4E676777779528C4781761F0BFBC1D3A77880E40C9A2E5109180D5255317890394229F0F082010354082D574F1E3FBAB7D6553C2113DACB97BEB5
311
526C7C6F69F9310A94C46CD89FF8F379AD1AA035FD00FF3F320180F01417A6F255A3A8D86319FE0C0B0E06A0DCD33F79841339C01E5BBE1911AFCFF7C1E0A540BFBDBFCF2372352686D863F83F59CB6865F43104007EE06F52406F680341102048A01BB048823082CBCB0B6AC48C313F3E7CFEF8F2D1FDC3D6F6F9F9D9E98D
311
9D7CAE5EADE2A6512FAD7AB526E17F600C85550DDE9ACFE9D97E694513103BC69F8A2813176032C890C1E9C49FC09C61670FF8705B1D7386260E7C8E7122C7F8208A55139E8C8D4763F7EBF5728DF9C34677364E3A3F9AEFDEC9CD95470788834F9FBEC512379890B38C94205B2557987C4186DF5C0837608DF0F9F3CB87B7
311
EF6E920475752A01460E556919B2B64296FB9FB70DD5F47232A0F77465BF140CD001F00ADCA175090E2665A14E6329B62660E02A1CB50C6025E3DA252A670B3F0FFAA5EAD94A509FE7036B159E0D1D9F2E76B7AE1FD5A606198D3A747AF450023CBDFD162278B9446688111009B4029B0F2180AE20A542D40610C073B47FEF
311
E1416B2B12200F3C991C2F54EC2491027A816B0A34A9D05C6F437AC23462385DADD75642EDDA738AF1600DBE07EE8437804D2D011A94DF71C2085EDD40266A407FFA1D1C00B0C03927E60338E3B9D8C47D1F8CAED578E06F7CFAA4BB63B175FA7C301B747CB377F45192003CB8FD34B12009224543D8604494011A80C1903C
311
E0518C986208E1C5FDDB8FDA161686873BBABABAE74FA637BEA894A44078C19696F326E057D7F95D061A6B0394A9D5F2DCAAFE4C2388D8A6E9AB7695CB0BDD0A332430F1A9333DA41D1FFB97FA09AE84E738C75C407C260408F8DBD5EDED7DE1570A7BE333C54F16963B46AB0C2B71208EA3D16EF4EEDCD7005241166C005A
311
73C03164792151205C007288AE337B4D7103741BDE7B7AC913350B348B2D767515674EC6F72A0402BBCB41C81305AFCF05F2758D3ECAC8D26AB97606DB9581A4B7A8FFB068CD5C0604E6849046B70C2B60FF0CDDF93C13822B4E82FA0479A68220E66D9FD775FB3C1A9CDBDB9829B6AF2F77EC9E0678FB20ED8D1B1A1A39D1
311
0F9812E20D6281F5673121AACAA9C53424000DAC173F7E18C3052EEE3E78E7F1160F5AAEAFB70E0F7775CFCE4EF384DDEEBEB9C0889D5243BDF557559FEDE5F17AB21E118C4C31A3DF6A96B56AC62180293910ECD6B721047664BCFCC6B2DD3C65CA0F0C823DFEF84083C7ECCDF05898EEF158F4FEF97EB9C123F1B9D1D1A3
311
D9F9AEC5F5CEDA84A3C96C14A55584D62893D6A54D8D2028D05C8B1F124884543F3223B29D208B04910D3FC43F5C52196AEB5B5F5E58E8E82610F08C21BD443801233C0CE8BD1E40F84A1CA86001990048031ABBAB11EF83F9283EA89F181F2A0D9A9F62D94B7F625FD727E6A93F63F200F614F7CF100D4511C07DB45FC5F0
311
CB4CA359ABE4774631FDAE85E599EA0878A3C33D5AD6430CF4C055EE5FDB80629000D7855DED3F436F3B61B3DC7FFACEFD2B1BC6FB0696312CFA477CE87A87070C7998E04FBA78AE3F915A065E819FCF35B410321D9ABB308146A11AD5196CDDD7C477A171C8AFC74B45CBC6F641AB53C8D4ADA5870C02379BC0470CF83DB5
311
5F073E29CF5CE5F7A3F8FD62EB7AEB1774C2C6780B9523F9287193FD23DDB79FBEA513B45200E2E0C1B51350163AC19043C600F2C1DBF7DEBA7BB9B5457BC0D840CF325EB0BBABBB786D301437000020004944415472B491ABCCEDAFC0591201CAC8EBFACBF367FE7B6E40E69F551BBBE7123E3C00AC560CE20C62436E8C3C
311
54CC225EE08C0D74CE26148877689EDD004FB2BFBFFFBB984035373A7954EC5EE8591FE531348654514DB1D1C56411DFA2A7C212BE5ED91278F2851A432244C6822C29C85A8B320ADCBDFDD63BF71FD32648E7D098CD018BC35D7FE89E250EF2AC75F96C15271602687965C844B8807C6E7729D93F22E81D39ABD62A0820C1
311
FE9F11CFA7208125D33E96FD69E83AF6052DD32D49FF0802CD9F9DFD39260389A950887A647CCC99BAB17132DFB5DED35138FB3A060F6295AA5E195BF0BB56495A5A4A8FA440026E46A047D40ED2520A441C302D240F201FB8F7E0EDDB0E12A04D8816215A0579E8FE1B1281E9F19C9900DE79842E2A7CCD48E9876EB01C75
311
DBA0E0C8D44AB5512947A00BE7CF5DE9E1A6A6BE43CF1A78783DFD5A404E4477336C1ED8B18908B2A847B2AFE9839E891137A6673BBB96FBBA2A4B8E9373B001F08369BA11BE8ABC4302FD2345FD6014A127068427D007BE28B41D9B0D40FFB7EE531FA673C8870A69135B1CEEE8D009C08042A5B4EDA314920B635BF941E7
311
487E45256439DFE9D276295F87E698389CD49FB394FE19720412DEDDC40E9CE9C6DD605E0B719FADC416CB15AB3A61F9B5B9B9426E54F81D8B03DD950946D432B40CEDAB7BB5AF11213CBA73C9BCCCDAFBCF06127C7980FE6D1DC9B4DF14832D6568FEAEEBA76FBF438300B541064ED33F3AC0B0D10505306FD370AED02859
311
234402F6C3FED006766DDED2034D90D119057225EEE3DAF787EBF30EC51ACB4F551678BD6728E1944730C095F13E4D81A4DFFBF67C5BEE37E62A85FCCEC6CC6C7BC77A5B477E22223ECA4FCC0F87E2A5E3EB782BDB25B8CFC6736A044DE5A7CDA604526361D650484FE283B77EFBD65D52C1C73C4F48E7D0D81ACF572F2E22
311
80F98FB230508FA906B42DE240ED651B301CEC83DE1790C9FD96B6CBF986BECF3BD332C18EF627A0B6EECD5B152E02088D03D828AFFAD26B05BF671B4F9A09A8CE0CD2707F67F2A4B3BB75B9ADA331C1305BBAC182FB4A79820B7EEAF73199B8404C0B81231CDCBB871B80FC41FF5860E8E108222A1A076C29E6E03B6F3FBD
311
4F1F295DC457573C7ADED636D6B7B8C88413DDF3B327E1046AA51040B40CB50C7E3F1D2E44DAD34CFA604029BFFBE714DF0C069908027EB275F1F366C132E1A7450B04011CF82B2B647CE754F650FF6E25BF37AAF65B7BDA16CAA791F1D09F6CAB989EC5AB7809BE145FA459E8D3E4B0FB47DAEF093B946FED585B80FE1A03
311
05FD5330FEDB4FDF79FBF6BDE81D8300CF6815E5F9896552412A03F31FCDCC7CB5E32365550CD9365FDCCEC8752E943161D78047336F8AF6539840A1F2E764FDA2970999F205CD2BD1F5CF496571F76EAEFA0E1CF8FD2A55FD06391F9EEF8B9DC9994E72BEBEE1FC928E2F223EBA0FBFBFB4F2DF137BC894B8087643D64ADE
311
6EDED67F7680FAC9060239E845FC94AE93D880F994FBF71FBCF5F66F9F32C292EA900F9C1E6F1105E81C5B5F58A067A448143842008D7275EA3BBA3D2516FDF02FF79260020D6B3C714711F3CFB61BFF56A826E627E82256F7400FB387FEF23C1C1E77FD6A21EBB1B2B35F2F95E7760BE1FA3ABB3A981423477517EEE36FF9
311
6F122B942F6FB64D9502BD1B9089162532A2FEFED255028FE653C9F46FA321E0B588B7DE79FBED07C44106CC85133CA65190543004D01D02D8181DDDA5A9C91A7110805B7875B689FC3902200FB192E7DFD936B37B57D9C338BD49E99E181F4E5FCAB2ABC1CA7AAB382CBC7D515457CFABE6FBC63D525E5CDF74B16378B9AD
311
6774A58531912D232DF01BAA913DFB7D3AAFF912984302B84D0500077800D26C60A4742101DE420C610C2E92FA93056022EFBCFD5BB6B38651470CD33BD87630C05831BA864C85997B8754B05167F0706499DC442FCD22592AEC2ABF3FF13F950039BF159FA9B36ABDB2778EFF83F70972B83BFD3F4899E64DD8346AA495CB
311
155A7499F2CE39B0AAE755125EB84FD8CF8D8E4F4E9FB4B72E8F1DBCCB98B31BC4607C2CFF21C8145FB48EA0F2159F86A3098415609554DEFA7B27EF1301033DD06D274BAF6821D220DEF96FA4CBB60B3CA241C021D38E1AA76B4406B4767576166766A6C7F77273F5F395291BBA19F64F2E3095C14F3E60371827741CB27E
311
89543857D6D96BF9A47C6A9A26057840332EB843717AAD171880217B71FCCC0355AED3D4819911F79D0EA8AD6DA31A83E36C5DC2D470295C011302387069158F6C9966022367ECF1D00BA9BB95C389AE7B6105A1FB640689033A7FCCFFEDB762189103A61C3A4FEFE0D6A6B5A19EC5755A443AE78BC5E9235B047890A65919
311
A0D2F96AA3C01CEE913BB3ED239C3E0CD8DDAB99E4348BF3F8B977B6C43DEBEFBD7721A839A63B94C06A10DB87FCBFA3C2932F8C26F88B6D6BB30C3C4E09AFE40FAB52EFAA1EC0316920E031A46D65A0FFE45A673432E907FBCF86717AC04F2CD0EF512D665FF53F05BFCDC43489F150890C60A8E0314E70A06F619D30D841
311
189CA15D3417F3CD50191AE4396543F0C42BCFD696C58DF163F5B46D708BD5FDDA5E5E5FDF9401BC4F7E00E8A17520833D1CBFF495B5D1CE037C664123EEE74737268B5D1D3DBFDA6AAD8C08DF2C0BC7A737E10AAB2A7B958990CEBF556CDBEE823CB09FB344143463C630CFFF585D330CF0320E921744A7918280FEEF9811
311
61008E9FBC78C830217A07B7D6985E83F9A79884ABB5AB383B4D7D788F9FB3D867A2112A43F19042B33A108690CF6F472F8661CFAC971478757F6E6F2F7AEB82FEA85E5715941778B278281F28C268AB24BDB470EF3303E09C359E9DF1CF990D8A096106E6A66C8620DDE7D281DF0B2831F20439A30D68386CE13E002F7EDA
311
8D7806162B205D6A19AA1FABFD6B1B400EC2BFFDD66FDF7E8755B4883C043F43046C1326136680404F1F934EBDDFDD39CB58A98DF1BD7880E0532E671FA1435E9D6EA5E9071000BE8F262E7C4044FD95D5FD526EB40A05A634775F32205C3D779FDC168CD5E56BF982508BF572BDA4F6F57D3304BE9EB18149461B12F760D7
311
485891CA47CFC44909136FBF4931716A2E100123FC6CCAA6A644F25EDF4AC980B14039009BECE8B798BF69A05DC5B6885CD23F8E13A46FF0C0A986D617F001C52241801E87C2974C31411DA3A5D7B6175472763D637D3E57C33B908F867F4A59CFCA7923375E5F027A983E18BD7BD4E6FDDBB2250C1529F4202EFAAF979DFF
311
B1F2612E87EBEFEC58581EDB9AA95AD1D7C1905F7305BF8182D5BBB524D47C4E3B81CD843220DE1E6536497C0962C225F75A2D6A998303B23FC501F0B3F736EE1FF01200FC8C99F5515207C9C40081DF304C0A17D06E26CCBC5B3C47459308178301FA8057C2C0AE9D99B05F038828B08400F2E3251254DD7EB8BC4853B101
311
F99AB48E387457C96951E5DB670648BAB70A7B04FE93EEC5F5B183F9739C98952C6845C380D401B8FC86E70A20744EC720E09D35955D96A9041720196D183AC2CFE6AEA816652D0234883D788BEC8F5DF2615261DB031C2381092401B48D8D2D870FECEA9C3D99DDB036C8A051058030E32190976718C89F031DFBFF2EEA3D
311
88606A8A19BD0AE305BDFD12BA4FF46F1A0002B07137989C748936E9DB2C91F43B07E4E4D16C3779CF5A4FFE8CC981F07C29E34B7C012AF0054FAEA4A6A3D49D3A16D2B3CF220A029003366663053C89B3FB1827080DEC2780076FBFFD8E39810CB0593CC68B5D9009F2D400418028B0BC6CC74067E7C9CC0C2690FBB084AA
311
5254A12AF63543B35EB40D17B693F7E3464D5094C00AA9E04E0E0524F5C35C5EC6BA94B21AAF2440725E2A9FF94FE7A8F0E769EB83FDEB039B631B18BF396F5C13CF89ACC02C387DA56DC3B1CD84B96CFAAA37B55FE723B611062258257D331F186AC93D8AD600B4FEF4AD777E4BF68F2168FF08C081A37AC13446C8599648
311
03961928476D78F68419390D830C1935B5C2A0A22A3AB17D3D6428BF12DC373B8D464E04C0A496BB3B3B75639DCC2500E0F0B15FB6F47B5A7ED0183A87CAE8D535F2EDBD4B3B7FC762DFE65A07C30B2851DB890082ADC07131EEEFA3DB7DD5CD32C0860CA83CD4B7993A175F422A8149B1C1D94C1145059D9C78A8A572A90B
311
7C8B1E3392FF77A80C50220880FF3669004E90F101740D2B808181455A044904674E7482CC3EC85C4BCE339404C0B0BF6A5611E4F9B8157BAB6DE327EC9BFBA1B4557ECB609C1F45326499EFB90EE78F18227F09E563C9E63D847EDB3B68EB9C39E95AC4F7ADCF7D87F6752BB6912040281E4A0D8A8314E80D60470999B8A5
311
1FB1488A66A9F3F81FFA61C83F4FA6969E472288FADFD61B005E0EA4284822E018911828E868614DA0C36E11F3A051070BF2F0840E35F200E2C0C80A776CC9E7E6841C0503D0EDF15ED9AFE527E798D23BEE5F0604E58DFB7099D739BF0BA5D332EF29F1535995BDBD0DE681C4F71DFE6A7AC5A13554AE6910963E9ABC9A0D
311
B5B202225545F5CFACC942B5B93C207352B6E5310BF349AF200175D7DFDF78F6D683B7C87E087FA9B35812C4F8F13452CED610A2207541E6D659A739441F3833CD0C9C3C3DC2B0712F62333C4FA9327C9CA1124904B4FDE0FE21C119776CB0C212AAFBA5CAF80EB43772ADFE77CD9FA8A4144C54C2FB2304C65F62FC3678E4
311
F6C68F30FEE1BE8383CE7DB86F58B1AE0C51F0F055E188D02F00911DDB0991832228B3172B3E623E513FF1734FF414A611A603163F401BEA790FC9FF7FC3FD3DB02DC00184145B850D01D120424DC03C00FCEB7880EEEE939399F1F18DBD4AA54C939899304D913CC2D5CFBC55E50C7FBE4C0E14AEEF53D6843DFF56BE2D55
311
4637EA047D3C210E2C61077875FB5B40E19F43AB7470CAFE1C0D3ED3B3B4778D1DF6D4F837C08747180FE8394F2CA1E0A46B6DA62CE2B2DABEDE0B1924098580FC16B369730E9E90541D3730D47FDE16EE1FFAD3419CDA05ED1F2715C607F2E81893AFC5936303F40EB776F1D808BDE393A3FA401E1C706E154C892860AD74
311
A2949C409E28A8FB3349C764D13E4D1D3468952B7B1B35001BF41142CAD58D6011C8B78961EACAB66E9AFBC627673B61FFDA4167950A274145BF11EA17BA9AA60815C2C43AE1F648E3772E53C94E6364AF826019E723069A8AA353A3BF7FB5359281700061FF64C28C10B9AF0B70B0B0D30A31CD1CFD22F68C76DA1E445588
311
69257892363C091D313EFA46B57C3BEB252E9C6BF5B4799EC58F1910F469E25AA17B343799DB3E33CF410061F96C6D63FA91B1000CEBB7D2971BDD39A2A76361E000F5DBC1688D47CB812DD60F8001AF25B328D173A9E4BAC18CE9F1F628704330741B2649B92E9714447C68559C6CD2F681919367E4811100750058809D02
311
30C087A89FF3C80C23C4C60882E481F48D531764BABD5CCECA308DE2F63D3BB50373D630796126803C2D1FBAC148F7592881B395ED7D26B7DD38D7096AF98841CB37592561D9C6565317AFBE9FC4AF7371E060736C7635E0CBA1809FC80F544DBAA1F2F9393D970D44C0615A0C6930E758B9E63AE690F73045F0C8C0731DE9
311
CD80F718E94652383458799E02C06D328010011C7090D8C5E5336A83D4059953877EA1E1D66FBE994F04608C4C991917230FB61F9AEE183A40AB9108D032449FD1A7283DD25ED15360EF7EA9303EDDC0043403531EDEAB10DFF87F5E2FD56DF0F1B701A9F614DB17FA0E0EDF6FD0B1622A81FA3D1DE5A33F551930335C353A
311
87F9AB05C60455193448246944A232C5D07636D864CDD7A50D0B4440CDCC465D1C418321F50E1648D500294065D869559EF3C40C8FCC6C323E989AD0F0C73142480B200842802C061008B480A9954AF282052B3AF67350FD0DD30D1F4075AC303A5D490250F5400ACF479656861E4C77AFF327F3EBECA4B57B6B6C8FF62602
311
BF150744656A87DABD7BC6BED50527B2120C001A0B3718C74F0C65CD34F275164D7968148DDF259AB8AD6CA81CDA4E8819509B996A7F642D987A401A2B04018C01E6C169A8700F9DE3B489DB2BC49C9B7B858A4F50D22AE15428FCA4A1EDB20C83492690CFE361CC7F8C8066FFD0D77AEE797977F468A36E0B0DFC87F90EE6
311
348BC748F7CB73B5B9DD5C6EE7AB19ADBF6DF359F1DC2A0F9E44F213F8041F64274C0859A2AB7C37440FEDDD2F95BE44065F22067E3EA0CC3BD8C0D8194EAB291CCEE20B9CD8E02950AD806080047A279F19024C837C848816719AC4A34DF8F0706CED904E8185753A458A27E4C1E37B5F30A104932BE140E0BF4E400160F3
311
20B054A8705042FFC47B4940810173F9C9E97240C7FCC3F3813EA239B745DE9F1B1F3FC2F9330374DBD1A7B475923F9A2ED81716D18D1B577DAAB9D1A0458655AD3CA7E211867AE7C702DCACCD291E0F798013DC01BC326087775C0833E04EA3778FBCB8DA4687A0255CA0AD210C15661E4E92001A4449031D1DD27D327334
311
BE830B64DAD90CBF537A45FBD4E94A7A88888E715B7E74FCD040E818BDC1BF5AC609CCCC015DED23877080FCDC47BD8EF3A7B783A17D33F3ADEB6D6BC7AD75EA7C7852C5B6FDADA6AFEFC2D181C03F8C40DD8A4AB5024F0B72E34B57BC1182472DC80946789AFB711DB7F1193C03C893B0345F420246114D3EA71D04FBA731
311
C0DAB0D3CD311B218F0D5A15ECC105D02F3AC32F13600084731A83220040019B03180634B5923D438300B05BAC80881F061095FED5D572A3323ABD83F1D37A2301A8C930AB3F66ADF7CBEFED30BAAD7D78A06DEB6A87F15491F5AB7E25842B6B34BEFC12C8A159F187C64B3CBD2356DE5FBAB98BBE9583F0E3280C0076DA15
311
BF34C15238145742B07080B1EFB83382F9FEF2239D003541041083C5AF9EF3C8944DC2030BC3ADEDDD9D27475800693049E05413BFB3FEB4308731512F13400D06F813368A0101D8D863EB3E75FCCADED124F532AD3F123F131AB46A93DF1ECE7F96CE9EB6C365C6D6A07EEC461FC919FE288AF7AE1A7D012D291EB073735F
311
F26BBB1C99FB706E972192819B7A34BF22424BEA1CC7958AC2E04BFC8E02DB90A4A1DD04811ACDBC181037864672C78F6C0EC3073A40CC49D5E813593B7002763BC6A909D31AC86F3F6E335C9E1C309BC58F16418642E2AF6B290A34FEDC0CFEE08FCA0F56700699CB73B9C99302AA17BD516D7F1FD755A2B32B3FBE7134D3
311
BEC813195BD355020A7DBB541539CD2C06E45F46FC0EE08293E6C0E1972176D9B678340AA1A4823404EF79B1E2347E47C35D0A2260730E0B513025DC0BD1C07E3366E9B9D17F767405FB531070700035618606F0B40C73C974CFD321B0C174A80C0F3AA54945FFEF348F5488895713E89B5C98DA501E06D8D24FF04FF0CD7E
311
CD7BAA755A854EC6A180AD13BE094E8D5D63BFD6DFA5F5D3E4DB1BA18FD8473DC6E17FFC9832B71A2A94D96E808BB53F9192955D62C82E282B05168AA0927D54AB20A20A74800B7CC9655C8B15F62377CA4C91641F9F4D0478F4FEFDCE273A002CC0A725EC165CE3A149F0333E8E9600B2C05A7D15FD831F0938DBE5D0FF13
311
E3C0F0765965A0961C3FA86DEEB0E28304747BFBA5FCDEE44C23544F7BB7BF7A132DDE34F99E44EC3FEEAE92F667A10F7E90B0E8C6442DF5A5318B0F816311DB2E6DC6F172C363FC800EE09186BB9EC82A24C0117700CD884AA42023B81EA6E0CF8B3056411110D78606EBC5AD5417B45BCC8E61EA01C4006AC233933E35D8
311
60BC1B6CB9C9CCCE7840D2E0C1C1FFC11CCE54D59300F2B47D66A10F09D8E24B71B9BDDF98FB62A3B897C53EC88D16D1FFE8C649B17BB8E760EB20B784F52F992544753F2CBF642CD3C9C70D8722C197142C567E74FB431EE248A8F3FC00377F5142144A82FFC28AC2970A780C85A7EE9146FA4B2981F3C93BCB0F3FBCB6DD
311
3DE69C72B6073B99140DE28B8E919D9D9E7C2F5FA99FC1FFD07E9AC0965CDAEA0A945FADE52C791EA989E8E7A21A355FB37E44405D171B98A6E946DB26AE71DBD01FEF07FD378F5B4B518724481820890E7486E3FCE61A60E096D577701890EE07CA5D7F2B086040749FCEF3F81972E510A86359C9BB579883035887542090
311
614E5C4461705D7CA1CF84DB564838606CF1597E8119790D021080C935A908324EDE9F60A04B7830A33F0670CB08605B8D01BF9A3D435693FAB4FD84EF6754930640C1F9D74B052A7ABBA9F502B39DA3BF6BC7514EA4BEC71D752BFDC198EDA8DFE8F32B3EF811E4576B0A2074B99B070A069F60173E7427BDF285024E35A4
311
418B7A412914F2800F1965C4F1120A2D5D2C64400563D5942044807BE7C738EBF3034C4A6F4D70C04ED1F97673C039FABC4CFF18866E08200BB66BDC9CCDCC3FFD1E43BEFC52C317F0F5E64900FBFCDA4DEE68768FFF46350E0EDADB7B34DBBEDE3776BC55599AF84E312229F931E700D04478D66A0D88D09B2276141AF0F8
311
811C5F8067DC04C0F90929F7F1AC9CCD368488AFB965C97B855A3E2E93AE5B4866502E55991B82D4388614F2C36B8484A5FA06E3EFFA984A6AF17D5C2073299D9F12FD63826F67FC460E54030981684E9FBFC22009A3006962285FDF4FC84B699FB5BEF3736C6072F6844C15EDF25883037DE6BB7AFAD6AE164B367812FA8C
311
FCA6FA25725D99AEC5C6EDEEC64ADDA2BE0056002032E1D7A20A54CF444E360D520A5B69816C0A953CE0434A8A898BF18E2B704588C01BDB2133342F5404FEE698957C200EF54E31BE6DF4E888C9C67F5F3F1B41F922777E7FA6332677C20098C59F762F5DFE4A23F9801A3BB6F8A4F66E0D40EC867E92DEFCE84C714FC7CE
311
8DD3DD3BDBF9C781B1C3B549FAD2C89D711808CAB100E09700BB85240374A7209212F320CA577222A7020E7824500179FC7096C714884BDFD9499E027ABEB3CB0226CD293CAE6E0C41A6788F396606A073E28CBE5CC67D584D36CA39D37974FE1023253E3FFB007A26F657FFC901D851130DDC2BF54884F20D5D40A0B7E5C7
311
BCC7CC87B84F2ED820192CCE1AABA1FF24ADBE1D03635B5B3B53D4A5F84120125FADC36A0E792D3AD7E255792CD5241A4C84171F1104090017DA493D0A7790A7BDE6DF326180398E4B0DEADA5C2763825E43E05C388E184678C88CE6422606C017F030366981353DF03A753DBF6370879F79889DD0BF75408724DB53C5B006
311
3AB6568D02DC47AE4627B58D7E367A6000267E7840C23A0940B992DB98ED1C4731B4FB4DCFB6D3EAFB6CAC7646F0335C5031888CD74E2103380260AD47176D703960230370FBBF28813524C17FFFBD6288BB28E4F905ADB4A788B40B4A6201C1878BED224DE9906C4C79EF32EE679B9F5D3B5DFA137327320643909A823F62
311
106CB8F9BFE4BFEAFF0FC7A6393EC7F64A698EFF8ACE31BA05ECE6DAB6DF124118D1D13F892F3D3530602E3F3ED3D59DFB821ECFA3D9AE85B1ADAB9E328DE738BF55D5DFD039445AE76D0194180F57B15BEE5F09C07F952F9A10372BC894CF7DA12CF6507E2A8916E0DF430C519485C55D61EFE209912D8C32866214E12161
311
1E22A0B1238DB18E86636A3BFAFD5B4EE02FF1E505F902BDF424D0516907BFC95EF3A76B6B3872769D67E25B548F0DA46E2B93DFDFD5F2B9E9EEE1EE1DCC7FBE6380DFBF38A165CAC73DF912AD76A4690D2B766A3EB4AFA2D05BE543EA20B095FB17AE3F1928D84482049B659E671A4763CFA567C08824913D37F2F92F841F
311
C244085C1681225C04AD6DE1684831682CE0D6096B56101C0D4FB3A1BD3F11FC1105AECF5660BD3FEEDF162B0D9DEC6DB55AF27FC98050BDDEDFF63ED14B01336053A19DE9AEF5F5D9E9D9F9E19ECDADCD497BCC57681922F327EB41FF681E17C1921B04FBAE371AC69E53F98183E91B84897A5DB164158BD1D12FF6F6BEF0
311
E02847727BF2628F9FD48B6FB11DF6928C868B29590A0606F92140D0C08850DAA7DD8A5FE8A50389F61288AEB743E9C801BB67DBE0A7F64F63BC87770FDF57AA73FE1F5A84F8DD3AADDFC32087FBC0A7D645C327B97D65E7A8BBA76DFD9BCEE1B1CDE3F5F7CE4E6DF4013ECD7CB60BD1239E8A4E9A5722AD9C4FAC8F7FF17B
311
214AF8801950430639A08E3ABD05A0D94E253BD5951C885B0CE750309070555FF21F2EF83FF53F4E15038B8D8A244740A5C9CBC120043DA0B323FB1DA0A4EDA268C05A304619505000BE10415DE898809DB6B66896E60AE347ED3D6DC707CB7D5B5BC374A158EDC343D0EA61C217D4878CBBDC1D85686782C3CF4272E7DCFB
311
5E9EF628F5A95AC1AC0C6848F5771329EF8DF2BB79EFEDEC8DBEC72EB7F245287FD4B31008AB38EA4D52F2BF57167159E3004CD8950E217DDD6F699FC763E9D1A0AECC701F7BD4430A3E030374066938F883C01DE40E7DAFD609345E33570F4CE6BE467FBD7F793B5AF2A9D331D86DBA7BF98067918F9FCDD609A0384B523F
311
4413B574B818C6889FAEFC5E7B8F90CEFD62BC2C85B2478D54DD076635BE434FCADE68B3ECF1C8708E27863DBEC352D87BCC7A92A8E135700CDE65BC114026DE5DB68275E656D2C0D4087293D43BB4C9C14EA83C0D806783B40DD7CD4F19EE9F33801F55A3F1FD600017A6CD5DE607783D5F74E34680E7DAB98D99F6E5B5AB
311
C7F7DF19D8278322F6A97FDB2FADE1539BD945DDF868EE2B8B70D9EDAA45D1BB0A5801198CF1DA891540474745BF0317F8A3703E02510AE94B084221F887FE950272D62D4232781054A87C58D015CD45EBF9B70E60820A2056E9D4D619E8494BBFA68B61EBDD8CF52CCBA124BACD4A4077E8420A7F36FCDAF661E577B792A7
311
E1B7E337C7CF1FDEBB3B49F501F3C7366C1730E793F51FA20A9C3D2E9F18E63DC277449054CEADA36DA0807467D45F8A744E1BDED725A033868703F1392BBE221158220588F30574A0B0893D0515B0B7C404AD0E7F40C11D504C49BD7DA39A85A19CD7357DFC966E5D92272FF06D59CA5A6A1C8AE30E52F1247C1F1D78F818
311
87F9F3E387075B170F9F5EEE4A7F5BFC69DF02FD8795FCFFAB472E7C88D563DA514861B85BD41594A75F5E866BE69471110A9F75C8609C7E6BF6C7C727431EE3E9E3773D2378C25226E82C08104A57ED273FE0921D6990E02B006BD038263BA360355E8DC446A380F0BA35FA9945A80CF60DFD54054202F91897C241C147D5
311
9F8E0FC67CD0F2BF377A3463F8BBBABCFBD6833C57E214AC3F5AE9C2FDE88852968F20337972C7E04EE5658223008AE82D93BC37D8DDD900BD6B16EF221F0D4149045D740A8A215D4FC186C658E01994B8CCD317465828704BB630DA2243B3B4ADD3EA554A97408454148C04A1A0CAAC2E04033C04073851F54380E0BF2DFF
311
A43FAD3D6B574F2E1E5EF6E5F4FEFBD1CA87C161FCBCF5C7AAE2F726F814027BAE10F79BC3D765D61D1803952210A9AA07F8C6BB2105B61145B324F96014EF223D4A9261080239F03FF6F4DD4975C183B887E081F7A467A25EAA0C94028FEB808637768B07400A8235D4EF33143253198900E079E3FACB0C59B00F827A5785
311
A6FFE2FCF0C0E6F1714F11CDE5140D931D707950631F3DE877F300002000494441540ADFB08704E252AADE1BD4E8DF55796A32B9B6F17737C67702E5C638682737286CB0E0A89B624D5BF28222432848C9AB8C07170C97B814FF492A61072407D638006F7C8400860444C01B1930A522788045633DFA9507267A3A42BA0592
311
5BAD705CDD3792FA23C1075C6EE768A673919EB6C3FCFE7629B7310AA794CC9C0D14A1FB88F95C845BF22543F57996E0B26C9E4C2ADF187F979F8A55F11B47BC26594C52588518D25E6C2B1CCED231EA1B748F093E5726A21A54C91EF95789041030C20FD5AD68613432E19A4D0DA2505B6BD843516E10BB00AF9AC315EE9F
311
DB39CC1F9EA59CD88F9CD071D470C86C4647FDEDDBB1CDAB81DA94034747A779F4CED497CFF817348F69F52E55490840E48840BA72DB71F3E84F6DA2F4717AA928F153DA6E4C7E8E00363CEC9A2E1C8E65F298FC4A52F087FCDEE5CBA38A80CBE11FF7BC2AFF249203FFAB77A128A001B1987BD334AD9B901890A8C2005B6B
311
248196AD09C0025ED841325B31845032E327C531C839E66DBAB39566B631C2FF0A1DA5A3CC47E665AD8751B47CFE33899DF047C9F3C365E3B11278D49DF939298E09002F6430F9958803309827A7C791048CA070061B7E9A64C557D235F83EE24822E5EAB805F9862F20FC58F483DC0EF02181F572930205107E00E5238618
311
95A2811309808F2B6C14B2AA579E893753C155D2F54302007E9FF36AC5FEDBCAD47E182D91A73920CFA5C18E01F8FFF4C3F1FF553BCAD0E58DEF85DD63B91BE38ECE1A9FFC4AD4A1FBA30D462C328C5A0340DFD393D3D3D3C0659195C96990F391EFF4175213BC74C020922D4830FE215E76940962BC0713A3B82784C0CB66
311
23DC40D6E1485BAD454F6892200B225096127FBD82D2B12006BAE2E329C771E25FEBC0DAB3B5395289D56D7A8A89081B34EE06F80F819EFE75C67DEEE95D227E283FE98A7B9F1C97D2D05B4D07A469153C3DA3048EA68FA667A6D90E291C7D7E2D063E4D044964D055F2DBF3E31BB851AE9F78A0A7314F0AD24901F581D74A
311
6929142039C65AF5830D1C809536CDC05E4BA51038F79D713DA930CF18BA3010E385351CF47F74D439BCBC793556A1F99814926AF12835E251C59BEA3C083EC2B2760FEBDF4304C9EB87B35769E1EB24B648542CFA4EBA9EF93CD42F03C08F249A2C98897D8E2225E90077823F4A52171A61219998CED6FA050992B6B0A74A
311
2220ED12123004FB977084208F8E2AFC80F456CB110BCA647A3A0F854085D84FE0052BE31FFE7F925610BAFEC06FC33F9931BF063F39DB3D1BB20EE357F594045F4226131578582CB055A59A073AE0413989D215019B6EB8A21CF154D71164E0D8F4E730C2CD382D098DA5261456A425643686BC8301710F2C506658813991
311
56AA2B4C3191BC555728384800CE10040F746A3D8A80A5F0E500A93456FEC52833BBB45203DACCA37FE1D3EE4B9BF0EC27ED47D89B8266F11EA2DB8B5A8BB93EAEDF0C06B7AD0402B9EAC6E787365535AF19F15158308A9D9785C1BC1C01377F8C6B4D07B50DAD25649764A91DC9812C7B34CA98184084F7C01055466B4805
311
8CD44085AF26648520C85C41C67805462D8425680425559F4440F3ABBE1F3F81B1EC72708767DDC8FFB6465796C8FE310FEABE0C9B242A74137EC3E0427091967023299BE5D6D4D0C6D15747DC2AEA4ECC57C72856E827D33CBD319D70FF854369EB841282F84B7CA4881447ACFCB257E252E00FBB3272120A75B991198408
311
58486615636E0E0334031AAA8C08A62E080053A0AAA4158431EC727A084021D41CF5D630C94184F6FE7432E8F5F9A4FCDF3EA7CF136FC2988093F98ED622E38E4976E1BF0CF49D2889E6DF3566719FE1F9B47A2D3BF89C69155DCF24F88C609EE551160F0415900B4C48FB013D8900A9192A700748002924771A3686A0A580
311
FE4009E00ACC090253E280B90AC15048E047020483A038A60ED232831F2CC90498648690D960C48E439F18F4DDBEB0B6F5AC7B7B89F6230243B4FA160A7B9327F3AD5D937C8BFFE5FF8B3A5E64283BEF8EAB9F71159514CFED62DBC880614AA1F7994CCFAE7D8C87057F451733699B8DF87056E1F0654B5021E38097E4E232
311
21B810DE20559AD183A61C2C88A648DB096081E9801CA00BC1DA0124E08DAAC15FD2936905CA8DA1C40E42B13F1764E0C4015EAD7F8BFEC99A310B1B7C0BCC7746D3C0702759C89EAD57122092122D1F857067684A578F1DAB7EAC400841F493A468113282FFE42316CC74C756B1C880FE78795C692813CF4644480EE9B029
311
91BCA257A71861F00666D9410288487618D120D0E80D7773E2B7DD180E100EC98B221C94BFC4FF531A09B986230F1CD08378A8E4D0FDD7D9B1BC75F5C12EAD7FF83F3ED19EB018620303C217A6A35D826E72ABF2D8E2BB1B783F6E48D2E3F360806E1D192085D022103473A10375B63853EC54F500B5B064DBC20945B88160
311
DCF7E4F83A0200BF6FAEAC88E9F54D22D898E43F378D20B51B5D6B1457000922202800DD401A9266483029C0D6D57ED80D42A0E6E08835F0F3AC73D7FAE6D56185F04FC44472B854EB7D9CBF7134DF3DDC35A9F6B38417DD6F508B37C1A718B0D054124176F7222F62DFB327F34D451799D56216880193254FF782D7DDE26C
311
271BF38C6E422E271CE4AB8823C9510F021126A7A944E00DB4031D013C88EA0746C96D4574069BD5439C4110403B40020C30B07A604F1E41D19C21A93FD9002DFC35F23B1E7B98E95E38387E3603FE7393680410D702FF9ED5A3C5E5CE68B5827D721FA78F3A9A0C08A79722D9C9B418F46C0057BB1640C70AA4A03D29CECF
311
33987596D53CFB27B32C3BE304C540E14BF8464E080918268D254838C91A01F0FFB99154FD8A9C0495EAA6534A6C464440B4A71E16100E7405088122A35F7A511DC003D002E6C8E7E15F6D1D2FD09014139EC11FDC89394621F77B9F88EB5A583C41E2FEDBC8F82334494C0BFA97FF3C3A34ADE60385B60E5A30CF036E5E75
311
370BE3B83AE73B3B7DC0BB337DA0045299ED0C66681E4AE223D01B1BC3BD4C921E2005FEB5114739040758189BA8A320067B62A3995E4720055065AC2B4A8006BF8CFCC907C0063EACE41813C5F017065AD46CFDC6FF1BFEE052932CA3478C8E5A6F25DC8503D40F61FC1B047E4DFFE8E84407C81F1AC7B5C79DA358551CD0
311
D13785A9AEB38D6EB68A0A8087FC6543E7471082873CDCE5CBEA1EFC5CC0579469E225428E9A43D6A6000B4219DE52E8DF00A55F4BF5035960661C2DB88AC1F67C2890A93FC420193C8326409E7B595FBBBA9AE1D1511B3F6D65B09AC10A71C2317201A603E88C56CC68C91279E83F5C147787EFE6C675F00941D23EF09292
311
0330982DF38C65EDFCA89DA98E8ADDECCD77CB86D85118F3DD9884820B1128010D02F1060F582871CC8FF42024C02239273A1CC3BF71E770DFB7E96081682803188118B50310BD620234F230B12711B063E0F0490FCDA9248B580D3D3DE944A30CFCF2A1E0F6E59E8FBEA289CCCC943785BB8880ADA9C2FD70F6A13F541844
311
4E3A669273C006C4B4EEEC067827539FFBEA9CFF04D84E7F170480037005AAC8829084329899F90B5E013927F8E646514B4824B01D11F72C012CEACD163B6358A4454A4221D06E68A71062520649BF9E9127D0772D6E5EADED52FF216BC2FC513C7D3C5CC4C8AF009811826AE20203B076A2AA66D8D32E317DEE0EFC000FCE
311
16D9E0BEB17C74AB009256C5D8AD1CBABBDA61402612C675FBD72D07E633B1A42F2421208CE01397560811204306617A5141706105C9F4984C459F2D0F6C392FA05BED808512B0B9A8A9FC6CED89640EA347D31F0DF76D3D9E61E800FE9F7601BE4C9614A1C58E6C839F13A12D0EB426DE6386B82369A9E6A7F1F9146EB578
311
A2EF4289AA109B4F6CEFEC0463E0072A05CC9DEDEDFE08407B173B8AA65399C80B2911252E6290C82CC1B8909140C11B7AE161B42B93905045D017E00CED6D27AAA15F2C2179F1E83D411A7020B9408D202381E7E5DEE5A9E7E5CDE3B186433F488AC81554BEC09BC579018ADD1DCB3D9D70F02B14BF9159A4DA376225FE43
311
DA224FED327941705DA582B2FD1BB5DC0540667B650BECDD1D5DDFB0C7F36DEE2B94F6EE2EE4E426F20A1174C31DF153321A24114C4FFF25E505475F6906D4149B21F1BD9D9DF7B059F8E0FD83323CB97991FE80EE131A9003B81C491B218B1D42C0C0D593D9D548003839DC29A740298B0C23F0CE14BB167BD61989AEF0B9
311
85C8FAC8F923A73F31953989F0F6C96CA6C4D0A9A88184BEDBBBDA3BBADE77CD8E2FFEDEEF46184A86671D7DDC51417477BE9F04804F305AC82C2D018A21EA903866A0F959FBD4139916D036635EE03DDB7408BCF0627A03027AD314C09B0A27F0A79490D53839D0DAF1416995CAB24101FA63F75029D57A4CBBA9FB4D120A
311
DB17FB5A999FC9420DFE04FA670430B90FE7F589F7FE8D50A4B5F004CE5F07EB4EA007F8AEAE8E8EF7DB3BE2F81F42166C7246FA9E62D02C8209BA1024414C483498B50229FD923F2414040B2081390AAC353B5283EADA12A30B1080866D746B9ABF5BC107F33C2A015B275480759334B83AB02175EFD0DEC785DFC505E006
311
4F4EBA5A97073A74C5C9FEC97BD25D819E28AEE661FD2732B8BBFB1BF13441B3C1F45E8AC1752BBF80C113DE960E0AC7D9D02C58C80505A19BA0E84B14402601A590A4AE00A825E98C3212342302EE10FC5100681F86834A2804BC409D70270A2091DCE874B16BE0706C974EB3D26EFEDFFCA6C4579AA4DB781708469F0555
311
32A7046C6BEB0CF39F3ED2EC4FBCA3D00EA91CA68FD2B87B5C191E0EB2C300F00A1C9881F263571C6CFD83D079D09F176FAD839340CF030F70458F81F09AEE1329505150CA0A00576B56C06D58070B23086F685E44232D9D53DE3FC3731044F286D19F459351863F749F1104198D6E14BBC68E17CAE70D7AFD958E350BEBBC
311
70C9C4DFBA075240DA27D40AD7DB063A097DD3F041EDB3E4B682A7A12A548F3393DB01945547175879989302521EEB1431B08759B632B174E0F700E774FCA1BB83F95029ED1A084288C8893520E49415E00DA080AE8027C34206D35491D050A4C6B080F6A20889A2FF82379AB6234F6710C05F9080ADF002B9C9F9C583AB22
311
0F45D618D7E7F7547FB27CED8A8B7A7D24EDA4988B0C1C2A1AFB53FDC61BF3DE50D63C560F0120B0372F0839DDDAF13E583B868717C1CB8CC71D1D7F440CC82184803144196EFD58BBE00B7EE77DE8C015942357FB06FC906A5E2B8882CCF9FFE184B0035A5CF186A962A63F84B3AAEE3D5A2C830008807568B6A9F424086D
311
2095A3E262DBF124350082C4B5DF4704A9D2C93553DE47BD6766B69349610716999FA25854F759CA9792599D3837ACF6247CE8597B0F960FA3EC45B61715050260C5844FCCFEC9666BC71F875B17E3BCB4CB151405D7D08F846B4CB952248B4603CC402B609E90F0044A007FA800EC46D07A51232B00E5683C55D5096E1374
311
DA4FCBBDE2C25A5B8D26008227CA7758033D7D70DF12CAF7F247939F93F1CC63047D63ADA0B7CC8771B234D8095FCDB577B586D1834062035670E204B245EC093FCBE15626C10D210CB38A13F50E10A0D5C0814B0C4B30AA9858516001669002229618F100767AA3D6D2528595FE7A398C2D2300ED0013A0AE60B91644A057
311
327BD3C36BEBF48C91279B45F8BD145494674AFB211A91977CB838DF35DCB3D6D6AA2FB2784B591ED785DFD7DB77747DAC9D2F7674810EFC2895F9ED8007EC7885101679C06F21E4B1C8A6120956F80518D1DAF1717BEBFB5803E20C6F2A11B2E48AFF4AD2810A70054623E341B3D1ACD92DA91150DE631EEB2C28882D0920
311
49C0DD38E262A7BD6F98549930C9D44B7C37028AEA9F8C5628A2BEF5704C0DCB2B428181B1BE766F43014498D2E57791E4C8DA6BD2ABF5003F0C40202E2E32EDFB02852D16C30B7F646B98FDF86C7891690043128B0A0DE6B4EA27F08C30CA34C9D0AA0852A5997F8D11A6EE84E040B20472020256F4AFEBBB74E6705A1208
311
3B249089218E6452C8E5A69717E904A3F5EF3D5D08EC1F4D4E85086B238CFFC11AB9AE972CB775616C6D1DE04DDF073B4DE3747C41FBAE6072901CAD0237100670C5A00C2C3CE063610ED824826C1F6650700E88C00B62468903A0D71D3A390255AD7040048348C56C4647413C2C2561216E0C469203EF06A5B101AD40D0E2
311
07F78B124747DB5B4BBB4E88B1C373C114E0470B345156EDDBCE1B4DBDF81DBC400746B0B54E05F693707B89A5E430982C2AC7D10DFF11D5B102B9505034B35D07E8E5F585757F088B390F2D4C85CF7218E8418BB4F25B885053D07D5A908326809F31D6CC6B77CC948413B28664484439D118DBAC27DB5AC40C1AD166F25E
311
6A2F0AE82100C0BF220405323E1FF80DFC518CACA8DE1003F3C9FAE9C7B2D60703A0004F8EAEAD2DE0F5485452D15B77B4B67F4C2403B8D8F9C533558ADE058A9E177A1698F75DC0EB4C800F74C0270178C8579C1FACD025F0560844502D2BBC01E620030CB93636C1041636A693949CD80139FD15BE107F905590A292840F
311
8860706D07E2970A2F15E5B13B87C3143CB2930374CC46A6F9B9D7A5CCCC14E11B9E879A49FBE27ADBD6DA82410FBB94FAA8487D61B51F4BE0A03FD08743C31020D6628ED20305A22C2C2FAFA7ED1E7881C438AA5B9035F20759E243C51F34D0D5F02F11403B9E204CC1686C0B6C9000470561519CBE1B0E4FBEAB37A39EE4
311
B84C05F023858779341991F36D9D9F351E7BB3B5ADF00148D9D05784F9AD8B037D48C01BFA83D4247F03BB768BEEF973A14E610090D4B96B1EEC5C5E66928F28EBEB6CF578B067DD83086081579848E60DFC7684044D8174993C39F886043481F6A2B743B18749E52447CD4D230513032D20D20206E536E15BCF7B7D211634
311
F98FF9986287F33F9A94615A5A0A7CACF8DF5DCC1AC6EF9AF1945EB78E0A2FED1DA2ACC00EF983F9A012260BD722EF61C9DBCDD8719703ECF839029010CA0B9F100B1D2842153E01A1A3837AB579516A31982FD2908A09100DAE591016CBCD4B011A2F4DE299E1338CE065DC4841BF9895D8C81714800CD08F5AD39601BC92
311
9B55D291F6CDCEF2AB40DD5D98F4E6F107C47AEE4A09A079C05316F479DAF4C2BAB83221BCC0CE23FE3D3D4C7BC9AB673D89A3677D6020F6E182332028012FA0FBE0B2668FB85485902A8E7FA0BA2105C213E20BC2169211A4BABA7D693C3F1DA961F203694853137073AD5CD25F1C017DE0477626D7BA55B88F83B5EE513C
311
41D814639FD1BF759171F4577D3CAB0C3DFF68B2D3B1F8478C18F67BEBB2598FA76A4545E9E961BACF657E0791D2373030E0EC9FAEDD17BEA7703A738185D08236C407448A4CB504CBF01FF43859D3115488EA01B55078000DF085911805790DE1B41B6F8CB2889C3834FE02AFE07D85143C6C008438A944EA63E047023A7E
311
F37E13B0903AFEA7BBAB9579330FAFDAACD540022980B65A75FBA17D388F1E6576405CCE7032D95BDA420E7DC0EFA320879E5F8B3B04C1D2D9C1114210C19FCC49DC6A855E12010184DB8968109ED016E4683CD552A36B3AFA13BFC2114068935A7E774CD2C7225642B73325938052D8634ABC18DC9442BF9E0402E85B42F9
311
F3273672DA8E8F1070405D1DC3248487574CD98092B8B956E6AFE1566530B78FAE05B4A0DE51FBAF85DD075C7E11939F80E015A58D1F87E400CFFD2306C4D1D3C634380A201545A92BE01F445800BE12302AB477BD6F62600D211232EB061448A0D2B877BB940D63D059C37E0569A83DE93E214F4BD86209FF6F479C640AFF
311
8AF6D1BFD987D029A94DB7C329B4184D4BB013BF912FB88FEEF913071A8D82B651BC10DB067A7EC52FE1B421883144C00F64FA23A11CF708BF16CA59F18D4C04B8085964B2D8DA4A855187000BE440BC816FFB13374640B0EB1D0998AF38A1AEF503F14302E2811081FC12EA6CD38A63B33035125F40F170C0B0AA45E9FCA3
311
8FC6D688D48563B5C4B4B7C359D3C7AE0EFB16ACD5E2FAA47EF8307044B4EBE1C71E84E742D81431FB06B90B600B9C239E277A57C94C427EE10E7826980C0136600D916A06058CBE8604DB4D314FBC014EDAACD0820F14BF75449B70339490FE5A0491221BF95F949DF1235380E969AABDBE2D32EB4403D3FDF17F42F9A0A7
311
C28ED75BE86BDB7C7EC80C76F86B8800F77B305EB88F00A4352E0F8089EF811EA02A3DF08F7DA008F803BE4B4EF5F41E56087099E920708C3D720916444440FDFA013D4E1201414123A09290F5BD7AB729298209C4306D007BB0829FD4EC3A6D7E4F00B67DF38CA0764F832F0448E58439B952CB4F70DF964AFA74CCFDBABB
311
DF273E2FF4F56D3DBFF2A78D42FFF2755DF307066497F44062AADFC0CC546F6DCCFECECFA232E14F408F05477D311B683A35BC245FCF8A5CD2AF20022C21022266905A5BCC8B20235D6FF04019CC04058AC80023662E25F342063165956320BE50370F2A657BACC817DDA3DDD3EFE04028645780A768FE38DBA88BF2EF3ADA
311
DFC7FEACA952E5A77568ECF0C971DF32BF1D24F8486B22A649EC81B1B60315CBEFC026091CA45F858D7D04C1B437079431E63E38F880758842E780A9E03791C0FAAFE10012588C3C592FE35461A6047802BA18686887023A422A49599399893103942CF6DA53A8E387825FA0678B261F139F801E2B17C901D0F5217E07AC24
311
01A87D0480F753FBED44FE949C93A1D042B879FCE499B3D861AEB23F9C1F372F0C24D0B7D6E70FE1AAF60F84BAE642D82F0A9F53E22783915518494FDBC0AFAE7DA282E5050B703570E06319A015E00D693A6BEFFAE493941C3B08C13B96BD20D0115A9565701DC58568A3009DA13E965765C03091F0FF339F7309D44F6E61
311
F837F1B1FF920450EB8FC48F9B40158BE89C81A597CFB0DAF5F5755D3886DC13D4479599B583758CBF35663AA234F133F91D3BCCFCE0A794367F385C59B19431780F1C099131384056616E15A1563B50021D369C593FB292685A68A8B2A50A0A2085CF05434617E05FC24A6B077B990014421A68401AC4D65788EE25F737EB
311
780D08A6E38F060F2ABD889E1B889C44852C2FF368C1E3E710D73B6589EA83F7417B341ADA1F639A23D15298F087AD0326410E116C3A1B325218433C71AE62C07C1480F1C045629724A076A4BB8D622D24690486727F56108D07046DAB065000678E04C4F8C342DE27F4AC102D854F2D08D59B4ED0E4F697B0FF62F113646B
311
C5B7F3131D4EA8BF8B265EA3F2026E7061B96F6DF3D993276B2180B8E57067587428579460551049049B074CF8B1066C7E14C705F0B39298C0997C17F701097023BAC31081390196801FB0C2A12380042927503D5A01CA127F9841B460310639C674BC8CDF1A320501448E0068905B07F6E5602F8C1F07786253438CEC51AE
311
61FDB25FF71B09893AC026A9EAE3F30F369F5D5EAEA5801FBAD3C98B38C13EE017B054F81A56F05259DBDA64FE270B1FC4C77200FE276FE814B916E222575ED717A62A92956504605268408CFE13FD61F84252228376060206802B9550F00B9D47E6AF1022538A752CF4FFF1F5931384A9FF8700EDD4FFA2B93FCBFABB3EA6
311
C607FF714B0B8B04EBBE83B52B246092AB018C0D0002FC490849F1E214AE6FC42009D6D86616C835B65DB9862EFC4480C14137603C3089D0A5588FA27E693DD184131BA4E88C35045ACEF1CDE1A82323C20B842F2419604821196EE8185BC834AD44F8E9B7549A32900196E9ECBBE20FFB4706861AACADBBFD9B56A23FFD3A
311
B8BFACC18B1B5AC0ECD7B6AE2E2E9CCD2BE8AF1B1BC3A813B94107E82DE67A42E7CC7D4A6116700B5B2EE3C338A09B840F07C40A64800D7C605AC42B72227C4C7020AB1F20056E26F542717F56534261DE3766AC10A6ED2D006DD03BA9DBA507AE0510A8B385C92363B9154167F1230C40D76AF6F3BE0CA08F8BA2FFBBCEFB
311
09D0986550E0F0EAE2F2780CDF850CB0F88CFC2815FE87BD83909F474F45DD47F1C821DB2107A8817FD45384F57891B65F2543D0C1E20A89B4A8DF806862AC27C60F6A054627FD344250718AC0FA21CDC4E28DBF2650D1B39D8B8A420C348A4F846E2BE824BF8C45E1DB8EEB52F576F47A75FF95F90FCE0FD3A7A08D48D5B9
311
AFBE3EA658E1676FE3372FB57F0AD8D70ED4AEBA3D4C2BE0AAF1C3AD63A6004D12900CFC481A47430C9EACB390038642C8C41B13303166614210592736B8603AD4FAB17189DBB32F3915F0C380795A089A15228460BDE8E52203527D41B5470901B088D84FF8B3FE2BA7F4FD30ACAB3DE0B7E2FF95807AB0010FFDE3A048F7
311
360F9F3FB9380EE537F16F8673131325D3351A3F664022020811A0FE8C019CA17370725CBFF64132025DA1BE2555102212E80A907FB43ED80A991A8AAC183932C19AE17524B06590B6AD286EB99BAD18FF4BD64BAB519202F992A963648ED30E7521F909F090C0213E367A77D8836BEB6F34D92EDA624183070248351F1A07
311
9E5D3E7A9EE81F2CE6678F92E299EE312B6C0572C0A7B5EEE07853612403813152C7125E2022A20C18F855DBAFA399817FC97FB6E1CDCA31D348434ACD0012F0D32A5456B4007E6E92D72B1A4E9971223A42C1042819E4049C0C5801300C0013FA48F8944FBAE71DAFC27F1826FA2304ECDF3F6C10FF47D5C7E49748DDD687
311
DE8E91C09394EE0682A4F84CFD6067EEDF43E67EA46CB2F4070160439245F00343D03BF25D7E2F26FC400A896DBF19FB8D4D0A66DA669C3D608F9CD048A0533621B25690EE19D5D15248E390F042B12C682511B02BFE3E5700E4C9A9B2107A8F45248FA48234FD23005ED1F4EFE80D1320836F04003BF42856D478D1DCA3AB
311
EEE3C68F9F30C3A16E5C238EA5DE3FF37DACC2F8B7980033F47FAC34421EF0418A045394802CE032D61C70023D788136788613887C0011A4EA316E005718AE191F8D0D841B9C679CD2FC478442D005429166F5A24403B1E6ACF3298F388B6D0BA933D92339D48969A5C11F09B4FF017A9900A4F887010C474717E10F364680
311
32FF33F4AD610517777104CD920C3CD15FC5F3B3A0C75BBCA3B00F2724863C10BCD4A0E00736C7981F2F72E4B001438B99714FCFAF713A2603BC710376A1715FC602022202E06FDEBBC680A3DF1C4C095A12C50B554FE7623B50374FB2129DDEA4C392C9188077658C87F55FF92FFA507FF03FC8DFD3F31BDAB46DD51AEB03
311
F7E1B38B8B87CFF47EA1479C3EBAD5C6B382C221C0F1B358B39D76D9D3142C4A20935F541E492E0EF081BA41B3620A8E172B584EA1485632E22A8221CEDAC6110AFA4B6D43E2B76A18AB240BB24337721C9321D2C033B2D3E2641A55A400A28403C12D1DADE39AD23FC5FC08C47A64DC3FF6DFF76B5235124022D7E6D6D5F3
311
CB870F9F31C96FE477FAFE54100068A3A87FA5908A2C08011CF31309C10025B089FEF9C510522B8DC07C30AA469841723A10C08E27F00F7FBC181C083F2809EC3B2B328E294AEAD5A071B3A95C81D2DE3F930372D022C9C793535B92FDAD5426E90490C3C81D000017C6494441544698C416520C1C40C71FC204B22448FD93
311
03782FBA67089A1A7D4CE38E89050FEF5F1E078A4DCCFADA058032C34C1CBC2E1202B1F8962B1A8024F0EB7A11F209E96FB369D4B64202FE7BA230AD24C46413536EAE955B341B726C593B5D4630C0BE822480908522B0D85430230352618DCD4F7BA6D568BF4343801480006658EA3EDCBFFA9702B4FDE9022163C43F9B72
311
B58001A23FCE6F0B3FF0E4E1DDFB9801A6FC42FD0132CC1F2224F89933107AD30B6C9131A53818AE944BE25A70810821C38F098411980E46D108F483DC63F49B91B852351604091D60546702F58A3872A1716411B642C7629C267E64E77719F46B0548FD6BFFFC86A38DBFADFCDF700228C124C8664FAA02BFB1F92B098008
311
76FCE4F2D1C3FB4FD0A44E0106A8DB8079751CBF0BD9340066C3D52BC64706467C05B5A54401BE4A1B0132A55EAC1CCCB10D378A3DFEB9812022327745EF2102886A9142C812A1A2C9708027BB55B7006357459F9C2080E0BC34489FC629510F3017B62D5073E2A2C64048A0A42580E413BA9E08274091A398EA80B5BF31C8
311
7BF5ECF8F1C5DDFB4F22AAC181F070AAFDDAE5650C4000516440D8806786D874215149E69ABEC43FF0EFC820FEA112B0522003C84BE03FB76623513B6D840820358B084119B0CEC8C00AE888826339A54091F5FCA513AFE147975BB1A86FC50618D9D74502F0C7C8815AA306602FEE3A5E79E0D7DED1B221001118B73182CD
311
439A092FF801105D1AA14E1918EC282F6260869D55108065988BD67F68E5581720A708051F7C8070F582389C682BE53F2AFD85853F2A013D21564028E06E79B7A71E43212180A81541EBC88F451E02385100491AB0C4A3BC5309A95911E66D04C0B448366988ECD204C2FC930F8CEE8FA410EE4C25B58DD1B6EBAD83F61966
311
70F7DE635282C0A56A851AB035831725F0471A10FE52097089C80495804100318405F0DFC2136004B4C40705EC9154315129205EC357930035688F61AC02188250CFA9A980233925F16A117A48CA54DAB6400221976B75D863330942E20EE3B00B08FBB71AA813B0E502FD2B023DF70114E0D7DF2E2EEEDE7B789504200112
311
075478F2FBD6897835C91F0C20782401E801A2F9142700B74805703426023A81CC0BE88B537D0003E0C5181D29EB8D83050964DD2580910A1E7A8138F76253DC01DC2F3824391AD748276C0B0CDF12366625D038603D0003E0266CB42704C8CE7FA7F11B4D59C0BF454A78F8FCF1E50513715D469607031272358F04E0003C
311
90107223A581218F10008B10247CD20D860FF0BF48801040B361808148714764028EAC137E871501EFDD97C89B52107FF1235B0928C562530082573CE137840EFEF82A0BDC602736C595912FBEC69E6A3A26903B3A300C5A098A9E3F1810CDFFBA019D97B4E7A7A075850F2E92569BD960CA7B8304995FD006FC4213BB1448
311
A6F4BFBB3A9F9FC4962D0A1369129B10073771FEDA38B1737B663A71C088D8848027FC3008DAC4E4397A6F76271DFFFCF77D6BD7F1F67DA51E0E08875A6BAFBD6BD7AE52CC04A0B4A2206F650EC412841A48258258E8662C3838FBE21E25172C2A15A4F78D82DCF68A005DCF07047C183E1CE47731BBCCB5469D9169E0D588
311
945BEB637E87802A03D88FB82486210D28FB3B858D13DC7CE75F5E6F3B03C1744D30CC58C7C7A256146853A05243060B850072A7010CA47CFBF9A1E24F414037B8781E8E9F219A774B36481CB43E48A79819D638C8760D672FAC19FB9D3FC5EA9158DBD0159C27860409682E8FF2595652FE189D2CC2D7C023E94415835580
311
6FC320087CC74116030CC376C559C098B93A041C5DDA48AF33827D2327DC761D19C17CC62780D82A170E6CE7415A5E7FE825E053048F88D2AC2A561CA4D4C60098DA28EF1A01382772484698F60C8DD24BF396EA76260542810A625978C03580A9CAB91D10249BE579B0377A3DD15749A45F24C4D81FF3D7D7996F6A169028
311
8008C0FF6CC186DA9D5FC95BB09B1301004B016E707FDFED306A1BE8FA208828F00BF342186839839F1F6FA338DC5A0200FF383DE92614C03A4508DA18F4D85F9354F7E867AA77A42FF49BBE6757A1A7454448D0BFC3C220714FE43A3D8F1547BE10F0BC5A05985AC3C28829A06FE24CD062700601F4AF12AF99099B08E707
311
1DC4626A97C920C3FF96E190C9D1FD7CB6163E800D79E5F3F10A9306C02B799E80F1AB380E0571A584C0370A220C3125000B500900D96FEA40409F980E2083E4EDF4D8D2480AE5667222E020BCDAD4EF19682120818FE18EC7FD6AAD67C03F7DF1955E697456F517AC4F24700C30171C67E9168B109A4F60AFA60F98BE3094
311
1BF776DBC7C70792A2FBE98AAA97224F8BEA39B47BFD14A8CD03320DA2B676E3AA397E652E30A42CE2987B7DA1EF7F75242413800A04C0270C62A13372400B435ACD84B8B5009208F5AC73EB149FFF3508E21C2201E0338BE07E50EB47E7FF6D97724A601028C5519073E7978EC88834410450E074DD58AD13A4900103A644
311
4A9CB99103229F0EF8C0C78161EBC68137240734CDCFC349807851E0EB46CE864D2E405ED341B71A390CF2DE20CF5193189E1901E866D0230409684B193D17E2928534D04240937D3C84477494FC5E0FE0B448E35AFC19007926C1C6A6E622FDB8A12E30993C6710E070397C4B26304C0AE38218D19F01FFB15BAE1C0E7E74
311
DF75F2406E373C414E848FF8E500EFAF3C1029C9C0ADAB2313A7426CA9B2C1B9E30032C84EF31A09A88A386F136E8C2F1D582EA0459207015F10F1F001F0B1B7DF7222011EA2001F00BFD36BAEE0850928B08C077030FE3806C880EAA74BCE0863A952812E6008B3A89199C1EE918AF96AF583F1A073B0A355B9D861AF1460
311
DCFB3BFC6B7EFDC834B09700CBED3510E48DC7129041C991F06BA5006CA6B5B34EE21501374E8DFC910042036111EC9C7CFA1C05D48A7270F7F835BF04A4194DA4CF76CEC66718C84CD020D04C412AC848F03E3C61A1C8D50D0EA6838A00376054D3DF61A0E393E1F8B058A6C994093476D601A4A06F0CFD3C0A6BFA910E75
311
CC10400A80FDA93AC9B5EA4303F6C0D188B559086091CC5910137772E14F2376D03181B5CFE74C0EA38440D0AC256D6C4D104CE05302FCC00B60B9CD4D71E08BD40C144A025E60D4C1F45FE846A2105D717EEA84808A5DD90A168E133640311CF05DD870768683F5D2F1800F485AEBE5CABD8FFA3C0BEB33702493AEB551B1
311
EB035EF5C8E5757FA7832141F88E8578A363802B560007AF93D7D470B478C4D00B412D634C9140C4F9275C00DCE8DFE3C7F8C0AFBC5B2CE82E3C3BDF393D4375D50C43CD1C17E3777CD2C170725B7B42B41DF15BFC344DAD089C1E9118522B4A2C60B794E4E8F33081BB7C8CFCEEA0B2015E49D586429C6C78646180B7710E
311
06018A3082243C275F077FBE412C17DE80D3E6B9462C5204C5D980D1DF84A864401C483CD01B143F4A4868087A0F780F37230200A4FBF6AED325114C367C22512750A5C7C3E32D545CE20A0904183BA10015DCAD89864B3E1EE97EBAE8B204266A48E010511838E2FE413FB116E60880C2D8440AC3880DDA6DF6618C138CF1
311
CB2A09637E18D00F80CB0DC05322E31EADB8081C29410903F06BFCDF5AB46024E4A75828056440503C707856EF0C037623DD4922A400E8A6BD75E4D2800905F18450A00CEE88860C8964C7B3F90F56528BA18F71CFBBBCD2D05797E168FC37DB26DBE0DD2EAEF39686C18440820013C1444055402A541400DD362A0A402F1F
311
E51246404E098249FEE30708C10CA0B54601053159480C00BAA9B1223A773234FE72FD5C3BD81804D8D196FE3D5315A0C981D88D04FA01DFC185CA93F9120E1F480B08063364A0A318F08DF95056E4C91F1150D31B011200383502E079EE43CC18603AE2F88FD139C802A739F208E88D06DC78267C448C27C4113C19B0F51B
311
0E9C1C021CF8F9167C6B1F2E10E461002910105D1042792D1CA303F469714C018C23D72179E165049C40E801CB96CF334562E5807291D1E0C70FE6CAD91656715F0E5C5E70F8D7F83290549B1BAA6F781D25180EBCA93EC84E72A74081CE3020789B3790E1A9E478E658C099BECFF01E530E80EC5FE31204ACFF70AF8177A0
311
3059240CD074978A002A878BF883FEEC81DD684E406CA630ACFDE87292822A11953710F000885D6F68A67ED40CD772B0828359B753F7CE23D9479AB9845771B389D6A77130F8C134EFC83947392029B10E4425440A84AF0E54825228FC1634D369874739C837A9DDC83C20D320C36042610ECDFA750303710224D012024880
311
12CA847424F8D53F78AB6BECE9B3B35A7F32396AC6B7444566327DBB4DF06FD9616744F4D3A397EB3B0A3FBA8D763702883ED742FE5CD24146D8E353ACCF811C806AE09914D8446E93840FF4D6C963FF32BFB6AB015D1D3B0C9A0968776F021F21404B6260CF84A14F35180CE20B5E85BDA2EC91FD5A7DBA7E5705F4F0F97A
311
F26CE18E3BA078138202400A62930FA6CC7882F911A92F33E547E64990B0F27323D73B6222863F86425153FA8009361C675554C25382CE148420C8DCC47A20122806CA178A0918C14CBD33440289078A00EC6070184CA9907FD0A1270478E0B325B67C2193694EDB7DD0F3C238447C8A11485562FB4902134E6AC952FD5320
311
A4F7C780882DA9684285CD81D278C0E8FF8DEC9F45D22DC3C2CA99C2728110888799575B6834BF22B0F01EDE72D7F21B672C40F0A972999E2200B7C91403F9BB3D09C01990819238CBAE5E7510D7D57450507E3DB04AAA0A3C280064E0775380C8C16EEA4834346A04BF0CE847B4B3AF760D06D24BBB267C32E2C9257DE5EB
311
748AD101AF1FD33265E2B674EED8C01A0AC901392211011AC810560F77778E85B13BAFE3E25C95B70919A4862C15928BD8989664AD8638101D009A80F00BDC41AF27602A4BDA0C077E550048E7F1011410F01405045E1C140B4D0E70E0F6E034171C3D6FD12004FCC1FA304312518910356628A4A326EC9ADF5DFFD1B2C039
311
9503F14B4F8E3E0E4E39A06ABCB56A8014687E86E462BDDE5124615ECDB412B7314F62E6E0C76ADEC0F717B360E741960104CF1706CFA18E0605004B01AE007869B095ED92144A807841EFF2811C047889A04901C809062057192688C92346F97F279449F89B113500BAD282D1DA80A55C27EFFE02C8D4F395003F285B617B
311
BF0831F49B055342DDDD414378E8888E92C16789F269A27C9A221FAA4A0DFDDB9F935B2ECC04DC51481558A69301E0460B02665AC4DD30C03D480866C3409400051811876014C0F294C542821AB045011A3E3F09001FF304E3A0BED05CC11A811B865001769507FC01ADC611F400CF68C7B093606E30F3C7E0F00C1D10C319
311
51C1E2D7252181DA00345842A19130715C736EC9ECE686A712FDB31E4D3E50AB336E5666D7B212C0113C4A4406029709B43D0228F3FBAF49921B19CA0C82A2D5BC4A2079809240F37D3E10F9637607C3983F0458508A98B8B4EFC92AC13530180CF55359500080061DF59B98BB3FEACEE881DC8127F182A885A86FB12B43C5
311
90A4380504E32305E3148BBEEB2D2782029765428092545BA5C2C681FC5F8E869C0EE1034A822FF09A12C94084505AA868080303473F8161F7AA0A6610745E280BE4427FB770106F8800EADABA19F453210435BDB2348471B13B65F2FCB554827632C4C44467333E4127095D22092ED492009930413251B5408345065065E4
311
15266E20279A40B3F520370BE2050C8360E6BB4601C1673B9BFE007EF5200B6483CD195400A783E6DEA0653515B0FCE8E86D1618FC1EFC15C2E727F24F2A2DAB57326D8D0877D4E298894E7A0C3C7D9CE8A0E2D17AA2020FA1097D6372F2A9F955060FDD467AD0426368C24A8340FD0D6687A76316DEF5179ED9042005A2BF
311
02A5DD810A4DEFA4A8F700EFC50FF4FB8C06410F0303C106ADF8852ACC6A2CA9046E9ED070739339857222CC009E206479886EA26227BF7A341A15C351A8404A6C10080A2140FA4B4E8D9B9A11645899332363FD69887F436A660566964250FD752E787B64BCF8E6C8190DF8EA0C854C062D8A5A1346F810414313E606ECA0
311
AC3A01D6928544029D5F42E202C0CB386F880F7842A31287061F32F3CBE09F2950783394F2F2B23D85386C6F51943E99DD10C8A0000BA9569A14805693274BD0E4F4DC3F28E331EEA91C4F33ABE057889BFB92819187840A08E57A276A8BFCB75B0342668C70C565C8059996D209C2800941A21FB82B2F520BC2E6FE6F1A88
311
27043DE17000DACC8193E78BBB8DF1467978C06F6AFE986123E3A95272CAC122046F4C65C4B88FED2F1CD1D918F7CDBF8903BF1A90057D42F4DC133AF804ACBB58446A0DB78806FC053FA1E45D0AF1112613CC0DD976C5E70AD3282F42725C0D02AC8588DE451B1C01ABF063E7748A3882F0DD484BB78D037F9812240EB88B
311
6034C0AD53E5116D4C6D920C6A89F084E6D0598AD7EB6930CC7B293E27A666E5CDFE9A3FA52FEB3C97976FDAAE9A60008FCA6B33099CF9880D35D419FC687D424378E3099441E110C5B3C6DC311E6653514A67A530D863326C4D8430E0C28024803B5B069B0E60C10EDB6DF087034171DF01F1F3404B27B1056D8C0E56E7CA
311
6056E7798147BE4C2F01CED5987E413AC6A724876DE3F599E0601CE7B9CEF3BEB3671E12DCE8AF9631B8031D3F360B6955DC2342B2A0E4632A00264C0DA002220CFEC3E10D9BADC8904D88DC51928593AA16C91DF6FFF82B3234404C7214D0F8608E0052283EFB2B0563F1D072936C4017706010BCF1B16CDE0C1FA9C777E4
311
4E1F5259B0C9BBC8794A82A6C182A3AF56B16921405351FDDC91B5BAAA617860E8D76C97C377FE701A4EB4378FA97C2C8E3CC8950886C6FD93AF70A1F5F676B7ED16CBC56AF5D09110EEB8607CC08A795882358280DDB98AFFE7087C6EB593D62F041CDB4018935238E73F1098100D0C8769818F777057F64C703C6530E142
311
FDF5C837AE1CF66C94C4887D3A3726AB990DEA248F73B5D32C8E04F6714B1E67C53FC52040252E605B322407CBF8C7F05453462A295ABF4D95592DDD76AC23512E9A2DF964715C80DD752CA8E263AC36F02C3C28A133EB22AC8D099BDEFDE28C3E8FFEE3815D5D00C17C00511058354D62443C1A546280E43572A9C661A34F
311
A5891F8E7570608C8DF21DF51DF9D2A84D4501F41B8CD4F4C9DEB2F901E810C0E4CEB6EC08DFB06341C864CF8D0EEE779A606545E1E64AAF30A4324C20FDD3BD558BD966BA994FA915CD162B1978642AD01694E533EC190368A68234657085B5F88E27A0805E04B8BB6A00A51646EE3C10A50FF007FF410F1963CA69BE2002
311
F0F902E701AEC995FD41F83A3F0C3809A3288A083003A6CC2A20E6D703EE48E3777AC07ADD51EB6101603A9FCF17B3D5928F6D742EE7E4CF38AE2B03C5FB39C81D7B2978FAFE85AF3D2710B0582C970F0FEB0E4D1103B8BE2B4D560CA10002FC8F334C891C07B44FE06B2E3ACE5E1E2D1FC32203110ABF9CA0E8381F68EC3C
311
06701328E5A38278A5FCD944CEA5283DA933DF2A2448BD23F1C5D8BE04CC2DC3B43B3EEC29F8B5FF926D11D3E97EBF7FA1BD1E5E5F5FE6D3D972F548547783146ECD84873F377C5820F7F9FCE5E07378D6CBCB7E036DF7F7104079A05B77C6942D1BA95D47424BFC3DB6411009A42E207871B7EE9B06614BBD20F22F7523FB
311
985F3F7068E37600273A3ED0C1CCC380F6EC4AF01CC1CF95E4848B7BF950AD14C44F10460221E02D21D01DAE800F323704C00035DFE97CB37F797D3D1C0E4FBF35EE1E5E9E0E879FBF3DF6F474780A01FB3DAF01FE0C0798218007C2090A3008BA7682A338F4A8804A06CBFE6A80CEC766F49853F15B2F45FCEA3F82500128
311
41315016E75E797EFEEC4ACA6C79F515CF1738F7C36E2406071051043817C9E8C5888D49D0332E800062FF54FA562BF7446CC0BFDFBF8603D1FEFCC9F7FFB5A7F000430755C2D3F72F2D02A022820897ABDD44594475BDCCA4A10AF34C06B08B4AB58BBFAE30999DC66C7CE903A83CF8EB006EEEAA063430F84B05F0ECF644
311
825F5E95073870E72A0771AB89B080022A0C5A9FAF34C89286257FB7BEA000EC65B59750C68E0815B0D9834B15606328F80709DE09018AC2A7817F83F96DB3D562C10A0A31300230CD4200B87F85808BAF64D04600254047F9C14DE93464009E7F5AABB4FDD6D55142A2C0BF1541FCE19C20C899BF4F76AB54B84CB97F88F4
311
8ECC029FD253F0C70DF4816B9AC94BCBD653B1A283C4001A0337955E4AFED3FB790B6B1F5EA0B5514074103A38D84280EE0F5F9BE974EAB2D16AB1EA969684B6E4166CA28264B300474C7308D20013B204A65F82970718D05678B3315D442E1C0A327E2F56556040C005D2FAB1326A68A07507C9E46A3648555A7080F5F502
311
19A00E6222E3E0862CE95B5680930530742F1D041805E69B788161F015944D041182B861A2C17F3AF01CF5BFDF6C343F9171F5B004BF59C016719164B888EA206A02AD05E8464D06B48E4381A0E9345FD171625AC22198F57C003BEA5510F81FF78D31C9B033D0030000000049454E44AE426082504B03041400060808000C
311
508C5728BB58AF800100009E0500003D00000043454139453633362D363846332D344446302D384642352D4445453545433730413538392F536368656D61732F436F6D6D6F6E536368656D612E786D6CBD544D4FC23018BEFB2B96DE15493C78601010A34B880709DEDFB52FD0D8B54BD70DF6EFED3AC0B12E6442E2716BFB
311
3CEFF3D18E26FB440405EA8C2B1992E1C323095052C5B8DC842437EBFB673219DF8DA659866649B798C078B48AE6410122242F2A4994AC7F93815DF85C049C8564CA0A901499DD886B2EB9B1E02448F358701A9235880C49A0119892A20C89D1B9FD768815CAD268CB5E0355B40B1E47F3E37A2020464BED06AA57CE8FCC20
311
C3C3446D46761A2632A8C1283D07031EFF2AE7CCB1BFEEE916E406DFAC8E36FFD99A9D60A6944090EEDC3B670C7DC13DE86B6B2C5C240D6E503BB85ACD579D513F1B9F9A69DC9CC22AFA80C426D40AF0B21EA168559156B6276F0F726A6BFF04DCD513A87A62CAD41FB24FCB2858B3952E3D852084DA25B9303C15687973CC
311
8E8AAE11DF2836C38C6A9E765E8C1BA1BFB1DC29CDFE518C8B5A7655A4ED7E77291ABEB80DBD82EC866ADE1B8D05AF9E35CF09D7A061F38A986D9EC412B8F0F65E5D81534D9B231D1E5A8FE577A241F3A5FD01504B03041400060808000C508C571004A04F380500005C1700003E00000043454139453633362D363846332D
311
344446302D384642352D4445453545433730413538392F536368656D61732F47656E65726963536368656D612E786D6CED585B6FDB36147EDFAF20F41EC7F69A2005E214768278069665709ABE0A3445D9DCA80B44CA89F7EB7B0E2FBAC4B2A32643D10E33505411A9C373BEF39D1B2F3F3D27926C79A144964E82D1601810
311
9EB22C12E97A12943A3EB9083E5DFD7239558AEB07B6E109BDBA7C5CDC902D959360CE535E0866DF07A7579733AAB85D5AF234E2C51DD5B081CA7A87DEE56E47E2D6689E735AD0947194500A22A249308DB6F82682A3782C52A141BD80E4E54A0A3609622A150F48C16994A57237097451C2DF462738529D3AC5FCFFB5B401
311
988BC78824973CE1A9A628D91CB968BDBAC335B9A4BB379C6ABF5D2474CD7B9F773F7F78C349F055EF13FE2CF856F0A7379CE2BEBCCE6456F8E316A9E66B5E18E4AC77BF5812F5937FDEF0F5BFE3E3C785576D96659253EB54863A87AB5D98ADFEE24C3B8E38FE48BAE2C062631799EDC8BDDD833C6E88585B9287340B23AE
311
A990CA49B1A473421E81F856D06D9125E45E6F001C4F7F85D6DECA8C6A835753A250DA50DF92F743409CBC3BFA4C6EFCE2618D302A0CEDDB264D93950002937BC66489A18D0A345DD650415124BE376A745EA9F0E016108E328D14C979C1302CD6BC0A4191B2C2C49112FFC0DB51401288D6A44C26C1B87A160AB6A11E5BD8
311
62514BE8B3DB750607BABFF6F781D6A74EED6EA7AC28FB3BA68C87AC94B2138A99DB41AE7147A71F56659287340123812054CAEC8965690A74E111C5BCA7260158B0963EC50C07E38FEDDFC5C5C70AB6A915F446D44E46C321E46087E23E221E2BC0DA6EB440EE6F44E80CE5AE2E2D2F31AD7AB71B8B139AF730773909401F
311
E0D8DC3FCCFCC3D438DC1176062076C3CB4A9D953ACC72CA84867CDA0361E0910F4EF3B109A07D332211C72556825745A215835F47678059E337068E3ACB0E2EA2B507175B0818FD1082EB4D26186F85BAD33464988F1420E1B9E43D522F8452A450106B04F01362BFF1B2BF5059B60F687C9F663A54396722163C7231012E
311
7480FE916910E6572B6D8F4A54CBF92C5CD324A163C8508058D3F16A399B13B348C6830FB5FD47257A1B8D2CF08253EE776B3A72D782D895363D96020B6C18D3C86359B3C6D45E728B4B9D716893D091E4D533045F495D2EFEF633FF5A660A520A5790765FE52E12F0AC82685E7FFA0398D65528850A132894DDE9F837B1DE
311
48F8A74D487795A482C7122A6DAE377BDC5DC212A465ECD8B03E7E2E208EC88DD9DA89456CFBC477FB798C74389668AB1A75C820AB7568FCBE0B5F94DC9AFF0D038D9F77E49D45B8278FC7177D0DDCE732FA0BCDDB42720FA90E87115FF76375C5696F368AF83103F6A5911FFF03561EE06AD10ABE933AA9DEC39858888813
311
7017449E09C377051FCAEED1E8BC3BFA9CB27DA2CFDBF533459F374FC0C4FDECCBF3E06CDC6874E0710421EEAA6CEDBFEE60EB913607436C3F5BBF713F6F42253B9A4A0FD64C08416FA986EB02254B1846D82E7CE2584EBE31E340E9A8247483F07D5B84AE3A5AE0D4C5B202EE585468BA84105B1F5EC00C16FADB133FB739
311
9F390FCF245CBF9027A137FD26D1D651058D44D9B331A93985CAC2046CB4ED9E0314977128A42C13DB06879A273052525D16BE833B8706BD1269FA69F2B9B109BB55D30D37679986D85848B86F026CF21E74809100180B0D280C36F6015A7DFBD06AEB6F8D503BDCD7DD6DABBBEF54E1FF5EDF0E3AD53C03509B5B816FE9F5
311
1BC8026F44DAB82BA989F200C4220B24166C3037854094FD46C5648D9C42F8B07E53687D824917FED3CE56F3FBA68BE3C6853FCD64F4A00BB85831B1243346654A134805AF5CF39A9DFE22C9906A6EAFE8303A5F4AC4FBE637489CB62EA59B9D529255F326CCC28ECB77F812A7D6E63DF957504B03041400060808000C508C
311
57F702076DC3010000E60400004500000043454139453633362D363846332D344446302D384642352D4445453545433730413538392F536368656D61732F52656E6465724D6174657269616C536368656D612E786D6CA554CB4EC33010BCF31596EFF405481C9AA2A64851255E4A816BB438DBD4926347B15BE0EFF1236982
311
021512B925E39D9D9D59677EF3510A72C05A7325233A1D4D2841C954CE6511D1BDD99E5FD39BC5D97CA9359A0DDB61098BF9CBFA961C4044344599637D0F066B0E22C074BC98C7A0319C58A9B254B2435ED23BC2F388AECB4A6089D280B18D139496815152EDDF046711DD82D048498D902B293E236AEABD7DF74D5D839F69
311
EE1D9F48E1F3BF448FC9E6BF144F351E38BEFF9D662D0D16587B77825FAF2195BF515C395B563BC5197A0AE68DCF363BA831CF7C7C8D7F0DA23D42898037B451BA833673DA92BC82D87F636ACFFB0CEC96F4EA30EF9A0FEAB85D91CAED89348D80E9B178DDC3ACFC71D06F2528A182138DD8672E4DC6DC57CF91467432BA98
311
5E4DBE3DB399079353607C0A5CDA0B70D4E65A122FA41BAEEF6C272908D315B076451BD55EB0FF9E092E11ACF8C6B5306028F9D5F15EB95426D31532BEE5D6EC700FBA0C1E94211D7ADC8341143D429D2671564059C2EC72108B4EE3847890CC4697DDF8A708DB01FD7AD8209A41EFC2DCFD7063A504821C7869545188D6C1
311
6DF801342CCE6B276363DC8EFA4AFD0E86ED0677C3B77747C7FD3FD617504B03041400060808000C508C571834E04651000000570000004700000043454139453633362D363846332D344446302D384642352D4445453545433730413538392F4173736574446174612F41737365745461626C654F66436F6E74656E74732E
311
62696E53616060B074B13036353632D775767434D5357135B3D4B5B4B4B0D03571317733773434337776321502AACB4D2C492DCA4CCC492C28484D2C4ACC4B4E050A82012F90744FCD03CA26072767A4E6260200504B03041400060808000C508C57C55C663656000000680000004500000043454139453633362D36384633
311
2D344446302D384642352D4445453545433730413538392F4173736574446174612F53747265616D56657273696F6E5461626C652E696E665D8CBD0A80300C06F73E4B29FE6CDD8A2E82A083B8B7F209014925C9FBA3AEAEC7DD2555D896CB85E51C2A1BD834F6A1F56EC4494C4695278364ABB24ABD2146F88CCEBB89D532
311
1FF8F3F43D672A3B44DF3CB6A1710F504B03041400060808000C508C57972A1DD436010000A20400003600000043454139453633362D363846332D344446302D384642352D4445453545433730413538392F4173736574446174612F636E782E786D6CCD94414B03311085FFCA12F0D824BB2248C9A6885E7A52B078F036CD
311
CEB6A1D964496645FFBD49BB07A5E2A987424EC337939747DEA8D5E7E0AA0F8CC906DFB29A4B56A137A1B37ED7B289FAC53DAB565AC510E807C62A0F03B6AC949956BB18A6712E75D8C3E44AD5597F988B0F29216D60EBF0B97F0C9ED0536295719052CB92D9E3001C260A1DA603EF8080D73C620A53349827911D709E6422
311
0261C774239BDB45DDE4B3A9E552CA6573F7AE4421B5DA86E066DEE6CB62186F1A694EF7322D9528805653B433555EC3F45F2AF9D67A2532A955A2985D993BE86BCC1D308ECE1AA06C9E088690161942189438C15A89E2C22F2F9EB0B7DE969675960614E24B1688912C5EA127FFA9BDBC376B9F08BCC16B76E45CE3E57D78
311
3DFEA2B7532C8FB9B9BEB49C6BE4D6F717C88A38AE931C9DB25DF437504B03041400060808000C508C5776E0A5A6E6000000600100006700000043454139453633362D363846332D344446302D384642352D4445453545433730413538392F5265736F75726365732F39443833353332372D434141352D344536392D393938
311
382D3444374637413136374342352F7468756D626E61696C2F302F636E782E786D6C4D90D16AC3300C457F2518F698D8C9188CE2B83FD1A7BD14CD513353C732B63CBABF9FBDF9A12090B83A08DDABCF8FC30FDF98B2A3B08A795262C0606973615F45E1DBF82E86B3D189889F3031043870154D1646EF894AECD2863728BE
311
A9DE857B17770C989CBDC6B08BC17AC87915D97EE1011314A60DF37DDA80619AA784994AB2580FB03BB01FB0098171136651CBEB382FB52EB33A29755ADE3EB46CA4D19F44BEF32E30268A2F8BB254C750FF515A36C0E8925CA79A09619E9ED3B22E8DCE9CAAFF0EF14FAC10C4E89D05AE3149B28C3C5608E1D0F21F365A36
311
BFB5FD85517BCBC6FC02504B03041400060808000C508C57A233C2345D000000800000006500000043454139453633362D363846332D344446302D384642352D4445453545433730413538392F5265736F75726365732F39443833353332372D434141352D344536392D393938382D3444374637413136374342352F746875
311
6D626E61696C2F636E782E786D6C4D8B490E80201004BF42E6EE76F3C0F216234B883063108CCF170C074F95AE5473F5C4C06E932E4F28601967600677D21E9D8092EDB002539227A2FCCB80E1168D80A6417297A89C5D6963B7129A0D1E8F2EE73AA7B62BBEB8B27DE50B504B03041400060808000C508C57BE8976236300
311
0000880000005B00000043454139453633362D363846332D344446302D384642352D4445453545433730413538392F5265736F75726365732F39443833353332372D434141352D344536392D393938382D3444374637413136374342352F636E782E786D6C4DCC3B0E80201004D0AB90EDFD75167CCE820A4A845D83603CBE
311
602CAC26799919AEEEE0D965E2E908050C6D0FCCE04C8BC355404EB6198129C92351FAD580A10E464065907C8D948F8F166375F655BDC3FDC3B4E530A176BE7057BDC43B2A593FE403504B03041400060808000C508C5709713F7F7F000000A30000003600000043454139453633362D363846332D344446302D384642352D
311
4445453545433730413538392F5265736F75726365732F636E782E786D6C4D8CD10E822018465F85FDF754A6086C8023ADF770898E85D0485A8F1F342FBAFAB6B3EF1CD17D5687DE26BE6CF012AAC30990F1F73059BF4848DB8C19A04E8918C2F67703E4C7D548281894586248CF1D4D661E932BD459FFD8211F584DEA33C5
311
BDD60437D79663CE19C3CD406F54572DED2F241BC7A2E4F9F5F296BCFA02504B03041400060808000C508C57809BBA170A010000550300003400000043454139453633362D363846332D344446302D384642352D4445453545433730413538392F536368656D61732F636E782E786D6CCD93BD4E042114855F654262B9C08C
311
31311B862D2CAC6CD4CA0EE1EE2E59E04EF831FAF6C248B19BD869B109059C7CB939E70062F7E9DDF00131590C3319292703048DC686C34C4ADE6FEEC9B0932222E6338C0C41799849938914878865E99281BD2AAEA9CE8653171FD07B0C2FFA085E91413B95D24CD27AA4AA6434904ED4A8ACE84823242C51439D90AD873E
311
414750190C91139F6E37E354D7EBC8B79C6FA7BB37C11A29C53BA2EBBC0D19222E3713D758B7A11AE28235408A126DA75A0A22CFDDD1DA8760959022E5585BE864FE5A2AA996C559AD722D8BADE00F23056B612F223F428068F5B566BEB0F76FA19F2118884FF5A6A255EE5AB3FFE6F26F15B0F507D467D03E84FC06504B03
311
041400060808000C508C57E3603EBE7A000000C20000002C00000043454139453633362D363846332D344446302D384642352D4445453545433730413538392F636E782E786D6C6DCD410EC2201085E1AB90D9DBEACE05D09878023D01A1D34A8419C380F1F82DA68B9AB8FDFEC93C3D7C52546FCC12980C9CBA232824CF63
311
A0D9402DD3E10C6AB03A3397DD192872090D3406ABE7CCF5B5D18893ABB1690CF4DCF02282E5EA8A5BB96FFE536F285CB347F95BEFFE81C9ED5AFF9D5B1FB575BB00504B03041400060808000C508C570C84E00D7F000000A300000007000000636E782E786D6C4D8CD10E822018465F85FDF714CD20DC10670AEFE1121D13
311
A191B41E3F685E74F56D67DF39A2FD6C0EBD4D7CD9E01BB89C0820E31F61B27E6920ED33E6805A296208FBDF0D901F37D340C120C512437A1E6832F3985CA1CEFAF580BDEA6AC52A8619D715BE0E9A60AEEF140F4A51D5DF4847799D8D7351F2FC7A794B5E7E01504B03041400060808000C508C57CA1DF9C9A90000007301
311
0000130000005B436F6E74656E745F54797065735D2E786D6CA590410EC2300C04BF12E5DEBA70400835E500FC800F84E0B411AD13252E2ABF27A55740421CEDDDD9B55CEFA7A117778CC979527255565220197F75D42A39B22DB652EC9BFAFC089844F65252B2630E3B80643A1C742A7D40CA8AF571D09CC7D842D0E6A65B
311
8475556DC07862242E78CE904D7D44ABC79EC569CAEBA537E3521C16DF5CA5A40EA17746733E0B6615DE7217475F386F18B9481C510F1F021CD9FF027EA0E1F5C4E609504B03041400060808000C508C573DEE336E64000000790000001B0000006175746F6465736B2D64657369676E2D7061636B6167652E786D6C35CBC1
311
0E83200C00D05F21DCA56CA76D41FC96062B120735B69A7DBE268BB7777961F8D5AF396893C2ADB70FE7ADA196782C2DF776D7A97B5933C430F15651E5469C55D70F80A4992A3ADC954792C525AE70A1E4D6AD9816CC044FEFDF01FE3FDE907802504B03041400060808000C508C571CE7FADDF90000009601000037000000
311
43454139453633362D363846332D344446302D384642352D4445453545433730413538392F4173736574446174612F636F72652E786D6C8550CB6EC32010FC156BEFD806DB4D1C61223B51BFA0A7DE10101725068B47D5CF2FC4AED49E2A212D9A9D99DD1D7AFE5A1EC5A7725E5B33002E6B289411566A330F10C30D1DA138
311
33EAAC0DBF685018BEA801320C8CCECEC67587843541998C1A2BD50E72EF5580423CD267002F3ED4C24B1E4362F87BB97271E7B32A71B9F1188D51CB5DAA6572D337AD1CB0B6C76DDF5F307A6908412DC123EA5BDCA1A9BBBC5E0F87E3741C275A6531A3412F3FD385533C28098CD4A44198A4F786EB535D9F48F74EABCC64
311
D407976EDE87E6EB808D79EB2B0F9C565BF78F6B5CE5FFAE519BD090DD75537860382DF96C305AE594527946986A4E947D03504B03041400060808000C508C57A7EB91EEF40000008E0100006800000043454139453633362D363846332D344446302D384642352D4445453545433730413538392F5265736F75726365732F
311
39443833353332372D434141352D344536392D393938382D3444374637413136374342352F7468756D626E61696C2F302F636F72652E786D6C8550CB6EC32010FC156BEFD880EDC68E30519CAA5FD0536F08130725068B47D5CF2FC4AED49E2AADB4AB6166961D76FA5A1EC5A7725E5B3300293114CA483B69330F10C31575
311
509C3873D6865F34288C58D4001906CE6667E3BA43D29AA04C468D9DD40E0AEF5580423ED230809737B58852C49018FE5EAE42DEC5AC4A526E3CCE62D4D32ED55372D357AD1CF0A6274DDF5F087AA929450D2567D437A445637B797B3D1CBAB13B8FACCA62CE825E7EB64BA7445013708A698D084DF54EF011E3236D3F5895
311
999CF9E0D2CDFBD27C1D70CCAA0DFDE316D7E97FB7A84DA8E9EEB6293C70923EF77CE0ACCAE9A4F68C2EF59C24FF06504B03041400060808000C508C577C29CBDFFA000000960100006600000043454139453633362D363846332D344446302D384642352D4445453545433730413538392F5265736F75726365732F394438
311
33353332372D434141352D344536392D393938382D3444374637413136374342352F7468756D626E61696C2F636F72652E786D6C8550CB6E833010FC15B4770336D040641C8554FD829E7A738D43AC808DFC88FAF9B50395DA53254B6BCDCECCEE0E3D7D2D73F690D629A37BC0790999D4C28C4A4F3D047F452D642746AD31
311
FE170D32CD17D9438281D1C99AB0EE9030DA4B9D506D46B983DC39E9211373FCF4E0C44D2E3CE7C14786BBE72B17773EC91CE71B8FD110D4B84BD518DDD455490BACEE70DD75178C5E2A42504DF01975356ED0D05CDE5E0F877668CF032D929851AF969FE9C24AEEE5088C94A44298C4F78ECB63591E49F3418BC464D4791B
311
6FDE87A6EB80F95B583E3557332DB6EE1FD7B08EFFBB06A57D4576D74DE180E1B8E4B3C16891528AE51961AC2951F60D504B03041400060808000C508C578D66AB8B0E010000B10100005C00000043454139453633362D363846332D344446302D384642352D4445453545433730413538392F5265736F75726365732F3944
311
3833353332372D434141352D344536392D393938382D3444374637413136374342352F636F72652E786D6C8550CB6EC32010FC156BEFD8063F8930911FCD17F4D41BB24982124364A0EAE71712576A4F9556DAD530B3C30E3B7EADF7E4536E5619DD014E7348A49ECDA2F4A503EFCEA885E4C8D9668CFB4583448B55761061
311
E0ECB219FFD8A1D968277544B559E40E0A6BA58364BE87A1033B5FE52A52E15D60D85BFA10F34D5C648AD3178F33EFD5B24BD512B6A9B3921BF092E292D211A3BA20049504F78896B84243359EA6A66987B61F5816C59C39B5FEB8CF9B144E2EC0494E0A8449A8779C1FF2FC40AA0F96452667D66DE1E6DD345E079C4E6D51
311
15A44163DF57A87CAB29A2B46D513935A7A6C775330E15CB5EC23F86FEB1FC6FE8957605D90D5F0A0B1C87FF3F1F38CB6280A13DD30D3D86CDBF01504B03041400060808000C508C5788BB9D80FA000000960100003700000043454139453633362D363846332D344446302D384642352D4445453545433730413538392F52
311
65736F75726365732F636F72652E786D6C8550CB6AC33010FC15B3773F24DB8D1D648538A51F507AEA4DC81B5724968C1EA59F5F2976A13D15042B66676677879DBE967BF689D629A307204505196A6926A5E70182BFE61D6427CEAC31FE170D322D161C20C1C0D96C4D5877481AED5127549B09775038871E32798F9F019C
311
FCC0451422F8C870B76215F226662C48B1F1380B414DBB544DD14D5D155AE04D4F9ABEBF90FCA9A6346F2839E77D43DA7C6C2F2FCF87433776E7919549CC9957CBCF746951789C80D38AD639A1F1BD91EA585547DABEB332313973DEC69BF7A1E93AE0AFE84CB0121D2BB7EE1FD7B04EFFBB06A57D4D77D74DE18093B8E4A3
311
C15999528AE51161AC2951FE0D504B03041400060808000C508C57A952C41DF7000000940100003500000043454139453633362D363846332D344446302D384642352D4445453545433730413538392F536368656D61732F636F72652E786D6C8550CB6EC32010FC156BEFD806DB4D1C61A238557FA03DF58680B82831583C
311
AA7E7EC176A5F6540969D1ECCCECEED0F3D7FC283E95F3DA9A01705943A18CB0529B6980186EE808C59951676DF84583C2F0590D9061607472362E3B24AC09CA64D458A976907BAF0214E2913E0378F1A1665EF21812C3DFCB858B3B9F5489CB8DC7688C5AEE522D939BBE69E580B53D6EFBFE8AD15343086A09BEA0BEC51D
311
1ABBEBCBF3E1701C8F97915659CC68D0F3CF74E1140F4A022335691026E9BDE1FA54D727D2BDD32A3319F5C1A59BF7A1F93A60AFEB9E9E565BEF8F675CE4FF9E519BD090DD7353786038ADB83618AD7246A9AC01A69AF364DF504B03041400060808000C508C57F25F1DEB03010000D80100002D0000004345413945363336
311
2D363846332D344446302D384642352D4445453545433730413538392F636F72652E786D6C9591D16E832014865F859C7B15753ADB204DD7EA13EC6A774C4E2D690523B0ECF107D365DBDD9690407EBEFFC07F0E3BBC4F77F2868B5546B790A71408EAC148A5C716BCBB240D9003678B31EE0706448B095B883270362EC6CF
311
9B3418ED5047551B899B28AC450764B887430B76B8E22452E15D20EC2D9DC5701323A679BA729C39357D598705854309BCA04599E44558CF39DD53BA2FAA1796459233AFB42B8BED319C5E511233BB10097855B26CBD0E98577283940C9F5417850BF05377DC7575592775D397C9C3B9A749D33F55C9B9EBAAEEF4488F55B3
311
0B45829933EB96D09AAD486CC25FEDABF157343FCB7F465B1D1678FE1D2A8B7DE62CFB1C42D8E34CF807504B03041400060808000C508C570016C8B608010000B201000008000000636F72652E786D6C8D50D16E842010FC15B2EFA8A0F6F4825CCE6BFA057DEA1B05CE9253308297F6EF0BA74DDAB726244B66667766979D
311
3EA711DDF5E28DB31D90AC00A4AD74CAD8A183355C7103E8C4D9E25CF8250364C5A43B483070362C6E9D77483A1BB44DA8754AEFA0F05E0740728C9F0EBCFCD093C8C41AA2C2DFB259C89B187446B24DC75930D34FAB5CB4085A01A7052D31A1F1BD92E25814475ABFB13C29395B57A3762BA3A2BBB91ABD00AF5A52B5ED85
311
E0A792525C5172C66D456ADCD79797E7C3A1E99B73CFF2D4CC990F4BDC791F127306E4C53DF9B27CA3387B776EDC05319442CE8E5FC00B9627E24FE87556FF086D6C28E93E70EBF0C0490CF420A271BA602C8FF3C69AAECDBF01504B010214001400060808000C508C5721F0FD2C19010000A80100004F0000000000000000
311
00000000000000000043454139453633362D363846332D344446302D384642352D4445453545433730413538392F4173736574446174612F446566696E6974696F6E4974657261746F7250726F706572746965732E62696E504B010214001400060808000C508C57D359EC1723010000300200004500000000000000000000
311
0000008601000043454139453633362D363846332D344446302D384642352D4445453545433730413538392F4173736574446174612F496E7374616E636550726F706572746965732E62696E504B010214001400060808000C508C57B5A795FFE3790000DE7900006B000000000000000000000000000C0300004345413945
311
3633362D363846332D344446302D384642352D4445453545433730413538392F5265736F75726365732F39443833353332372D434141352D344536392D393938382D3444374637413136374342352F7468756D626E61696C2F302F67656E657269635F706E67504B010214001400060808000C508C5728BB58AF800100009E
311
0500003D00000000000000000000000000787D000043454139453633362D363846332D344446302D384642352D4445453545433730413538392F536368656D61732F436F6D6D6F6E536368656D612E786D6C504B010214001400060808000C508C571004A04F380500005C1700003E00000000000000000000000000537F00
311
0043454139453633362D363846332D344446302D384642352D4445453545433730413538392F536368656D61732F47656E65726963536368656D612E786D6C504B010214001400060808000C508C57F702076DC3010000E60400004500000000000000000000000000E784000043454139453633362D363846332D34444630
311
2D384642352D4445453545433730413538392F536368656D61732F52656E6465724D6174657269616C536368656D612E786D6C504B010214001400060808000C508C571834E046510000005700000047000000000000000000000000000D87000043454139453633362D363846332D344446302D384642352D444545354543
311
3730413538392F4173736574446174612F41737365745461626C654F66436F6E74656E74732E62696E504B010214001400060808000C508C57C55C663656000000680000004500000000000000000000000000C387000043454139453633362D363846332D344446302D384642352D4445453545433730413538392F417373
311
6574446174612F53747265616D56657273696F6E5461626C652E696E66504B010214001400060808000C508C57972A1DD436010000A204000036000000000000000000000000007C88000043454139453633362D363846332D344446302D384642352D4445453545433730413538392F4173736574446174612F636E782E78
311
6D6C504B010214001400060808000C508C5776E0A5A6E6000000600100006700000000000000000000000000068A000043454139453633362D363846332D344446302D384642352D4445453545433730413538392F5265736F75726365732F39443833353332372D434141352D344536392D393938382D3444374637413136
311
374342352F7468756D626E61696C2F302F636E782E786D6C504B010214001400060808000C508C57A233C2345D000000800000006500000000000000000000000000718B000043454139453633362D363846332D344446302D384642352D4445453545433730413538392F5265736F75726365732F39443833353332372D43
311
4141352D344536392D393938382D3444374637413136374342352F7468756D626E61696C2F636E782E786D6C504B010214001400060808000C508C57BE89762363000000880000005B00000000000000000000000000518C000043454139453633362D363846332D344446302D384642352D4445453545433730413538392F
311
5265736F75726365732F39443833353332372D434141352D344536392D393938382D3444374637413136374342352F636E782E786D6C504B010214001400060808000C508C5709713F7F7F000000A300000036000000000000000000000000002D8D000043454139453633362D363846332D344446302D384642352D444545
311
3545433730413538392F5265736F75726365732F636E782E786D6C504B010214001400060808000C508C57809BBA170A010000550300003400000000000000000000000000008E000043454139453633362D363846332D344446302D384642352D4445453545433730413538392F536368656D61732F636E782E786D6C504B
311
010214001400060808000C508C57E3603EBE7A000000C20000002C000000000000000000000000005C8F000043454139453633362D363846332D344446302D384642352D4445453545433730413538392F636E782E786D6C504B010214001400060808000C508C570C84E00D7F000000A30000000700000000000000000000
311
00000020900000636E782E786D6C504B010214001400060808000C508C57CA1DF9C9A9000000730100001300000000000000000000000000C49000005B436F6E74656E745F54797065735D2E786D6C504B010214001400060808000C508C573DEE336E64000000790000001B000000000000000000000000009E9100006175
311
746F6465736B2D64657369676E2D7061636B6167652E786D6C504B010214001400060808000C508C571CE7FADDF90000009601000037000000000000000000000000003B92000043454139453633362D363846332D344446302D384642352D4445453545433730413538392F4173736574446174612F636F72652E786D6C50
311
4B010214001400060808000C508C57A7EB91EEF40000008E01000068000000000000000000000000008993000043454139453633362D363846332D344446302D384642352D4445453545433730413538392F5265736F75726365732F39443833353332372D434141352D344536392D393938382D3444374637413136374342
311
352F7468756D626E61696C2F302F636F72652E786D6C504B010214001400060808000C508C577C29CBDFFA0000009601000066000000000000000000000000000395000043454139453633362D363846332D344446302D384642352D4445453545433730413538392F5265736F75726365732F39443833353332372D434141
311
352D344536392D393938382D3444374637413136374342352F7468756D626E61696C2F636F72652E786D6C504B010214001400060808000C508C578D66AB8B0E010000B10100005C000000000000000000000000008196000043454139453633362D363846332D344446302D384642352D4445453545433730413538392F52
311
65736F75726365732F39443833353332372D434141352D344536392D393938382D3444374637413136374342352F636F72652E786D6C504B010214001400060808000C508C5788BB9D80FA0000009601000037000000000000000000000000000998000043454139453633362D363846332D344446302D384642352D444545
311
3545433730413538392F5265736F75726365732F636F72652E786D6C504B010214001400060808000C508C57A952C41DF70000009401000035000000000000000000000000005899000043454139453633362D363846332D344446302D384642352D4445453545433730413538392F536368656D61732F636F72652E786D6C
311
504B010214001400060808000C508C57F25F1DEB03010000D80100002D00000000000000000000000000A29A000043454139453633362D363846332D344446302D384642352D4445453545433730413538392F636F72652E786D6C504B010214001400060808000C508C570016C8B608010000B20100000800000000000000
311
000000000000F09B0000636F72652E786D6C504B0506000000001A001A00210B00001E9D00000000
310
504B03041400060808000C508C57000000000000000000000000370000006662782F46374442314331342D443241302D344439372D383837382D4638414241343744393742462F617474726962757465732E62696E504B03041400060808000C508C57000000000000000000000000350000006662782F4637444231433134
310
2D443241302D344439372D383837382D4638414241343744393742462F76657274696365732E62696E504B03041400060808000C508C57F270F1330600000004000000360000006662782F46374442314331342D443241302D344439372D383837382D4638414241343744393742462F747269616E676C65732E62696E6366
310
60600000504B03041400060808000C508C57B5A795FFE3790000DE790000420000006662782F46374442314331342D443241302D344439372D383837382D4638414241343744393742462F7265736F75726365732F322F305F67656E657269632E706E6701DE79218689504E470D0A1A0A0000000D49484452000001000000
310
010008030000006BAC58540000000467414D410000B18F0BFC6105000000017352474200AECE1CE900000192504C5445818181B3B3B35A5A5A4848486060605C5C5C6464648383835E5E5E6262624E4E4EAFAFAF4A4A4AB5B5B54C4C4CB1B1B1858585B7B7B7585858ADADAD7C7C7C464646787878ABABAB747474A7A7A768
310
6868707070B9B9B96E6E6E6A6A6A8B8B8B666666545454565656A5A5A5505050A1A1A1BBBBBB8F8F8F9F9F9F4242425252527676764040403E3E3E9B9B9B7A7A7A8989897E7E7E9393939797974444448787873C3C3C727272BDBDBD3A3A3A6C6C6CA9A9A9A3A3A32020209D9D9DBFBFBF8D8D8D9595959191912626269999
310
992222222424241E1E1EC1C1C1282828C3C3C32C2C2C2A2A2A2E2E2E303030C5C5C53232321C1C1C363636383838343434C7C7C71A1A1A0E0E0E121212484A484C4E4C1616160A0A0A4A4C4A787A781414147C7E7C9193915E605E464846838583878987B1B3B18587856668665A5C5A626462818381A7A7A5A3A3A1B1B1AF
310
ADAFAD7072705C5E5C9D9D9BABADAB7E817EB7B9B7585A58BBBDBB4C4C4A8D8F8D747674B5B5B3B7B7B59FA19F606260ABABA9A5A5A39B9B99A9A9A78F8F8D6C6C6AC7C7C5451AD12700002000494441547801DCBD89771BD7B5A70B8EE04C702641712605CE034890E220088028C93245451215B713AF388E7DFD9EEDB8DD
310
CE6ABFF4B57D97137BE50FEFEFDBA74049B6AEED74869B7E87404D2814EBB7F76F0F67A8835CEEBFA0E42B854AA5B2BB5B6BCC951A8D52A93657A914FE0BEEE39FFE2FF395B9B9C6CAD2D4C4606F4B7FFF8D1B37EEDCB97587F7CD9B4343BD134BABE7DB48E3FFA7A228ECD6F6574E4786C0FC8B5FFCE2CD5FFCE297BF7CF3
310
CD5FFC92B52FFE58BFF9E69B776E0EF5F79E55CBBBF9FC3F5D3DFFB07F5898ABAF7CDA3B74E74EC0CE20230561BF096E97E05712BFFCC59BC80539DCE83DDD6E54FE61B7747DE17FB8980BBBFB2BBD4337DF487881AAE6C5ACC6AF25207877B2B527BFF1CB3B77FA47561ABBD7F7FA7FE146A5B6BD74E3164C7F51449AE95D
310
B412200EC539418717E7F2F11B376FF62E95FEAF1442BED0581DBCA1BD2780D23F506AFA16E1A7AD974EF17876F00DD7BCB187A1A97AE51FCED5BF2BC1F2BBE5B3C19BE27B43CF26DE00933658FE129B109C2FFF922CC22C4260FA01BEFB462A77DEBC35F42F600C3F5B0795D2E9E02DAD5E650B4438A92801B65C35CBAB7B
310
1EE5041CE69D3B6F1822DFB873EBD6AD3B6FBC71EBC6C86AE967DFC2DFA4CEBFF1BF54F6276EBC114E2F43FEC60B01A0D440A868B2920E5C4BC10D60931ADCB871F3268B21D3851B08E1D6AD9BFD4BF57F7577909FAB86F29B982571136AF01DF5FE32AC3BD9406CAAF2440A54CF176EDD01FBADA1FEFEFE21FE4C9858DFF4
310
183458A9FD2B6708A5A5A137E0EE1D11A9EC0C7C58B2C73C0AD6B479BD76B7790CF899E287FA5B06FB7B07C9195B7851FA8794031EF1FC5F9406BBFB23375420286399B631E93B08022A785C4DBF9996EC3551874094D71B6F487E80F6837E50F483BDBDBD83232323AC420A18C68DA196EDDADF68A77F938F78FD972BABBD
310
B7B87FB164AC6FC2CB760365821ACB74AED44FFAD7E7431ECD7E08AC421F391D199998989A383D9D98E8E56F84A318C58D9BFD2DAB73FF5222C8EFAEF4DE7AF30D756E5108683DA471E70D0502099A7240F19E4089D3FD203E620F1B47BF43501E85031AE44B4B9F2E4D2D9D4D51D8970983FA861B3706FF950CA170DE82F6
310
B312CC4F42C8966295F7D725ED29882415DC055F36DEA1FE96FEC141493F05FAA9A9A5A595B333DED5B3D5A533F62183323032F46EFF13EA0AAFA5FBF7C8976F8C10F7280A014832593B90004D52341980D907EAEB73411EB2F1EBC9F507F92746C40E7AE0AFAE54292BAB2BAB67CAE0746264A277B06508168C94BF772BE9
310
765F7BF0B548FE1E07F3B5A521340A5CB5297C4B12811B89E82191ECF3E41B3259C529F135E23CF4C7F961FB13537F5A02ECCAEA76B5BA5D3D3FDF3F2FEFEFB3AA22053E5008833428DC6C59FA2F770595F311F235D427F379BB8A121BD901B96076A388DC4C3C61C7933CCCD770FF375A6E0CE9F535FE2534BF5ADD3E3FAF
310
D71BF57AA951B6D4CFEBFB8864758A26154430080B06ABFF557610ECC93726224F155D1471041E0D42F82F4891C926C1355B0831649FF365F46FF05300A7A790BD8ADEEB0D4AA9569A9BDBADCCD56AA55AE377F5F3F3EA2A34983A1DE91D810543138D7F28E57FF4E2B5335A3928B76EA1CB9B00BF158C8F63A2E788826896
310
D0B5E7C461949ECE089144F8EBEFC7FB4D8C9C4E9DAD60F7FBE572B416C2F2423ECF8B86C439E450DA970634ACFDA977629098D0B2FAF313A36B3869E37AF7853378CDA1171FBEBA95DF1E44FD5144A420588641B0055A79ED91CC0DC41E27064512FB33F1F04D09D0D2DF0203A646A6CECE80DF28356A348CED8C4F1EF137
310
B9319E1BCD29867CA556AA97F7B757567006A447FD375A26CAAFDED9CFDCFB2BB0BEEE8AA5911BC2C7F85DF88A3775389990AA72219D582409210F85A4E66F2987D875C30848023088FDF77E87F96FD7CBA5B9DCCEF4F4C9FC7C676777577B7B7B67E7ECCCE4E8DEE85E81A6D55AA3BC7FBEB242589CE8ED4770E785D7DDE2
310
3FF2587EBF57F50B9E820527316488E5C32D50F979BCA58207297E2B6D658702FFCD211840FE43FC9F3A5BAD9E97E6F21B9FCF16BBBB3A3A5A175B5B1787875B5B3B86DFEFFC687A72674F19D46A8DFDF3EACA59E405375ACE76FFA922C817CE86A89BDD92F400F2C55B7462F610459837D3A61ACF50C7471C8F2F2A9D38C3
310
DA2F068007F80EFCDBFBE5DCC674B1D83EBCBEB8BCBCBC3ED0D3D333D0B3DE33BCBEB0D8DA35FBF9F8CECE68AE020BCE61C112A4C1138CD47F9AD13F7DC6AB9CF9CFCFAF9D0E01FFE6CD503F5B91C5218E2899CA15098714848B04FCE5654884ABF0E554F11F6C21D73D5D5AADD64B7B9327DDAD8B0B7D7D6D6D07070763BC
310
0F3E38E8EB4310EBEB8BC3DDB347E3E37B5842B97C4E44A0C630427E5CFDFB71E03F471E12CA9FF70E055AE141042DD81234B879EB4606361D9328149037D7D76A571A7E974FA20AD0323832713AB5BA7ABE3B3E3D3FBC30307070B0B9B645D93C3CDC3CDCA41CFC6AAC2D64D0D579B4B1B397A7C1BDBEBD7D36657A3CD4B2
310
F44F4909F2B9CA597F4245C59DEC354316F0587020D0C661742BC02869435FD12CF195C422DB3C5A3E2305C000CE6B7B27ED8B7D63079B5B5B878787C787C7C7C757C76C51B60ED60EDAFA06D67B965B3B672677080BB5329E60E9B477847AE2E9EB53E35779FD37EFCD2D0DDD68AA355B6B0D81860502B8B68C801F5C697E
310
9AD62F4B406244CB975560BAC756AAA577675B07C6D03778C17E7C95CAF1B3ABABE3E3ADADE3CDB1B1B6B681014470343EBA979F8B90383545727C63E43549D14FD0F927E5F1FDEFD7263058FE02EBCD1BDCBCA053496BD58E69BC44F9F854D4D979AE9ADB908824382AC1D4014E9756EAF9CE85B6B54DB01F02F8EA5908E0
310
D9D5F1B3E72188C3C3AB67879B07C8A0A767B8B831FE5E7EB754DEAE5261460243FFF07858D8EF0D658BDC563A2C5EF5833C13C90B69248C4DD97842B61DFA7F210A2F6108A0F96B62E2D3B3F3DD939EA47E30ABF5AB2B903F4BE5F9B36757CF65021E616DAC6F60A1FB647274B4B05B2E5341B082D43278F67D8DFDA48AFF
310
9A13F22B34C7586C9992BA6E66CABC190E313E7C811AA57304B421A75B289B9D174CC868C24548823E230B9A5A2DCD2CAFE1F98E61C015CA7E96B083FC59F3ED06EE60F360B3AD6F79787ED278D0A86FAFE00BA9220EAEFE1D5DE1F7855939C3FCC1332426B377F692406E022C010DB437EF009803F0DCFD3B7C94440571D8
310
F2C328F115F47FD324802070BAB43FBA80EFDB92FCA1F7E7CF9FA875CBB327CF9EB08C4DE4815BC4210E2CB7CF1CEDECEDCED5B757490968286899FAF95583BF46F9393CEE6A86D6F618CAAD9BFF0BE22B042412C5CFB50556815CC5BBE33E9F61ECEC26A9BCB8145FD10590078F9C9E953B513FAE1FE387FAC246E14F9E3C
310
E7F5F8194BD6594140876B6B84C5D6799C61A16434201E5237582AFD75C07EEED9863F463284E2E13425A036BD41061259289B6BDC1ED656FC8B8592C9D00701E27CEA749F0D8EF44EAD8C1F80FFF8F8F9D513191F6803384C800097F24069C407CFAE88136B7DCB3D5D4A60B711F19070D83235F77331FD35E71596688903
310
8E2E0B346EAB7936C4162043E1A1F144093695443A570144898BC4079CEF1912809A3035A1D3F361235F90FFF1E3E0FB93C7E2750719F88E7D8E68123883ADB5B18185AE99F1D11C1238A792DC4BEDE8EC6FF503DF377E0445F68FAF4E08D43082D02170F30131A154206CC559A8D9CFDD762B31273E4947A581E0D9BB71E3
310
3FFA07CD02CE2A6BE1EC80167497F2A81CFA3F7EFE58D0CF5D5D170DE4F89070B0BC4040CC17BEAC6B0586C3D3FF0309BC06F44B04A1E13729929B4DF73C44070692C810B08AC3012E8EE9EAE22067796288C193B2139B970B86F47FAD0F98382B1E035D9C32FD318A4FAFCB274F2E1FA772F94411B0CD42493C23393A685B
310
5FEF3E1ACF554AF5F3552A478383374E6B2FDDFC4F6DFE38F4F4ED7A7FE838F488EA852482F412D3CB07E293D02C9F074F12E84C5AAC423271450572A385449844706475FD38DC3C22486A0639E5F1E38B0CFE93CB4B25910EF309A2224BD8DAD40C682C28341AD69047E8539A6AFC14EC573F7FAD10AE0FE6EB13E87B28E0
310
93B513B5803514DE408809BC12A14876DE0A25F643009E9176D9F0C330164285A7444DC8CAF0E9FE41429EE0A2F6A6DE91C0856C501272404A8468822E24C807030B1D33D40D4AFBDBABB411D093D88C86D7205E05FC57EDD1F805FA4CED5920F0CED39157E007CE21757C5DE440ECBCB46CD283E378029B43FB077B4F47E6
310
0E9F61E8D01BE017D7E843EB49F50A2028F1E442FCC90C9EE308E4C0C2C94EAE30B75FAD3A0EAFA57FE9EF960F14BE15638840EAF3BA490BB6850EDB38EECAFD21A0C746D0C4234DBD035EFC7EDD121FA585FAB73DB89FE6A03CF833AB0730E5E2F1A36CE3F202A128934B44E396961121E1F2C9F32BFCC0C140CFE22C1CA8
310
E109B182919696BFB98120234F61B59F7BF46EC30CF067B21A33B0FB3E402448EE266CCD93135A8E823DB31F85E677434E608F53F8100BC0098EA2FD6BC01770E0F2F2D1E5452A711C4BB8486248FAD756D852026B6DC90A2AA5C6B69E9068B8F27AFABFFEE8AB36F1D23985D5960014FD711940800B560250D2272CC54FF1
310
D3A660B275AC3881E349689C1616E1E9044129D032313509DE4700BC867C71F128C400159407C761022BA8A040F40A244788808C60B3AD67A17576279F6F946923191921B0545FC2F12AC0EFEFBD7262B6935679FC7F80629160ABFAEC88E8430E76D82A8DE62ACE50BD4A42FBF03B387B37FD321B37E31C3F063D99703F51
310
60E6C9E5A300CF32A91E0A085A29C0FC507F6C21012303C6104B82C1F1E156DB3229D1A855A32A8352C9077AF733A0AFE0FB3EF81FDF2F0F82C21B0EB06998866878B103305E31EC17F4FD43831E570A2118D1667632D4FFFFB125782F96168A833DBE78C3F11F8383A79D49F58F1E3DBC780417AE6581381E8610604888E2
310
913E12492881274822C221AD04CB0B1D273B8542837460898C686864FF6F801E8269F40AD0481DFAF5E6E9C1F3BE391C325004DF0746A4E4448F7B52C0D5EAD39EC46896B888C4210D68E99DFA2820DF7FF850EC407EB55C3EBC5028611409BFCB8889C90F1C52355AEF98B18100094C9D0EF6F64FD47E5CBF3FF5293DDFB4
310
B50DDD54F351446FA1F14580DC3902C085F593CB24ACC917B213BBC11B3F0A61042FD8B24F4FB9C4556D0CB9E1A880DE89934CE9607F18F81FDD950DD0E1D143F41D56110E227C250621FF098838042BC85B5B6BCBCBC31DD37B34966E9FFD9936A2FEFEA9EBA4182E5CD3E17AE35501FCE0707E5525A7DBC64DFD077825BE
310
37CE0BBE1BBEC061410C660B6E49912665E2B3749C7C9F93834022F74CDE6CA5EB501D9CBC04B768292C5CCB84478F3CA83074092C6082169015E5800D5839DC6C1B58EFE83ECA513BDE3EFB8EF1242D2D4B3FD55AFE03D42F8492AF8A3F21444FA2FA9ABBF525EAF84C09F0168527B0138A85D1EC0443C467B28BF844EAF7
310
6323BE13D7C11F72FED783837B970FEFDE7D7817E077C17EF7E2A1C2C0FE851FE4C008388C15E818958746129E1009D054B67530D6B3D8DA3D59D82D9D57CF70039FF50FFE0DE94089DB269C3655A4F25B38C49D0BD48E59F1526887C18FC5272197F85CA72862A593A4843CD25F920487DDF7AA0441A2C0600D062001F103
310
FCEEA3D8560CEC3EBACB01CAE5A51E420349F602191E5F901893142381351CE17047E764BE50DEAF9E4D8C38B6ECFFACEB141E54A6865A88A60133EE9CBB4C256930B0B168C1C3AB59FE1743FB422C7166082E934AFA5EFA3E4BCE0B69362FA7041818B7FDECE1DDFB4D022007CA23E521F0700AAEB5888BBBF08023E128B4
310
045381542FA256B0D04E28A0C3804E233A1BFB476A2F48FD135BAF9843BEDA3264EB42BA499601F16B566E72C7EA35908ABCB9176BBED43204C696AFD3D7B24B08D3AFA44BE243D88A6D9D0B6562B52F741E1610C0EFBBAF2B0829289A640EC4C8A4FF66A24430786CEBE1E1E61AF9507BFB496EAEB64F8F49B4129EBDEC06
310
5EC1F8A3F228A3CD0950883B41BEC6D1944AE06147289600A7726313AC69A3F91197F1438BCB743E76F01F6EF1D1C854071670FFFE43FF1EDED702EE5A14C85D0C42DF90B86068800659AC88981855E3E774A71C0CAC2F76754EE7CC87C808D1E1E0F6CF47FD4224731337BE1E39C5010823EE997B1491BBD99FC8D8EF7748
310
2BEB5EB2CF66499A8E0F7511B19B3EFBDACB6507BC78731B1B383D02FFDD7BE8DD9256F7D0BA7B46015941097B80018F700FFA024CC08078F51806100ADBFA163ABA8A3B95B9D2F92AC30BC908ED31FABE0CBEBFFF0279B675868F9AA24E9530B08C174055B7F48E4F58002F3E82F0BDFA003E8B431EB6C4A91E4D9B5FFB79
310
1265BA8827BBE5F1BCFA7F789F72F75EC800F8AE43FFAEC42F13009FB905A9A0132015D0068ED7682AC608BA6771038DEDB3B33082891FAB1ABF5614F93238079726B833958796B845B731FCB86316713C1DC581B1E19B424EE32674093F80776F7E27C6FBFAC85C536CD955B96EDA2A3FBF770FF4BE11845470EB3E42D022
310
000E0FE07D161811020742162444668308801E133A4C163BE68F6826A5523071CA78B2FED51F28F8C70FE4190073A3E5D3259D7A288CD19BDE623F10021BAB0C6E327FD507B2741627727EA00D31856492F9F009D7F152D930704E642795C1C1B336E0DEBB7F0FDCB79318543B25341F36802D64A981A690B94259607DE0B1
310
9D466BF8C1C5E1CEF9A3FC5C639FD6117B4BAEAB453F8EFBDA500A67E8BAF76C8A06566E36EE1184E8329419161F83D843D5DE7D8221163E145F56921C3EE383978072129E290A9B7166E63D26BAB1FCDBF710009E4051842390031845F20077CD079407C575F20364C4910ED2A574BC357630B0BCD8DE39335EB175646A69
310
8458F6A346F003A93002E846FFE0C459B8006E506D79BF902908A0AA05CB5E73530E33BA1D3C2EF99C712B7C8B41DF4D2A7830BE8707485FCFAEEB85A09AB6D39BBF7B4F23E00509C20DB04E240822A4B810E04D8D53D10D504C059ED86BB8697F514777717A8F8144D48A4C89077F7EDB00E2D89DC02A7B975640A282C49A
310
4AA84B70B12BFED8EA6584860DFB7EE23FCB00C6BAF7332FF259FA3C9346508813E372F1DDE425065BB61FDF8300F7EEDDBE8D0C6EDF46F7D8823478590AE23759D60DA6B7A9F125EDE8F4A5D2B37470D0B63C30DCDE3D3D59A8D1501EB1B0A5377517BDD6E301F995E3F955F0F58FAC2E81CE172A8344AC03DC6781939D24
310
84B8FFC15E8F3ACCD3954CE19576B942D0A029188EC7013FE59AE90B71292DE774F1F63D60230180B30A2EDC65291B6211B4081128856001A680015CE000708254891851D4B3BED0FA4D7166B466BFF1D2A924885AD12B387FC0FCE6819AC3AE06A7AA4B715F0927B74D119D4A668FB54B8A8C268D8B038A207D10A7B1E95E
310
42195B695BE0240F7408B311257C23F581E987C180140C584A02B1670CB817CEC0A080F259F1360E58452013200E3EC107AC1DF4FD7B0F6D23F33347F9527D9F51E6138E31AF35F1BDAAEEEBA3D71BB402E2FB47CECEE96B4DB85536772B07C82A34F3E66D0BCEC207FEB9E70643761276F7B50D5EE963CFF80C7AF4A2130F
310
5BF8C4EBFB5F07B709840480DBD8007FB7EF3F90104908BA457D43AA2A6A02C91422285E5AAC143F3313A0CB74D9D164933B86C25587134E8D342B453FC982860D09FD13ABE72055ED020E85D3E312F74C25CB0293D978A1C4001927C80B86FD06349126EC219F0C735C8053D8F5F310817EA01F1B7851F406144C211C6362
310
C27DD51F1E310C0102280ADB891E9B085CC528A2B1369A46BA195B9A2B351862CE43174BA73FB7CBB430A5798F4C54B7333B96C3224A9863AD02B9FBD8E63092191924E77C199D92887DA594B6DCF0112857162FD0949FE6A441F5E62E42FB2105BC405A2301A3424601DC807912CB2C39C604A27908021CDA30C4C8C2019A
310
883B3A8BD393BB3546136EAF561980FB63E9E035FF73B96D09A905ACB2C11D79571C5159026227DDBDB81396EB03F14100BEB66DE1FA9EF82C3ECCBE318119C4269FD014E66361FC8BB0B4EA9A98EF3D8848A01360430284335004C183CC25BCA82D2302EB03B8419241C64DF4F5ADAF77B533BE786334BFCBB8DA72BDBEFF
310
C36103AFB30608A0B39B58D93F0BF42180841DD26BDC22CF0A770E90240006BAC65197D90920131C7B2EB3CFD3C71C6378A305EE8488FC1FF8D391E2BDDB0F6E3F45E7C8207C419800DB410073A3173942CA8D5242642A74496FF115832A6314D9FA4257577BF7FCF8F8E8CEE8DEDE5EBE76DD3CF892BA7FB8B90F629431B5
310
525E92A15A3A4A6FEA3FDD73136172060959206591F4C927196CF645AA285CF3014630121754261C0D31E1A7E3DA2DBDB54B04703BDE3A4209F02045C4BB0F529A14BED07098A2A1CD47513DA64B512F409BC01663090796D787173B5AA141B1B39BB470EEBCF1E30F9D263ACC4D05110797CEF7B923B027F089F74D1D06F0
310
A4D8C0CDA6604023FCA45B76C5CDE0BF3845ECBE13E0C0ED73700A8A753C1AC8AEFFF1B407FC8A20F42F0D94019121DE304077A027D4112283BB8FF0072444D68AAD111D6F591BC0061854BBC048EBBE9E81F6A33A95C21BFD13AF3C7E7DCDFFEB0DE8903F77B41DF178E99C289895B0EA8CD640549D68935BA7C5294E0A1D
310
66DA0CC419BD398E6265789CA1241441AC94532A3C19C95340BEFC68703077EFC1D307B71F3C500859C11494838E902203A2BE90EACC5135B80B078804340C920C2300BCC06F7A1C71B875DC572C9BD1D84BD5FB9363CA6BA7D03E5C40FDFC54FC23C9B4B9DDD028787D89219038523BF64E638BB37CC25335937A00DFD328
310
69C5B390C8C32FF25C8C47A7181B4A599A224A9DADB0E0406FEFF9F183B7448F081E3C55024FB33828784AB61704482CD0160C04174F9E33BA9291D58C2F1F1B1B3B5863B0D9F3E51C35C253D54A23E560E2C0CB3A6F7A81382601C2079CAE96B7B1560D20A341E85A928A4E01083256420576C2ED477E2E565FD9223BCC69
310
1CF394D3D8E281501E0EE5C1C8159E92585D255CF30CC854C75318006EA4A01028EC853F9407C6053910BE105348324002260254886C156260F9189EE0F8C9A3CBAE9D5A992184568A69D5183A7DB97DB089FDC57AEE54F858FE54F577DBA85309640290F2D220952620750C5811FB772A7876D1E4040FBFC6474D51246D8B
310
3FB378283FB514F8AB3C20B8BF7DBE5DE541C9A5D3D38DDB30E00151E02523081BC89C2214103E0BC1B3D0199A08E002681A2613A2616CEDF0F0F9C5DDC75DA395C25C0309C03DEC8091A4AFD3FEB504AAC6633930556DAC86EE3561941E862C4A75DD6B6BB3A0C59BE153DFA73EDFCBC3CE2188D3D378FC976D0EF9A95B7C
310
8532F527CE3CF539581E0FE501291E9139FFB65EFF5DBD8E0C18DE3077170A64E033FD278F18068028802F156C3809FDEB11B1019C208D020C9BA2870457F0F8E1FDC7EDD393E3B9FC9C4308E9315704233F960E554802C14716B0B45DAB5EAB5E25AB7830EBB8D25E6CA94E4AA01794FB1EE164FE9F040FE82C940A4BCEF9
310
13075D087E85A7237D3CF29C47E4E676777779528C4781761F0BFBC1D3A77880E40C9A2E5109180D5255317890394229F0F082010354082D574F1E3FBAB7D6553C2113DACB97BEB5526C7C6F69F9310A94C46CD89FF8F379AD1AA035FD00FF3F320180F01417A6F255A3A8D86319FE0C0B0E06A0DCD33F79841339C01E5BBE
310
1911AFCFF7C1E0A540BFBDBFCF2372352686D863F83F59CB6865F43104007EE06F52406F680341102048A01BB048823082CBCB0B6AC48C313F3E7CFEF8F2D1FDC3D6F6F9F9D9E98D9D7CAE5EADE2A6512FAD7AB526E17F600C85550DDE9ACFE9D97E694513103BC69F8A2813176032C890C1E9C49FC09C61670FF8705B1D73
310
86260E7C8E7122C7F8208A55139E8C8D4763F7EBF5728DF9C34677364E3A3F9AEFDEC9CD95470788834F9FBEC512379890B38C94205B2557987C4186DF5C0837608DF0F9F3CB87B7EF6E920475752A01460E556919B2B64296FB9FB70DD5F47232A0F77465BF140CD001F00ADCA175090E2665A14E6329B62660E02A1CB50C
310
6025E3DA252A670B3F0FFAA5EAD94A509FE7036B159E0D1D9F2E76B7AE1FD5A606198D3A747AF450023CBDFD162278B9446688111009B4029B0F2180AE20A542D40610C073B47FEFE1416B2B12200F3C991C2F54EC2491027A816B0A34A9D05C6F437AC23462385DADD75642EDDA738AF1600DBE07EE8437804D2D011A94DF
310
71C2085EDD40266A407FFA1D1C00B0C03927E60338E3B9D8C47D1F8CAED578E06F7CFAA4BB63B175FA7C301B747CB377F45192003CB8FD34B12009224543D8604494011A80C1903CE0518C986208E1C5FDDB8FDA161686873BBABABAE74FA637BEA894A44078C19696F326E057D7F95D061A6B0394A9D5F2DCAAFE4C2388D8
310
A6E9AB7695CB0BDD0A332430F1A9333DA41D1FFB97FA09AE84E738C75C407C260408F8DBD5EDED7DE1570A7BE333C54F16963B46AB0C2B71208EA3D16EF4EEDCD7005241166C005A73C03164792151205C007288AE337B4D7103741BDE7B7AC913350B348B2D767515674EC6F72A0402BBCB41C81305AFCF05F2758D3ECAC8
310
D26AB97606DB9581A4B7A8FFB068CD5C0604E6849046B70C2B60FF0CDDF93C13822B4E82FA0479A68220E66D9FD775FB3C1A9CDBDB9829B6AF2F77EC9E0678FB20ED8D1B1A1A39D10F9812E20D6281F5673121AACAA9C53424000DAC173F7E18C3052EEE3E78E7F1160F5AAEAFB70E0F7775CFCE4EF384DDEEBEB9C0889D52
310
43BDF557559FEDE5F17AB21E118C4C31A3DF6A96B56AC62180293910ECD6B721047664BCFCC6B2DD3C65CA0F0C823DFEF84083C7ECCDF05898EEF158F4FEF97EB9C123F1B9D1D1A3D9F9AEC5F5CEDA84A3C96C14A55584D62893D6A54D8D2028D05C8B1F124884543F3223B29D208B04910D3FC43F5C52196AEB5B5F5E58E8
310
E82610F08C21BD443801233C0CE8BD1E40F84A1CA86001990048031ABBAB11EF83F9283EA89F181F2A0D9A9F62D94B7F625FD727E6A93F63F200F614F7CF100D4511C07DB45FC5F0CB4CA359ABE4774631FDAE85E599EA0878A3C33D5AD6430CF4C055EE5FDB80629000D7855DED3F436F3B61B3DC7FFACEFD2B1BC6FB0696
310
312CFA477CE87A87070C7998E04FBA78AE3F915A065E819FCF35B410321D9ABB308146A11AD5196CDDD7C477A171C8AFC74B45CBC6F641AB53C8D4ADA5870C02379BC0470CF83DB55F073E29CF5CE5F7A3F8FD62EB7AEB1774C2C6780B9523F9287193FD23DDB79FBEA513B45200E2E0C1B51350163AC19043C600F2C1DBF7
310
DEBA7BB9B5457BC0D840CF325EB0BBABBB786D301437000020004944415472B491ABCCEDAFC0591201CAC8EBFACBF367FE7B6E40E69F551BBBE7123E3C00AC560CE20C62436E8C3C54CC225EE08C0D74CE26148877689EDD004FB2BFBFFFBB984035373A7954EC5EE8591FE531348654514DB1D1C56411DFA2A7C212BE5ED9
310
1278F2851A432244C6822C29C85A8B320ADCBDFDD63BF71FD32648E7D098CD018BC35D7FE89E250EF2AC75F96C15271602687965C844B8807C6E7729D93F22E81D39ABD62A0820C1FE9F11CFA7208125D33E96FD69E83AF6052DD32D49FF0802CD9F9DFD39260389A950887A647CCC99BAB17132DFB5DED35138FB3A060F62
310
95AA5E195BF0BB56495A5A4A8FA440026E46A047D40ED2520A441C302D240F201FB8F7E0EDDB0E12A04D8816215A0579E8FE1B1281E9F19C9900DE79842E2A7CCD48E9876EB01C75DBA0E0C8D44AB5512947A00BE7CF5DE9E1A6A6BE43CF1A78783DFD5A404E4477336C1ED8B18908B2A847B2AFE9839E891137A6673BBB96
310
FBBA2A4B8E9373B001F08369BA11BE8ABC4302FD2345FD6014A127068427D007BE28B41D9B0D40FFB7EE531FA673C8870A69135B1CEEE8D009C08042A5B4EDA314920B635BF941E7487E45256439DFE9D276295F87E698389CD49FB394FE19720412DEDDC40E9CE9C6DD605E0B719FADC416CB15AB3A61F9B5B9B9426E54F8
310
1D8B03DD950946D432B40CEDAB7BB5AF11213CBA73C9BCCCDAFBCF06127C7980FE6D1DC9B4DF14832D6568FEAEEBA76FBF438300B541064ED33F3AC0B0D10505306FD370AED02859234402F6C3FED006766DDED2034D90D119057225EEE3DAF787EBF30EC51ACB4F551678BD6728E1944730C095F13E4D81A4DFFBF67C5BEE
310
37E62A85FCCEC6CC6C7BC77A5B477E22223ECA4FCC0F87E2A5E3EB782BDB25B8CFC6736A044DE5A7CDA604526361D650484FE283B77EFBD65D52C1C73C4F48E7D0D81ACF572F2E2280F98FB230508FA906B42DE240ED651B301CEC83DE1790C9FD96B6CBF986BECF3BD332C18EF627A0B6EECD5B152E02088D03D828AFFAD2
310
6B05BF671B4F9A09A8CE0CD2707F67F2A4B3BB75B9ADA331C1305BBAC182FB4A79820B7EEAF73199B8404C0B81231CDCBB871B80FC41FF5860E8E108222A1A076C29E6E03B6F3FBD4F1F295DC457573C7ADED636D6B7B8C88413DDF3B327E1046AA51040B40CB50C7E3F1D2E44DAD34CFA604029BFFBE714DF0C069908027E
310
B275F1F366C132E1A7450B04011CF82B2B647CE754F650FF6E25BF37AAF65B7BDA16CAA791F1D09F6CAB989EC5AB7809BE145FA459E8D3E4B0FB47DAEF093B946FED585B80FE1A0305FD5330FEDB4FDF79FBF6BDE81D8300CF6815E5F9896552412A03F31FCDCC7CB5E32365550CD9365FDCCEC8752E943161D78047336F8A
310
F6539840A1F2E764FDA2970999F205CD2BD1F5CF496571F76EAEFA0E1CF8FD2A55FD06391F9EEF8B9DC9994E72BEBEE1FC928E2F223EBA0FBFBFB4F2DF137BC894B8087643D64ADE6EDED67F7680FAC9060239E845FC94AE93D880F994FBF71FBCF5F66F9F32C292EA900F9C1E6F1105E81C5B5F58A067A448143842008D72
310
75EA3BBA3D2516FDF02FF79260020D6B3C714711F3CFB61BFF56A826E627E82256F7400FB387FEF23C1C1E77FD6A21EBB1B2B35F2F95E7760BE1FA3ABB3A981423477517EEE36FF96F122B942F6FB64D9502BD1B9089162532A2FEFED255028FE653C9F46FA321E0B588B7DE79FBED07C44106CC85133CA65190543004D01D
310
02D8181DDDA5A9C91A7110805B7875B689FC3902200FB192E7DFD936B37B57D9C338BD49E99E181F4E5FCAB2ABC1CA7AAB382CBC7D515457CFABE6FBC63D525E5CDF74B16378B9AD6774A58531912D232DF01BAA913DFB7D3AAFF912984302B84D0500077800D26C60A4742101DE420C610C2E92FA93056022EFBCFD5BB6B3
310
8651470CD33BD87630C05831BA864C85997B8754B05167F0706499DC442FCD22592AEC2ABF3FF13F950039BF159FA9B36ABDB2778EFF83F70972B83BFD3F4899E64DD8346AA495CB155A7499F2CE39B0AAE755125EB84FD8CF8D8E4F4E9FB4B72E8F1DBCCB98B31BC4607C2CFF21C8145FB48EA0F2159F86A3098415609554
310
DEFA7B27EF1301033DD06D274BAF6821D220DEF96FA4CBB60B3CA241C021D38E1AA76B4406B4767576166766A6C7F77273F5F395291BBA19F64F2E3095C14F3E60371827741CB27E89543857D6D96BF9A47C6A9A26057840332EB843717AAD171880217B71FCCC0355AED3D4819911F79D0EA8AD6DA31A83E36C5DC2D47029
310
5C011302387069158F6C9966022367ECF1D00BA9BB95C389AE7B6105A1FB640689033A7FCCFFEDB762189103A61C3A4FEFE0D6A6B5A19EC5755A443AE78BC5E9235B047890A65919A0D2F96AA3C01CEE913BB3ED239C3E0CD8DDAB99E4348BF3F8B977B6C43DEBEFBD7721A839A63B94C06A10DB87FCBFA3C2932F8C26F88B
310
6D6BB30C3C4E09AFE40FAB52EFAA1EC0316920E031A46D65A0FFE45A673432E907FBCF86717AC04F2CD0EF512D665FF53F05BFCDC43489F150890C60A8E0314E70A06F619D30D841189CA15D3417F3CD50191AE4396543F0C42BCFD696C58DF163F5B46D708BD5FDDA5E5E5FDF9401BC4F7E00E8A17520833D1CBFF495B5D1
310
CE037C664123EEE74737268B5D1D3DBFDA6AAD8C08DF2C0BC7A737E10AAB2A7B958990CEBF556CDBEE823CB09FB344143463C630CFFF585D330CF0320E921744A7918280FEEF981161008E9FBC78C830217A07B7D6985E83F9A79884ABB5AB383B4D7D788F9FB3D867A2112A43F19042B33A108690CF6F472F8661CFAC9714
310
78757F6E6F2F7AEB82FEA85E5715941778B278281F28C268AB24BDB470EF3303E09C359E9DF1CF990D8A096106E6A66C8620DDE7D281DF0B2831F20439A30D68386CE13E002F7EDA8D7806162B205D6A19AA1FABFD6B1B400EC2BFFDD66FDF7E8755B4883C043F43046C1326136680404F1F934EBDDFDD39CB58A98DF1BD78
310
80E0532E671FA1435E9D6EA5E9071000BE8F262E7C4044FD95D5FD526EB40A05A634775F32205C3D779FDC168CD5E56BF982508BF572BDA4F6F57D3304BE9EB18149461B12F760D7485891CA47CFC44909136FBF4931716A2E100123FC6CCAA6A644F25EDF4AC980B14039009BECE8B798BF69A05DC5B6885CD23F8E13A46F
310
F0C0A986D617F001C52241801E87C2974C31411DA3A5D7B6175472763D637D3E57C33B908F867F4A59CFCA7923375E5F027A983E18BD7BD4E6FDDBB2250C1529F4202EFAAF979DFFB1F2612E87EBEFEC58581EDB9AA95AD1D7C1905F7305BF8182D5BBB524D47C4E3B81CD843220DE1E6536497C0962C225F75A2D6A998303
310
B23FC501F0B3F736EE1FF01200FC8C99F5515207C9C40081DF304C0A17D06E26CCBC5B3C47459308178301FA8057C2C0AE9D99B05F038828B08400F2E3251254DD7EB8BC4853B101F99AB48E387457C96951E5DB670648BAB70A7B04FE93EEC5F5B183F9739C98952C6845C380D401B8FC86E70A20744EC720E09D35955D96
310
A9041720196D183AC2CFE6AEA816652D0234883D788BEC8F5DF2615261DB031C2381092401B48D8D2D870FECEA9C3D99DDB036C8A051058030E32190976718C89F031DFBFF2EEA3D88606A8A19BD0AE305BDFD12BA4FF46F1A0002B07137989C748936E9DB2C91F43B07E4E4D16C3779CF5A4FFE8CC981F07C29E34B7C012A
310
F0054FAEA4A6A3D49D3A16D2B3CF220A029003366663053C89B3FB1827080DEC2780076FBFFD8E39810CB0593CC68B5D9009F2D400418028B0BC6CC74067E7C9CC0C2690FBB084AA5254A12AF63543B35EB40D17B693F7E3464D5094C00AA9E04E0E0524F5C35C5EC6BA94B21AAF2440725E2A9FF94FE7A8F0E769EB83FDEB
310
039B631B18BF396F5C13CF89ACC02C387DA56DC3B1CD84B96CFAAA37B55FE723B611062258257D331F186AC93D8AD600B4FEF4AD777E4BF68F2168FF08C081A37AC13446C859964803961928476D78F68419390D830C1935B5C2A0A22A3AB17D3D6428BF12DC373B8D464E04C0A496BB3B3B75639DCC2500E0F0B15FB6F47B
310
5A7ED0183A87CAE8D535F2EDBD4B3B7FC762DFE65A07C30B2851DB890082ADC07131EEEFA3DB7DD5CD32C0860CA83CD4B7993A175F422A8149B1C1D94C1145059D9C78A8A572A90B7C8B1E3392FF77A80C50220880FF3669004E90F101740D2B808181455A044904674E7482CC3EC85C4BCE339404C0B0BF6A5611E4F9B815
310
7BAB6DE327EC9BFBA1B4557ECB609C1F45326499EFB90EE78F18227F09E563C9E63D847EDB3B68EB9C39E95AC4F7ADCF7D87F6752BB6912040281E4A0D8A8314E80D60470999B8A51FB1488A66A9F3F81FFA61C83F4FA6969E472288FADFD61B005E0EA4284822E018911828E868614DA0C36E11F3A051070BF2F0840E35F2
310
00E2C0C80A776CC9E7E6841C0503D0EDF15ED9AFE527E798D23BEE5F0604E58DFB7099D739BF0BA5D332EF29F1535995BDBD0DE681C4F71DFE6A7AC5A13554AE6910963E9ABC9A0DB5B202225545F5CFACC942B5B93C207352B6E5310BF349AF200175D7DFDF78F6D683B7C87E087FA9B35812C4F8F13452CED610A2207541
310
E6D659A739441F3833CD0C9C3C3DC2B0712F62333C4FA9327C9CA1124904B4FDE0FE21C119776CB0C212AAFBA5CAF80EB43772ADFE77CD9FA8A4144C54C2FB2304C65F62FC3678E4F6C68F30FEE1BE8383CE7DB86F58B1AE0C51F0F055E188D02F00911DDB0991832228B3172B3E623E513FF1734FF414A611A603163F401B
310
EA790FC9FF7FC3FD3DB02DC00184145B850D01D120424DC03C00FCEB7880EEEE939399F1F18DBD4AA54C939899304D913CC2D5CFBC55E50C7FBE4C0E14AEEF53D6843DFF56BE2D554637EA047D3C210E2C61077875FB5B40E19F43AB7470CAFE1C0D3ED3B3B4778D1DF6D4F837C08747180FE8394F2CA1E0A46B6DA62CE2B2
310
DABEDE0B1924098580FC16B369730E9E90541D3730D47FDE16EE1FFAD3419CDA05ED1F2715C607F2E81893AFC5936303F40EB776F1D808BDE393A3FA401E1C706E154C892860AD74A2949C409E28A8FB3349C764D13E4D1D3468952B7B1B35001BF41142CAD58D6011C8B78961EACAB66E9AFBC627673B61FFDA4167950A27
310
4145BF11EA17BA9AA60815C2C43AE1F648E3772E53C94E6364AF826019E723069A8AA353A3BF7FB5359281700061FF64C28C10B9AF0B70B0B0D30A31CD1CFD22F68C76DA1E44558869257892363C091D313EFA46B57C3BEB252E9C6BF5B4799EC58F1910F469E25AA17B343799DB3E33CF410061F96C6D63FA91B1000CEBB7
310
D2971BDD39A2A76361E000F5DBC1688D47CB812DD60F8001AF25B328D173A9E4BAC18CE9F1F628704330741B2649B92E9714447C68559C6CD2F681919367E4811100750058809D0230C087A89FF3C80C23C4C60882E481F48D531764BABD5CCECA308DE2F63D3BB50373D630796126803C2D1FBAC148F7592881B395ED7D26
310
B7DD38D7096AF98841CB37592561D9C6565317AFBE9FC4AF7371E060736C7635E0CBA1809FC80F544DBAA1F2F9393D970D44C0615A0C6930E758B9E63AE690F73045F0C8C0731DE9CD80F718E94652383458799E02C06D328010011C7090D8C5E5336A83D4059953877EA1E1D66FBE994F04608C4C991917230FB61F9AEE18
310
3A40AB9108D032449FD1A7283DD25ED15360EF7EA9303EDDC0043403531EDEAB10DFF87F5E2FD56DF0F1B701A9F614DB17FA0E0EDF6FD0B1622A81FA3D1DE5A33F551930335C353A87F9AB05C60455193448246944A232C5D07636D864CDD7A50D0B4440CDCC465D1C418321F50E1648D500294065D869559EF3C40C8FCC6C
310
323E989AD0F0C73142480B200842802C061008B480A9954AF282052B3AF67350FD0DD30D1F4075AC303A5D490250F5400ACF479656861E4C77AFF327F3EBECA4B57B6B6C8FF62602BF150744656A87DABD7BC6BED50527B2120C001A0B3718C74F0C65CD34F275164D7968148DDF259AB8AD6CA81CDA4E8819509B996A7F64
310
2D987A401A2B04018C01E6C169A8700F9DE3B489DB2BC49C9B7B858A4F50D22AE15428FCA4A1EDB20C83492690CFE361CC7F8C8066FFD0D77AEE797977F468A36E0B0DFC87F90EE6348BC748F7CB73B5B9DD5C6EE7AB19ADBF6DF359F1DC2A0F9E44F213F8041F64274C0859A2AB7C37440FEDDD2F95BE44065F22067E3EA0
310
CC3BD8C0D8194EAB291CCEE20B9CD8E02950AD806080047A279F19024C837C848816719AC4A34DF8F0706CED904E8185753A458A27E4C1E37B5F30A104932BE140E0BF4E400160F320B054A8705042FFC47B4940810173F9C9E97240C7FCC3F3813EA239B745DE9F1B1F3FC2F9330374DBD1A7B475923F9A2ED81716D18D1B
310
577DAAB9D1A0458655AD3CA7E211867AE7C702DCACCD291E0F798013DC01BC326087775C0833E04EA3778FBCB8DA4687A0255CA0AD210C15661E4E92001A4449031D1DD27D327334BE830B64DAD90CBF537A45FBD4E94A7A88888E715B7E74FCD040E818BDC1BF5AC609CCCC015DED23877080FCDC47BD8EF3A7B783A17D33
310
F3ADEB6D6BC7AD75EA7C7852C5B6FDADA6AFEFC2D181C03F8C40DD8A4AB5024F0B72E34B57BC1182472DC80946789AFB711DB7F1193C03C893B0345F420246114D3EA71D04FBA731C0DAB0D3CD311B218F0D5A15ECC105D02F3AC32F13600084731A83220040019B03180634B5923D438300B05BAC80881F061095FED5D572
310
A3323ABD83F1D37A2301A8C930AB3F66ADF7CBEFED30BAAD7D78A06DEB6A87F15491F5AB7E25842B6B34BEFC12C8A159F187C64B3CBD2356DE5FBAB98BBE9583F0E3280C0076DA15BF34C15238145742B07080B1EFB83382F9FEF2239D003541041083C5AF9EF3C8944DC2030BC3ADEDDD9D27475800693049E05413BFB3FE
310
B4308731512F13400D06F813368A0101D8D863EB3E75FCCADED124F532AD3F123F131AB46A93DF1ECE7F96CE9EB6C365C6D6A07EEC461FC919FE288AF7AE1A7D012D291EB073735FF26BBB1C99FB706E972192819B7A34BF22424BEA1CC7958AC2E04BFC8E02DB90A4A1DD04811ACDBC181037864672C78F6C0EC3073A40CC
310
49D5E813593B7002763BC6A909D31AC86F3F6E335C9E1C309BC58F16418642E2AF6B290A34FEDC0CFEE08FCA0F56700699CB73B9C99302AA17BD516D7F1FD755A2B32B3FBE7134D3BEC813195BD355020A7DBB541539CD2C06E45F46FC0EE08293E6C0E1972176D9B678340AA1A4823404EF79B1E2347E47C35D0A2260730E
310
0B513025DC0BD1C07E3366E9B9D17F767405FB531070700035618606F0B40C73C974CFD321B0C174A80C0F3AA54945FFEF348F5488895713E89B5C98DA501E06D8D24FF04FF0CD7ECD7BAA755A854EC6A180AD13BE094E8D5D63BFD6DFA5F5D3E4DB1BA18FD8473DC6E17FFC9832B71A2A94D96E808BB53F9192955D62C82E
310
282B05168AA0927D54AB20A20A74800B7CC9655C8B15F62377CA4C91641F9F4D0478F4FEFDCE273A002CC0A725EC165CE3A149F0333E8E9600B2C05A7D15FD831F0938DBE5D0FF13E3C0F0765965A0961C3FA86DEEB0E28304747BFBA5FCDEE44C23544F7BB7BF7A132DDE34F99E44EC3FEEAE92F667A10F7E90B0E8C6442D
310
F5A5318B0F816311DB2E6DC6F172C363FC800EE09186BB9EC82A24C0117700CD884AA42023B81EA6E0CF8B3056411110D78606EBC5AD5417B45BCC8E61EA01C4006AC233933E35D860BC1B6CB9C9CCCE7840D2E0C1C1FFC11CCE54D59300F2B47D66A10F09D8E24B71B9BDDF98FB62A3B897C53EC88D16D1FFE8C649B17BB8
310
E760EB20B784F52F992544753F2CBF642CD3C9C70D8722C197142C567E74FB431EE248A8F3FC00377F5142144A82FFC28AC2970A780C85A7EE9146FA4B2981F3C93BCB0F3FBCB6DD3DE69C72B6073B99140DE28B8E919D9D9E7C2F5FA99FC1FFD07E9AC0965CDAEA0A945FADE52C791EA989E8E7A21A355FB37E44405D171B
310
98A6E946DB26AE71DBD01FEF07FD378F5B4B518724481820890E7486E3FCE61A60E096D577701890EE07CA5D7F2B086040749FCEF3F81972E510A86359C9BB579883035887542090614E5C4461705D7CA1CF84DB564838606CF1597E8119790D021080C935A908324EDE9F60A04B7830A33F0670CB08605B8D01BF9A3D4356
310
93FAB4FD84EF6754930640C1F9D74B052A7ABBA9F502B39DA3BF6BC7514EA4BEC71D752BFDC198EDA8DFE8F32B3EF811E4576B0A2074B99B070A069F60173E7427BDF285024E35A4418B7A412914F2800F1965C4F1120A2D5D2C64400563D5942044807BE7C738EBF3034C4A6F4D70C04ED1F97673C039FABC4CFF18866E08
310
200BB66BDC9CCDCC3FFD1E43BEFC52C317F0F5E64900FBFCDA4DEE68768FFF46350E0EDADB7B34DBBEDE3776BC55599AF84E312229F931E700D04478D66A0D88D09B2276141AF0F8811C5F8067DC04C0F90929F7F1AC9CCD368488AFB965C97B855A3E2E93AE5B4866502E55991B82D4388614F2C36B8484A5FA06E3EFFA98
310
4A6AF17D5C2073299D9F12FD63826F67FC460E54030981684E9FBFC22009A3006962285FDF4FC84B699FB5BEF3736C6072F6844C15EDF25883037DE6BB7AFAD6AE164B367812FA8CFCA6FA25725D99AEC5C6EDEEC64ADDA2BE0056002032E1D7A20A54CF444E360D520A5B69816C0A953CE0434A8A898BF18E2B704588C01B
310
DB2133342F5404FEE698957C200EF54E31BE6DF4E888C9C67F5F3F1B41F922777E7FA6332677C20098C59F762F5DFE4A23F9801A3BB6F8A4F66E0D40EC867E92DEFCE84C714FC7CE8DD3DD3BDBF9C781B1C3B549FAD2C89D711808CAB100E09700BB85240374A7209212F320CA577222A7020E7824500179FC7096C714884B
310
DFD9499E027ABEB3CB0226CD293CAE6E0C41A6788F396606A073E28CBE5CC67D584D36CA39D37974FE1023253E3FFB007A26F657FFC901D851130DDC2BF54884F20D5D40A0B7E5C7BCC7CC87B84F2ED820192CCE1AABA1FF24ADBE1D03635B5B3B53D4A5F84120125FADC36A0E792D3AD7E255792CD5241A4C84171F110409
310
0017DA493D0A7790A7BDE6DF326180398E4B0DEADA5C2763825E43E05C388E184678C88CE6422606C017F030366981353DF03A753DBF6370879F79889DD0BF75408724DB53C5B0063AB6568D02DC47AE4627B58D7E367A6000267E7840C23A0940B992DB98ED1C4731B4FB4DCFB6D3EAFB6CAC7646F0335C5031888CD74E21
310
03380260AD47176D703960230370FBBF28813524C17FFFBD6288BB28E4F905ADB4A788B40B4A6201C1878BED224DE9906C4C79EF32EE679B9F5D3B5DFA137327320643909A823F62106CB8F9BFE4BFEAFF0FC7A6393EC7F64A698EFF8ACE31BA05ECE6DAB6DF124118D1D13F892F3D3530602E3F3ED3D59DFB821ECFA3D9AE
310
85B1ADAB9E328DE738BF55D5DFD039445AE76D0194180F57B15BEE5F09C07F952F9A10372BC894CF7DA12CF6507E2A8916E0DF430C519485C55D61EFE209912D8C32866214E121611E22A0B1238DB18E86636A3BFAFD5B4EE02FF1E505F902BDF424D0516907BFC95EF3A76B6B3872769D67E25B548F0DA46E2B93DFDFD5F2
310
B9E9EEE1EE1DCC7FBE6380DFBF38A165CAC73DF912AD76A4690D2B766A3EB4AFA2D05BE543EA20B095FB17AE3F1928D84482049B659E671A4763CFA567C08824913D37F2F92F841FC244085C1681225C04AD6DE1684831682CE0D6096B56101C0D4FB3A1BD3F11FC1105AECF5660BD3FEEDF162B0D9DEC6DB55AF27FC98050
310
BDDEDFF63ED14B01336053A19DE9AEF5F5D9E9D9F9E19ECDADCD497BCC57681922F327EB41FF681E17C1921B04FBAE371AC69E53F98183E91B84897A5DB164158BD1D12FF6F6BEF0E02847727BF2628F9FD48B6FB11DF6928C868B29590A0606F92140D0C08850DAA7DD8A5FE8A50389F61288AEB743E9C801BB67DBE0A7F6
310
4F63BC87770FDF57AA73FE1F5A84F8DD3AADDFC32087FBC0A7D645C327B97D65E7A8BBA76DFD9BCEE1B1CDE3F5F7CE4E6DF4013ECD7CB60BD1239E8A4E9A5722AD9C4FAC8F7FF17B214AF8801950430639A08E3ABD05A0D94E253BD5951C885B0CE750309070555FF21F2EF83FF53F4E15038B8D8A244740A5C9CBC120043D
310
A0B323FB1DA0A4EDA268C05A304619505000BE10415DE898809DB6B66896E60AE347ED3D6DC707CB7D5B5BC374A158EDC343D0EA61C217D4878CBBDC1D85686782C3CF4272E7DCFB5E9EF628F5A95AC1AC0C6848F5771329EF8DF2BB79EFEDEC8DBEC72EB7F245287FD4B31008AB38EA4D52F2BF57167159E3004CD8950E21
310
7DDD6F699FC763E9D1A0AECC701F7BD4430A3E030374066938F883C01DE40E7DAFD609345E33570F4CE6BE467FBD7F793B5AF2A9D331D86DBA7BF98067918F9FCDD609A0384B523F4413B574B818C6889FAEFC5E7B8F90CEFD62BC2C85B2478D54DD076635BE434FCADE68B3ECF1C8708E27863DBEC352D87BCC7A92A8E135
310
700CDE65BC114026DE5DB68275E656D2C0D4087293D43BB4C9C14EA83C0D806783B40DD7CD4F19EE9F33801F55A3F1FD600017A6CD5DE607783D5F74E34680E7DAB98D99F6E5B5ABC7F7DF19D8278322F6A97FDB2FADE1539BD945DDF868EE2B8B70D9EDAA45D1BB0A5801198CF1DA891540474745BF0317F8A3703E02510A
310
E94B084221F887FE950272D62D4232781054A87C58D015CD45EBF9B70E60820A2056E9D4D619E8494BBFA68B61EBDD8CF52CCBA124BACD4A4077E8420A7F36FCDAF661E577B792A7E1B7E337C7CF1FDEBB3B49F501F3C7366C1730E793F51FA20A9C3D2E9F18E63DC277449054CEADA36DA0807467D45F8A744E1BDED725A0
310
33868703F1392BBE221158220588F30574A0B0893D0515B0B7C404AD0E7F40C11D504C49BD7DA39A85A19CD7357DFC966E5D92272FF06D59CA5A6A1C8AE30E52F1247C1F1D78F81887F9F3E387075B170F9F5EEE4A7F5BFC69DF02FD8795FCFFAB472E7C88D563DA514861B85BD41594A75F5E866BE69471110A9F75C8609C
310
7E6BF6C7C727431EE3E9E3773D2378C25226E82C08104A57ED273FE0921D6990E02B006BD038263BA360355E8DC446A380F0BA35FA9945A80CF60DFD54054202F91897C241C147D59F8E0FC67CD0F2BF377A3463F8BBBABCFBD6833C57E214AC3F5AE9C2FDE88852968F20337972C7E04EE5658223008AE82D93BC37D8DDD9
310
00BD6B16EF221F0D4149045D740A8A215D4FC186C658E01994B8CCD317465828704BB630DA2243B3B4ADD3EA554A97408454148C04A1A0CAAC2E04033C04073851F54380E0BF2DFFA43FAD3D6B574F2E1E5EF6E5F4FEFBD1CA87C161FCBCF5C7AAE2F726F814027BAE10F79BC3D765D61D1803952210A9AA07F8C6BB2105B6
310
1145B324F96014EF223D4A9261080239F03FF6F4DD4975C183B887E081F7A467A25EAA0C94028FEB808637768B07400A8235D4EF33143253198900E079E3FACB0C59B00F827A5785A6FFE2FCF0C0E6F1714F11CDE5140D931D707950631F3DE877F300002000494441540ADFB08704E252AADE1BD4E8DF55796A32B9B6F177
310
37C67702E5C638682737286CB0E0A89B624D5BF28222432848C9AB8C07170C97B814FF492A61072407D638006F7C8400860444C01B1930A522788045633DFA9507267A3A42BA05925BAD705CDD3792FA23C1075C6EE768A673919EB6C3FCFE7629B7310AA794CC9C0D14A1FB88F95C845BF22543F57996E0B26C9E4C2ADF18
310
7F979F8A55F11B47BC26594C52588518D25E6C2B1CCED231EA1B748F093E5726A21A54C91EF95789041030C20FD5AD68613432E19A4D0DA2505B6BD843516E10BB00AF9AC315EE9FDB39CC1F9EA59CD88F9CD071D470C86C4647FDEDDBB1CDAB81DA94034747A779F4CED497CFF817348F69F52E55490840E48840BA72DB71
310
F3E84F6DA2F4717AA928F153DA6E4C7E8E00363CEC9A2E1C8E65F298FC4A52F087FCDEE5CBA38A80CBE11FF7BC2AFF249203FFAB77A128A001B1987BD334AD9B901890A8C2005B6B248196AD09C0025ED841325B31845032E327C531C839E66DBAB39566B631C2FF0A1DA5A3CC47E665AD8751B47CFE33899DF047C9F3C365
310
E3B11278D49DF939298E09002F6430F9958803309827A7C791048CA070061B7E9A64C557D235F83EE24822E5EAB805F9862F20FC58F483DC0EF02181F572930205107E00E523861895A2811309808F2B6C14B2AA579E893753C155D2F54302007E9FF36AC5FEDBCAD47E182D91A73920CFA5C18E01F8FFF4C3F1FF553BCAD0
310
E58DEF85DD63B91BE38ECE1A9FFC4AD4A1FBA30D462C328C5A0340DFD393D3D3D3C0659195C96990F391EFF4175213BC74C020922D4830FE215E76940962BC0713A3B82784C0CB6623DC40D6E1485BAD454F6892200B225096127FBD82D2B12006BAE2E329C771E25FEBC0DAB3B5395289D56D7A8A89081B34EE06F80F819E
310
FE75C67DEEE95D227E283FE98A7B9F1C97D2D05B4D07A469153C3DA3048EA68FA667A6D90E291C7D7E2D063E4D044964D055F2DBF3E31BB851AE9F78A0A7314F0AD24901F581D74A6929142039C65AF5830D1C809536CDC05E4BA51038F79D713DA930CF18BA3010E385351CF47F74D439BCBC793556A1F99814926AF12835
310
E251C59BEA3C083EC2B2760FEBDF4304C9EB87B35769E1EB24B648542CFA4EBA9EF93CD42F03C08F249A2C98897D8E2225E90077823F4A52171A61219998CED6FA050992B6B0A74A2220ED12123004FB977084208F8E2AFC80F456CB110BCA647A3A0F854085D84FE0052BE31FFE7F925610BAFEC06FC33F9931BF063F39DB
310
3D1BB20EE357F594045F4226131578582CB055A59A073AE0413989D215019B6EB8A21CF154D71164E0D8F4E730C2CD382D098DA5261456A425643686BC8301710F2C50665881399156AA2B4C3191BC555728384800CE10040F746A3D8A80A5F0E500A93456FEC52833BBB45203DACCA37FE1D3EE4B9BF0EC27ED47D89B8266
310
F11EA2DB8B5A8BB93EAEDF0C06B7AD0402B9EAC6E787365535AF19F15158308A9D9785C1BC1C01377F8C6B4D07B50DAD25649764A91DC9812C7B34CA98184084F7C01055466B48058CD44085AF26648520C85C41C67805462D8425680425559F4440F3ABBE1F3F81B1EC72708767DDC8FFB6465796C8FE310FEABE0C9B242A
310
74137EC3E0427091967023299BE5D6D4D0C6D15747DC2AEA4ECC57C72856E827D33CBD319D70FF854369EB841282F84B7CA4881447ACFCB257E252E00FBB3272120A75B99119840858486615636E0E0334031AAA8C08A62E080053A0AAA4158431EC727A084021D41CF5D630C94184F6FE7432E8F5F9A4FCDF3EA7CF136FC2
310
988093F98ED622E38E4976E1BF0CF49D2889E6DF3566719FE1F9B47A2D3BF89C69155DCF24F88C609EE551160F0415900B4C48FB013D8900A9192A700748002924771A3686A0A580FE4009E00ACC090253E280B90AC15048E047020483A038A60ED232831F2CC90498648690D960C48E439F18F4DDBEB0B6F5AC7B7B89F623
310
0243B4FA160A7B9327F3AD5D937C8BFFE5FF8B3A5E64283BEF8EAB9F71159514CFED62DBC880614AA1F7994CCFAE7D8C87057F451733699B8DF87056E1F0654B5021E38097E4E23221B810DE20559AD183A61C2C88A648DB096081E9801CA00BC1DA0124E08DAAC15FD2936905CA8DA1C40E42B13F1764E0C4015EAD7F8BFE
310
C99A310B1B7C0BCC7746D3C0702759C89EAD57122092122D1F857067684A578F1DAB7EAC400841F493A468113282FFE42316CC74C756B1C880FE78795C692813CF4644480EE9B02991BCA257A71861F00666D9410288487618D120D0E80D7773E2B7DD180E100EC98B221C94BFC4FF531A09B986230F1CD08378A8E4D0FDD7
310
D9B1BC75F5C12EAD7FF83F3ED19EB018620303C217A6A35D826E72ABF2D8E2BB1B783F6E48D2E3F360806E1D192085D022103473A10375B63853EC54F500B5B064DBC20945B88160DCF7E4F83A0200BF6FAEAC88E9F54D22D898E43F378D20B51B5D6B1457000922202800DD401A9266483029C0D6D57ED80D42A0E6E08835
310
F0F3AC73D7FAE6D56185F04FC44472B854EB7D9CBF7134DF3DDC35A9F6B38417DD6F508B37C1A718B0D054124176F7222F62DFB327F34D451799D56216880193254FF782D7DDE26C271BF38C6E422E271CE4AB8823C9510F021126A7A944E00DB4031D013C88EA0746C96D4574069BD5439C4110403B40020C30B07A604F1E
310
41D19C21A93FD9002DFC35F23B1E7B98E95E38387E3603FE7393680410D702FF9ED5A3C5E5CE68B5827D721FA78F3A9A0C08A79722D9C9B418F46C0057BB1640C70AA4A03D29CECF33987596D53CFB27B32C3BE304C540E14BF8464E080918268D254838C91A01F0FFB99154FD8A9C0495EAA6534A6C464440B4A71E16100E
310
7405088122A35F7A511DC003D002E6C8E7E15F6D1D2FD09014139EC11FDC89394621F77B9F88EB5A583C41E2FEDBC8F82334494C0BFA97FF3C3A34ADE60385B60E5A30CF036E5E75370BE3B83AE73B3B7DC0BB337DA0045299ED0C66681E4AE223D01B1BC3BD4C921E2005FEB5114739040758189BA8A320067B62A3995E47
310
20055065AC2B4A8006BF8CFCC907C0063EACE41813C5F017065AD46CFDC6FF1BFEE052932CA3478C8E5A6F25DC8503D40F61FC1B047E4DFFE8E84407C81F1AC7B5C79DA358551CD0D13785A9AEB38D6EB68A0A8087FC6543E7471082873CDCE5CBEA1EFC5CC0579469E225428E9A43D6A6000B4219DE52E8DF00A55F4BF503
310
5960661C2DB88AC1F67C2890A93FC420193C8326409E7B595FBBBA9AE1D1511B3F6D65B09AC10A71C2317201A603E88C56CC68C91279E83F5C147787EFE6C675F00941D23EF092920330982DF38C65EDFCA89DA98E8ADDECCD77CB86D85118F3DD9884820B1128010D02F1060F582871CC8FF42024C02239273A1CC3BF71E7
310
70DFB7E96081682803188118B50310BD620234F230B12711B063E0F0490FCDA9248B580D3D3DE944A30CFCF2A1E0F6E59E8FBEA289CCCC943785BB8880ADA9C2FD70F6A13F5418444E3A669273C006C4B4EEEC067827539FFBEA9CFF04D84E7F170480037005AAC8829084329899F90B5E013927F8E646514B4824B01D11F7
310
2C012CEACD163B6358A4454A4221D06E68A71062520649BF9E9127D0772D6E5EADED52FF216BC2FC513C7D3C5CC4C8AF009811826AE20203B076A2AA66D8D32E317DEE0EFC000FCE16D9E0BEB17C74AB009256C5D8AD1CBABBDA61402612C675FBD72D07E633B1A42F2421208CE01397560811204306617A5141706105C9F4
310
984C459F2D0F6C392FA05BED808512B0B9A8A9FC6CED89640EA347D31F0DF76D3D9E61E800FE9F7601BE4C9614A1C58E6C839F13A12D0EB426DE6386B82369A9E6A7F1F9146EB578A2EF4289AA109B4F6CEFEC0463E0072A05CC9DEDEDFE08407B173B8AA65399C80B2911252E6290C82CC1B8909140C11B7AE161B42B9390
310
5045D017E00CED6D27AAA15F2C2179F1E83D411A7020B9408D202381E7E5DEE5A9E7E5CDE3B186433F488AC81554BEC09BC579018ADD1DCB3D9D70F02B14BF9159A4DA376225FE43DA224FED327941705DA582B2FD1BB5DC0540667B650BECDD1D5DDFB0C7F36DEE2B94F6EE2EE4E426F20A1174C31DF153321A24114C4FFF
310
25E505475F6906D4149B21F1BD9D9DF7B059F8E0FD83323CB97991FE80EE131A9003B81C491B218B1D42C0C0D593D9D548003839DC29A740298B0C23F0CE14BB167BD61989AEF0B985C8FAC8F923A73F31953989F0F6C96CA6C4D0A9A88184BEDBBBDA3BBADE77CD8E2FFEDEEF46184A86671D7DDC51417477BE9F04804F30
310
5AC82C2D018A21EA903866A0F959FBD4139916D036635EE03DDB7408BCF0627A03027AD314C09B0A27F0A79490D53839D0DAF1416995CAB24101FA63F75029D57A4CBBA9FB4D120ADB17FB5A999FC9420DFE04FA670430B90FE7F589F7FE8D50A4B5F004CE5F07EB4EA007F8AEAE8E8EF7DB3BE2F81F42166C7246FA9E62D0
310
2C8209BA1024414C483498B50229FD923F2414040B2081390AAC353B5283EADA12A30B1080866D746B9ABF5BC107F33C2A015B275480759334B83AB02175EFD0DEC785DFC505E0064F4EBA5A97073A74C5C9FEC97BD25D819E28AEE661FD2732B8BBFB1BF13441B3C1F45E8AC1752BBF80C113DE960E0AC7D9D02C58C80505
310
A19BA0E84B14402601A590A4AE00A825E98C3212342302EE10FC5100681F86834A2804BC409D70270A2091DCE874B16BE0706C974EB3D26EFEDFFCA6C4579AA4DB781708469F055532A7046C6BEB0CF39F3ED2EC4FBCA3D00EA91CA68FD2B87B5C191E0EB2C300F00A1C9881F263571C6CFD83D079D09F176FAD839340CF03
310
0F70458F81F09AEE1329505150CA0A00576B56C06D58070B23086F685E44232D9D53DE3FC3731044F286D19F459351863F749F1104198D6E14BBC68E17CAE70D7AFD958E350BEBBC70C9C4DFBA075240DA27D40AD7DB063A097DD3F041EDB3E4B682A7A12A548F3393DB01945547175879989302521EEB1431B08759B632B1
310
74E0F700E774FCA1BB83F95029ED1A084288C8893520E49415E00DA080AE8027C34206D35491D050A4C6B080F6A20889A2FF82379AB6234F6710C05F9080ADF002B9C9F9C583AB220F45D618D7E7F7547FB27CED8A8B7A7D24EDA4988B0C1C2A1AFB53FDC61BF3DE50D63C560F0120B0372F0839DDDAF13E583B868717C1CB
310
8CC71D1D7F440CC82184803144196EFD58BBE00B7EE77DE8C015942357FB06FC906A5E2B8882CCF9FFE184B0035A5CF186A962A63F84B3AAEE3D5A2C830008807568B6A9F424086D2095A3E262DBF124350082C4B5DF4704A9D2C93553DE47BD6766B69349610716999FA25854F759CA9792599D3837ACF6247CE8597B0F96
310
0FA3EC45B61715050260C5844FCCFEC9666BC71F875B17E3BCB4CB151405D7D08F846B4CB952248B4603CC402B609E90F0044A007FA800EC46D07A51232B00E5683C55D5096E1374DA4FCBBDE2C25A5B8D26008227CA7758033D7D70DF12CAF7F247939F93F1CC63047D63ADA0B7CC8771B234D8095FCDB577B586D1834062
310
035670E204B245EC093FCBE15626C10D210CB38A13F50E10A0D5C0814B0C4B30AA9858516001669002229618F100767AA3D6D2528595FE7A398C2D2300ED0013A0AE60B91644A057327BD3C36BEBF48C91279B45F8BD145494674AFB211A91977CB838DF35DCB3D6D6AA2FB2784B591ED785DFD7DB77747DAC9D2F7674810E
310
FC2895F9ED8007EC7885101679C06F21E4B1C8A6120956F80518D1DAF1717BEBFB5803E20C6F2A11B2E48AFF4AD2810A70054623E341B3D1ACD92DA91150DE631EEB2C28882D092049C0DD38E262A7BD6F98549930C9D44B7C37028AEA9F8C5628A2BEF5704C0DCB2B428181B1BE766F43014498D2E57791E4C8DA6BD2ABF5
310
003F0C40202E2E32EDFB02852D16C30B7F646B98FDF86C7891690043128B0A0DE6B4EA27F08C30CA34C9D0AA0852A5997F8D11A6EE84E040B20472020256F4AFEBBB74E6705A12083B249089218E6452C8E5A69717E904A3F5EF3D5D08EC1F4D4E85086B238CFFC11AB9AE972CB775616C6D1DE04DDF073B4DE3747C41FBAE
310
6072901CAD0237100670C5A00C2C3CE063610ED824826C1F6650700E88C00B62468903A0D71D3A390255AD7040048348C56C4647413C2C2561216E0C469203EF06A5B101AD40D0E207F78B124747DB5B4BBB4E88B1C373C114E0470B345156EDDBCE1B4DBDF81DBC400746B0B54E05F693707B89A5E430982C2AC7D10DFF11
310
D5B102B9505034B35D07E8E5F585757F088B390F2D4C85CF7218E8418BB4F25B885053D07D5A908326809F31D6CC6B77CC948413B28664484439D118DBAC27DB5AC40C1AD166F25E6A2F0AE82100C0BF220405323E1FF80DFC518CACA8DE1003F3C9FAE9C7B2D60703A0004F8EAEAD2DE0F5485452D15B77B4B67F4C2403B8
310
D8F9C533558ADE058A9E177A1698F75DC0EB4C800F74C0270178C8579C1FACD025F0560844502D2BBC01E620030CB93636C1041636A693949CD80139FD15BE107F905590A292840F8860706D07E2970A2F15E5B13B87C3143CB2930374CC46A6F9B9D7A5CCCC14E11B9E879A49FBE27ADBD6DA82410FBB94FAA8487D61B51F
310
4BE0A03FD08743C31020D6628ED20305A22C2C2FAFA7ED1E7881C438AA5B9035F20759E243C51F34D0D5F02F11403B9E204CC1686C0B6C9000470561519CBE1B0E4FBEAB37A39EE4B84C05F023858779341991F36D9D9F351E7BB3B5ADF00148D9D05784F9AD8B037D48C01BFA83D4247F03BB768BEEF973A14E610090D4B9
310
6B1EEC5C5E66928F28EBEB6CF578B067DD83086081579848E60DFC7684044D8174993C39F886043481F6A2B743B18749E52447CD4D230513032D20D20206E536E15BCF7B7D211634F98FF9986287F33F9A94615A5A0A7CACF8DF5DCC1AC6EF9AF1945EB78E0A2FED1DA2ACC00EF983F9A012260BD722EF61C9DBCDD8719703
310
ECF839029010CA0B9F100B1D2842153E01A1A3837AB579516A31982FD2908A09100DAE591016CBCD4B011A2F4DE299E1338CE065DC4841BF9895D8C81714800CD08F5AD39601BC929B55D291F6CDCEF2AB40DD5D98F4E6F107C47AEE4A09A079C05316F479DAF4C2BAB83221BCC0CE23FE3D3D4C7BC9AB673D89A3677D6020
310
F6E182332028012FA0FBE0B2668FB85485902A8E7FA0BA2105C213E20BC2169211A4BABA7D693C3F1DA961F203694853137073AD5CD25F1C017DE0477626D7BA55B88F83B5EE513C41D814639FD1BF759171F4577D3CAB0C3DFF68B2D3B1F8478C18F67BEBB2598FA76A4545E9E961BACF657E0791D2373030E0EC9FAEDD17
310
BEA7703A738185D08236C407448A4CB504CBF01FF43859D3115488EA01B55078000DF085911805790DE1B41B6F8CB2889C3834FE02AFE07D85143C6C008438A944EA63E047023A7EF37E13B0903AFEA7BBAB9579330FAFDAACD540022980B65A75FBA17D388F1E6576405CCE7032D95BDA420E7DC0EFA320879E5F8B3B04C1
310
D2D9C1114210C19FCC49DC6A855E12010184DB8968109ED016E4683CD552A36B3AFA13BFC2114068935A7E774CD2C7225642B73325938052D8634ABC18DC9442BF9E0402E85B42F9F3273672DA8E8F1070405D1DC3248487574CD98092B8B956E6AFE1566530B78FAE05B4A0DE51FBAF85DD075C7E11939F80E015A58D1F87
310
E400CFFD2306C4D1D3C634380A201545A92BE01F445800BE12302AB477BD6F62600D211232EB061448A0D2B877BB940D63D059C37E0569A83DE93E214F4BD86209FF6F479C640AFF8AF6D1BFD987D029A94DB7C329B4184D4BB013BF912FB88FEEF913071A8D82B651BC10DB067A7EC52FE1B421883144C00F64FA23A11CF7
310
08BF16CA59F18D4C04B8085964B2D8DA4A855187000BE440BC816FFB13374640B0EB1D0998AF38A1AEF503F14302E2811081FC12EA6CD38A63B33035125F40F170C0B0AA45E9FCA38FC6D688D48563B5C4B4B7C359D3C7AE0EFB16ACD5E2FAA47EF8307044B4EBE1C71E84E742D81431FB06B90B600B9C239E277A57C94C42
310
7EE10E7826980C0136600D916A06058CBE8604DB4D314FBC014EDAACD0820F14BF75449B70339490FE5A0491221BF95F949DF1235380E969AABDBE2D32EB4403D3FDF17F42F9A0A7C28ED75BE86BDB7C7EC80C76F86B8800F77B305EB88F00A4352E0F8089EF811EA02A3DF08F7DA008F803BE4B4EF5F41E56087099E92070
310
8C3D720916444440FDFA013D4E1201414123A09290F5BD7AB729298209C4306D007BB0829FD4EC3A6D7E4F00B67DF38CA0764F832F0448E58439B952CB4F70DF964AFA74CCFDBABBDF273E2FF4F56D3DBFF2A78D42FFF2755DF307066497F44062AADFC0CC546F6DCCFECECFA232E14F408F05477D311B683A35BC245FCF8A
310
5CD2AF20022C21022266905A5BCC8B20235D6FF04019CC04058AC80023662E25F342063165956320BE50370F2A657BACC817DDA3DDD3EFE04028645780A768FE38DBA88BF2EF3ADADFC7FEACA952E5A77568ECF0C971DF32BF1D24F8486B22A649EC81B1B60315CBEFC026091CA45F858D7D04C1B437079431E63E38F88075
310
8842E780A9E03791C0FAAFE10012588C3C592FE35461A6047802BA18686887023A422A49599399893103942CF6DA53A8E387825FA0678B261F139F801E2B17C901D0F5217E07AC2401A87D0480F753FBED44FE949C93A1D042B879FCE499B3D861AEB23F9C1F372F0C24D0B7D6E70FE1AAF60F84BAE642D82F0A9F53E22783
310
915518494FDBC0AFAE7DA282E5050B703570E06319A015E00D693A6BEFFAE493941C3B08C13B96BD20D0115A9565701DC58568A3009DA13E965765C03091F0FF339F7309D44F6E61F837F1B1FF920450EB8FC48F9B40158BE89C81A597CFB0DAF5F5755D3886DC13D4479599B583758CBF35663AA234F133F91D3BCCFCE0A7
310
94367F385C59B19431780F1C099131384056616E15A1563B50021D369C593FB292685A68A8B2A50A0A2085CF05434617E05FC24A6B077B990014421A68401AC4D65788EE25F737EB780D08A6E38F060F2ABD889E1B889C44852C2FF368C1E3E710D73B6589EA83F7417B341ADA1F639A23D15298F087AD0326410E116C3A1B
310
325218433C71AE62C07C1480F1C045629724A076A4BB8D622D24690486727F56108D07046DAB065000678E04C4F8C342DE27F4AC102D854F2D08D59B4ED0E4F697B0FF62F113646BC5B7F3131D4EA8BF8B265EA3F2026E7061B96F6DF3D993276B2180B8E57067587428579460551049049B074CF8B1066C7E14C705F0B392
310
98C0997C17F701097023BAC31081390196801FB0C2A12380042927503D5A01CA127F9841B460310639C674BC8CDF1A320501448E0068905B07F6E5602F8C1F07786253438CEC51AE61FDB25FF71B09893AC026A9EAE3F30F369F5D5EAEA5801FBAD3C98B38C13EE017B054F81A56F05259DBDA64FE270B1FC4C77200FE276F
310
E814B916E222575ED717A62A92956504605268408CFE13FD61F84252228376060206802B9550F00B9D47E6AF1022538A752CF4FFF1F5931384A9FF8700EDD4FFA2B93FCBFABB3EA6C607FF714B0B8B04EBBE83B52B246092AB018C0D0002FC490849F1E214AE6FC42009D6D86616C835B65DB9862EFC4480C14137603C3089
310
D0A5588FA27E693DD184131BA4E88C35045ACEF1CDE1A82323C20B842F2419604821196EE8185BC834AD44F8E9B7549A32900196E9ECBBE20FFB4706861AACADBBFD9B56A23FFD3AB8BFACC18B1B5AC0ECD7B6AE2E2E9CCD2BE8AF1B1BC3A813B94107E82DE67A42E7CC7D4A6116700B5B2EE3C338A09B840F07C40A64800D
310
7C605AC42B72227C4C7020AB1F20056E26F542717F56534261DE3766AC10A6ED2D006DD03BA9DBA507AE0510A8B385C92363B9154167F1230C40D76AF6F3BE0CA08F8BA2FFBBCEFB09D0986550E0F0EAE2F2780CDF850CB0F88CFC2815FE87BD83909F474F45DD47F1C821DB2107A8817FD45384F57891B65F2543D0C1E20A
310
89B4A8DF806862AC27C60F6A054627FD344250718AC0FA21CDC4E28DBF2650D1B39D8B8A420C348A4F846E2BE824BF8C45E1DB8EEB52F576F47A75FF95F90FCE0FD3A7A08D48D5B9AFBE3EA658E1676FE3372FB57F0AD8D70ED4AEBA3D4C2BE0AAF1C3AD63A6004D12900CFC481A47430C9EACB390038642C8C41B13303166
310
614210592736B8603AD4FAB17189DBB32F3915F0C380795A089A15228460BDE8E52203527D41B5470901B088D84FF8B3FE2BA7F4FD30ACAB3DE0B7E2FF95807AB0010FFDE3A048F7360F9F3FB9380EE537F16F8673131325D3351A3F664022020811A0FE8C019CA17370725CBFF64132025DA1BE2555102212E80A907FB43E
310
D80A991A8AAC183932C19AE17524B06590B6AD286EB99BAD18FF4BD64BAB519202F992A963648ED30E7521F909F090C0213E367A77D8836BEB6F34D92EDA624183070248351F1A079E5D3E7A9EE81F2CE6678F92E299EE312B6C0572C0A7B5EEE07853612403813152C7125E2022A20C18F855DBAFA399817FC97FB6E1CDCA
310
31D348434ACD0012F0D32A5456B4007E6E92D72B1A4E9971223A42C1042819E4049C0C5801300C0013FA48F8944FBAE71DAFC27F1826FA2304ECDF3F6C10FF47D5C7E49748DDD687DE8E91C09394EE0682A4F84CFD6067EEDF43E67EA46CB2F4070160439245F00343D03BF25D7E2F26FC400A896DBF19FB8D4D0A66DA669C
310
3D608F9CD048A0533621B25690EE19D5D15248E390F042B12C682511B02BFE3E5700E4C9A9B2107A8F45248FA48234FD23005ED1F4EFE80D1320836F04003BF42856D478D1DCA3ABEEE3C68F9F30C3A16E5C238EA5DE3FF37DACC2F8B7980033F47FAC34421EF0418A045394802CE032D61C70023D788136788613887C0011
310
A4EA316E005718AE191F8D0D841B9C679CD2FC478442D005429166F5A24403B1E6ACF3298F388B6D0BA933D92339D48969A5C11F09B4FF017A9900A4F887010C474717E10F36468032FF33F4AD610517777104CD920C3CD15FC5F3B3A0C75BBCA3B00F2724863C10BCD4A0E00736C7981F2F72E4B001438B99714FCFAF713A
310
2603BC710376A1715FC602022202E06FDEBBC680A3DF1C4C095A12C50B554FE7623B50374FB2129DDEA4C392C9188077658C87F55FF92FFA507FF03FC8DFD3F31BDAB46DD51AEB03F7E1B38B8B87CFF47EA1479C3EBAD5C6B382C221C0F1B358B39D76D9D3142C4A20935F541E492E0EF081BA41B3620A8E172B584EA14856
310
32E22A8221CEDAC6110AFA4B6D43E2B76A18AB240BB24337721C9321D2C033B2D3E2641A55A400A28403C12D1DADE39AD23FC5FC08C47A64DC3FF6DFF76B5235124022D7E6D6D5F3CB870F9F31C96FE477FAFE54100068A3A87FA5908A2C08011CF31309C10025B089FEF9C510522B8DC07C30AA469841723A10C08E27F00F
310
7FBC181C083F2809EC3B2B328E294AEAD5A071B3A95C81D2DE3F930372D022C9C793535B92FDAD5426E90490C3C81D000017C6494441544698C416520C1C40C71FC204B22448FD9303782FBA67089A1A7D4CE38E89050FEF5F1E078A4DCCFADA058032C34C1CBC2E1202B1F8962B1A8024F0EB7A11F209E96FB369D4B64202
310
FE7BA230AD24C46413536EAE955B341B726C593B5D4630C0BE822480908522B0D85430230352618DCD4F7BA6D568BF4343801480006658EA3EDCBFFA9702B4FDE9022163C43F9B72B58001A23FCE6F0B3FF0E4E1DDFB9801A6FC42FD0132CC1F2224F89933107AD30B6C9131A53818AE944BE25A70810821C38F098411980E
310
46D108F483DC63F49B91B852351604091D60546702F58A3872A1716411B642C7629C267E64E77719F46B0548FD6BFFFC86A38DBFADFCDF700228C124C8664FAA02BFB1F92B09800876FCE4F2D1C3FB4FD0A44E0106A8DB8079751CBF0BD9340066C3D52BC64706467C05B5A54401BE4A1B0132A55EAC1CCCB10D378A3DFEB9
310
812022327745EF2102886A9142C812A1A2C9708027BB55B7006357459F9C2080E0BC34489FC629510F3017B62D5073E2A2C64048A0A42580E413BA9E08274091A398EA80B5BF31C87BF5ECF8F1C5DDFB4F22AAC181F070AAFDDAE5650C4000516440D8806786D874215149E69ABEC43FF0EFC820FEA112B0522003C84BE03F
310
B76623513B6D840820358B084119B0CEC8C00AE888826339A54091F5FCA513AFE147975BB1A86FC50618D9D74502F0C7C8815AA306602FEE3A5E79E0D7DED1B221001118B73182CD439A092FF801105D1AA14E1918EC282F6260869D55108065988BD67F68E5581720A708051F7C8070F582389C682BE53F2AFD85853F2A01
310
3D21564028E06E79B7A71E43212180A81541EBC88F451E02385100491AB0C4A3BC5309A95911E66D04C0B448366988ECD204C2FC930F8CEE8FA410EE4C25B58DD1B6EBAD83F6196670F7DE635282C0A56A851AB035831725F0471A10FE52097089C80495804100318405F0DFC2136004B4C40705EC9154315129205EC35793
310
0035688F61AC02188250CFA9A980233925F16A117A48CA54DAB6400221976B75D863330942E20EE3B00B08FBB71AA813B0E502FD2B023DF70114E0D7DF2E2EEEDE7B789504200112075478F2FBD6897835C91F0C20782401E801A2F9142700B74805703426023A81CC0BE88B537D0003E0C5181D29EB8D83050964DD258091
310
0A1E7A8138F76253DC01DC2F3824391AD748276C0B0CDF12366625D038603D0003E0266CB42704C8CE7FA7F11B4D59C0BF454A78F8FCF1E50513715D469607031272358F04E0003C90107223A581218F10008B10247CD20D860FF0BF48801040B361808148714764028EAC137E871501EFDD97C89B52107FF1235B0928C562
310
530082573CE137840EFEF82A0BDC602736C595912FBEC69E6A3A26903B3A300C5A098A9E3F1810CDFFBA019D97B4E7A7A075850F2E92569BD960CA7B8304995FD006FC4213BB1448A6F4BFBB3A9F9FC4962D0A1369129B10073771FEDA38B1737B663A71C088D8848027FC3008DAC4E4397A6F76271DFFFCF77D6BD7F1F67D
310
A51E0E08875A6BAFBD6BD7AE52CC04A0B4A2206F650EC412841A48258258E8662C3838FBE21E25172C2A15A4F78D82DCF68A005DCF07047C183E1CE47731BBCCB5469D9169E0D588945BEB637E87802A03D88FB82486210D28FB3B858D13DC7CE75F5E6F3B03C1744D30CC58C7C7A256146853A05243060B850072A7010CA4
310
7CFBF9A1E24F414037B8781E8E9F219A774B36481CB43E48A79819D638C8760D672FAC19FB9D3FC5EA9158DBD0159C27860409682E8FF2595652FE189D2CC2D7C023E944158355806FC320087CC74116030CC376C559C098B93A041C5DDA48AF33827D2327DC761D19C17CC62780D82A170E6CE7415A5E7FE825E053048F88
310
D2AC2A561CA4D4C60098DA28EF1A01382772484698F60C8DD24BF396EA76260542810A625978C03580A9CAB91D10249BE579B0377A3DD15749A45F24C4D81FF3D7D7996F6A1690288008C0FF6CC186DA9D5FC95BB09B1301004B016E707FDFED306A1BE8FA208828F00BF342186839839F1F6FA338DC5A0200FF383DE92614
310
C03A4508DA18F4D85F9354F7E867AA77A42FF49BBE6757A1A7454448D0BFC3C220714FE43A3D8F1547BE10F0BC5A05985AC3C28829A06FE24CD062700601F4AF12AF99099B08E7071DC4626A97C920C3FF96E190C9D1FD7CB6163E800D79E5F3F10A9306C02B799E80F1AB380E0571A584C0370A220C3125000B500900D96F
310
EA40409F980E2083E4EDF4D8D2480AE5667222E020BCDAD4EF19682120818FE18EC7FD6AAD67C03F7DF1955E697456F517AC4F24700C30171C67E9168B109A4F60AFA60F98BE30941BF776DBC7C70792A2FBE98AAA97224F8BEA39B47BFD14A8CD03320DA2B676E3AA397E652E30A42CE2987B7DA1EF7F75242413800A04C0
310
270C62A13372400B435ACD84B8B5009208F5AC73EB149FFF3508E21C2201E0338BE07E50EB47E7FF6D97724A601028C5519073E7978EC88834410450E074DD58AD13A4900103A6444A9CB99103229F0EF8C0C78161EBC68137240734CDCFC349807851E0EB46CE864D2E405ED341B71A390CF2DE20CF5193189E1901E866D0
310
230409684B193D17E2928534D04240937D3C84477494FC5E0FE0B448E35AFC19007926C1C6A6E622FDB8A12E30993C6710E070397C4B26304C0AE38218D19F01FFB15BAE1C0E7E74DF75F2406E373C414E848FF8E500EFAF3C1029C9C0ADAB2313A7426CA9B2C1B9E30032C84EF31A09A88A386F136E8C2F1D582EA0459207
310
015F10F1F001F0B1B7DF7222011EA2001F00BFD36BAEE0850928B08C077030FE3806C880EAA74BCE0863A952812E6008B3A89199C1EE918AF96AF583F1A073B0A355B9D861AF1460DCFB3BFC6B7EFDC834B09700CBED3510E48DC7129041C991F06BA5006CA6B5B34EE21501374E8DFC910042036111EC9C7CFA1C05D48A72
310
70F7F835BF04A4194DA4CF76CEC66718C84CD020D04C412AC848F03E3C61A1C8D50D0EA6838A00376054D3DF61A0E393E1F8B058A6C994093476D601A4A06F0CFD3C0A6BFA910E75CC10400A80FDA93AC9B5EA4303F6C0D188B559086091CC5910137772E14F2376D03181B5CFE74C0EA38440D0AC256D6C4D104CE05302FC
310
C00B60B9CD4D71E08BD40C144A025E60D4C1F45FE846A2105D717EEA84808A5DD90A168E133640311CF05DD870768683F5D2F1800F485AEBE5CABD8FFA3C0BEB33702493AEB551B1EB035EF5C8E5757FA7832141F88E8578A363802B560007AF93D7D470B478C4D00B412D634C9140C4F9275C00DCE8DFE3C7F8C0AFBC5B2C
310
E82E3C3BDF393D4375D50C43CD1C17E3777CD2C170725B7B42B41DF15BFC344DAD089C1E9118522B4A2C60B794E4E8F33081BB7C8CFCEEA0B2015E49D586429C6C78646180B7710E06018A3082243C275F077FBE412C17DE80D3E6B9462C5204C5D980D1DF84A864401C483CD01B143F4A4868087A0F780F37230200A4FBF6
310
AED325114C367C22512750A5C7C3E32D545CE20A0904183BA10015DCAD89864B3E1EE97EBAE8B204266A48E010511838E2FE413FB116E60880C2D8440AC3880DDA6DF6618C138CF1CB2A09637E18D00F80CB0DC05322E31EADB8081C29410903F06BFCDF5AB46024E4A75828056440503C707856EF0C037623DD4922A400E8
310
A6BD75E4D2800905F18450A00CEE88860C8964C7B3F90F56528BA18F71CFBBBCD2D05797E168FC37DB26DBE0DD2EAEF39686C18440820013C1444055402A541400DD362A0A402F1FE51246404E098249FEE30708C10CA0B54601053159480C00BAA9B1223A773234FE72FD5C3BD81804D8D196FE3D5315A0C981D88D04FA01
310
DFC185CA93F9120E1F480B08063364A0A318F08DF95056E4C91F1150D31B011200383502E079EE43CC18603AE2F88FD139C802A739F208E88D06DC78267C448C27C4113C19B0F51B0E9C1C021CF8F9167C6B1F2E10E461002910105D1042792D1CA303F469714C018C23D72179E165049C40E801CB96CF334562E5807291D1
310
E0C70FE6CAD91656715F0E5C5E70F8D7F83290549B1BAA6F781D25180EBCA93EC84E72A74081CE3020789B3790E1A9E478E658C099BECFF01E530E80EC5FE31204ACFF70AF8177A03059240CD074978A002A878BF883FEEC81DD684E406CA630ACFDE87292822A11953710F000885D6F68A67ED40CD772B0828359B753F7CE
310
23D9479AB9845771B389D6A77130F8C134EFC83947392029B10E4425440A84AF0E54825228FC1634D369874739C837A9DDC83C20D320C36042610ECDFA750303710224D01202488012CA847424F8D53F78AB6BECE9B3B35A7F32396AC6B7444566327DBB4DF06FD9616744F4D3A397EB3B0A3FBA8D763702883ED742FE5CD2
310
4146D8E353ACCF811C806AE09914D8446E93840FF4D6C963FF32BFB6AB015D1D3B0C9A0968776F021F21404B6260CF84A14F35180CE20B5E85BDA2EC91FD5A7DBA7E5705F4F0F97AF26CE18E3BA078138202400A62930FA6CC7882F911A92F33E547E64990B0F27323D73B6222863F86425153FA8009361C675554C25382CE
310
148420C8DCC47A20122806CA178A0918C14CBD33440289078A00EC6070184CA9907FD0A1270478E0B325B67C2193694EDB7DD0F3C238447C8A11485562FB4902134E6AC952FD5320A4F7C780882DA9684285CD81D278C0E8FF8DEC9F45D22DC3C2CA99C2728110888799575B6834BF22B0F01EDE72D7F21B672C40F0A97299
310
9E2200B7C91403F9BB3D09C01990819238CBAE5E7510D7D57450507E3DB04AAA0A3C280064E0775380C8C16EEA4834346A04BF0CE847B4B3AF760D06D24BBB267C32E2C9257DE5EB748AD101AF1FD33265E2B674EED8C01A0AC901392211011AC810560F77778E85B13BAFE3E25C95B70919A4862C15928BD8989664AD8638
310
101D009A80F00BDC41AF27602A4BDA0C077E550048E7F1011410F01405045E1C140B4D0E70E0F6E034171C3D6FD12004FCC1FA304312518910356628A4A326EC9ADF5DFFD1B2C0399503F14B4F8E3E0E4E39A06ABCB56A8014687E86E462BDDE5124615ECDB412B7314F62E6E0C76ADEC0F717B360E741960104CF1706CFA1
310
8E0605004B01AE007869B095ED92144A807841EFF2811C047889A04901C809062057192688C92346F97F279449F89B113500BAD282D1DA80A55C27EFFE02C8D4F395003F285B617BBF0831F49B055342DDDD414378E8888E92C16789F269A27C9A221FAA4A0DFDDB9F935B2ECC04DC51481558A69301E0460B02665AC4DD30
310
C03D480866C3409400051811876014C0F294C542821AB045011A3E3F09001FF304E3A0BED05CC11A811B865001769507FC01ADC611F400CF68C7B093606E30F3C7E0F00C1D10C31951C1E2D7252181DA00345842A19130715C736EC9ECE686A712FDB31E4D3E50AB336E5666D7B212C0113C4A4406029709B43D0228F3FBAF
310
49921B19CA0C82A2D5BC4A2079809240F37D3E10F9637607C3983F0458508A98B8B4EFC92AC13530180CF55359500080061DF59B98BB3FEACEE881DC8127F182A885A86FB12B43C590A4380504E32305E3148BBEEB2D2782029765428092545BA5C2C681FC5F8E869C0EE1034A822FF09A12C94084505AA868080303473F81
310
61F7AA0A6610745E280BE4427FB770106F8800EADABA19F453210435BDB2348471B13B65F2FCB554827632C4C44467333E4127095D22092ED492009930413251B5408345065065E415266E20279A40B3F520370BE2050C8360E6BB4601C1673B9BFE007EF5200B6483CD195400A783E6DEA0653515B0FCE8E86D1618FC1EFC
310
15C2E727F24F2A2DAB57326D8D0877D4E298894E7A0C3C7D9CE8A0E2D17AA2020FA1097D6372F2A9F955060FDD467AD0426368C24A8340FD0D6687A76316DEF5179ED9042005A2BF02A5DD810A4DEFA4A8F700EFC50FF4FB8C06410F0303C106ADF8852ACC6A2CA9046E9ED070739339857222CC009E206479886EA26227BF
310
7A341A15C351A8404A6C10080A2140FA4B4E8D9B9A11645899332363FD69887F436A660566964250FD752E787B64BCF8E6C8190DF8EA0C854C062D8A5A1346F810414313E606ECA0AC3A01D6928544029D5F42E202C0CB386F880F7842A31287061F32F3CBE09F2950783394F2F2B23D85386C6F51943E99DD10C8A0000BA9
310
569A14805693274BD0E4F4DC3F28E331EEA91C4F33ABE057889BFB92819187840A08E57A276A8BFCB75B0342668C70C565C8059996D209C2800941A21FB82B2F520BC2E6FE6F1A8827043DE17000DACC8193E78BBB8DF1467978C06F6AFE986123E3A95272CAC122046F4C65C4B88FED2F1CD1D918F7CDBF8903BF1A90057D
310
42F4DC133AF804ACBB58446A0DB78806FC053FA1E45D0AF1112613CC0DD976C5E70AD3282F42725C0D02AC8588DE451B1C01ABF063E7748A3882F0DD484BB78D037F9812240EB88B6034C0AD53E5116D4C6D920C6A89F084E6D0598AD7EB6930CC7B293E27A666E5CDFE9A3FA52FEB3C97976FDAAE9A60008FCA6B33099CF9
310
880D35D419FC687D424378E3099441E110C5B3C6DC311E6653514A67A530D863326C4D8430E0C28024803B5B069B0E60C10EDB6DF087034171DF01F1F3404B27B1056D8C0E56E7CA6056E7798147BE4C2F01CED5987E413AC6A724876DE3F599E0601CE7B9CEF3BEB3671E12DCE8AF9631B8031D3F360B6955DC2342B2A0E4
310
632A00264C0DA002220CFEC3E10D9BADC8904D88DC51928593AA16C91DF6FFF82B3234404C7214D0F8608E0052283EFB2B0563F1D072936C4017706010BCF1B16CDE0C1FA9C777E44E1F5259B0C9BBC8794A82A6C182A3AF56B16921405351FDDC91B5BAAA617860E8D76C97C377FE701A4EB4378FA97C2C8E3CC8950886C6
310
FD93AF70A1F5F676B7ED16CBC56AF5D09110EEB8607CC08A795882358280DDB98AFFE7087C6EB593D62F041CDB4018935238E73F1098100D0C8769818F777057F64C703C6530E142FDF5C837AE1CF66C94C4887D3A3726AB990DEA248F73B5D32C8E04F6714B1E67C53FC52040252E605B322407CBF8C7F05453462A295ABF
310
4D95592DDD76AC23512E9A2DF964715C80DD752CA8E263AC36F02C3C28A133EB22AC8D099BDEFDE28C3E8FFEE3815D5D00C17C00511058354D62443C1A546280E43572A9C661A34FA5891F8E7570608C8DF21DF51DF9D2A84D4501F41B8CD4F4C9DEB2F901E810C0E4CEB6EC08DFB06341C864CF8D0EEE779A606545E1E64A
310
AF30A4324C20FDD3BD558BD966BA994FA915CD162B1978642AD01694E533EC190368A68234657085B5F88E27A0805E04B8BB6A00A51646EE3C10A50FF007FF410F1963CA69BE2002F0F902E701AEC995FD41F83A3F0C3809A3288A083003A6CC2A20E6D703EE48E3777AC07ADD51EB6101603A9FCF17B3D5928F6D742EE7E4
310
CF38AE2B03C5FB39C81D7B2978FAFE85AF3D2710B0582C970F0FEB0E4D1103B8BE2B4D560CA10002FC8F334C891C07B44FE06B2E3ACE5E1E2D1FC32203110ABF9CA0E8381F68EC3C06701328E5A38278A5FCD944CEA5283DA933DF2A2448BD23F1C5D8BE04CC2DC3B43B3EEC29F8B5FF926D11D3E97EBF7FA1BD1E5E5F5FE6
310
D3D972F548547783146ECD84873F377C5820F7F9FCE5E07378D6CBCB7E036DF7F7104079A05B77C6942D1BA95D47424BFC3DB6411009A42E207871B7EE9B06614BBD20F22F7523FB985F3F7068E37600273A3ED0C1CCC380F6EC4AF01CC1CF95E4848B7BF950AD14C44F10460221E02D21D01DAE800F323704C00035DFE97C
310
B37F797D3D1C0E4FBF35EE1E5E9E0E879FBF3DF6F474780A01FB3DAF01FE0C0798218007C2090A3008BA7682A338F4A8804A06CBFE6A80CEC766F49853F15B2F45FCEA3F8250012841315016E75E797EFEEC4ACA6C79F515CF1738F7C36E2406071051043817C9E8C5888D49D0332E800062FF54FA562BF7446CC0BFDFBF86
310
03D1FEFCC9F7FFB5A7F000430755C2D3F72F2D02A022820897ABDD44594475BDCCA4A10AF34C06B08B4AB58BBFAE30999DC66C7CE903A83CF8EB006EEEAA063430F84B05F0ECF644825F5E95073870E72A0771AB89B080022A0C5A9FAF34C89286257FB7BEA000EC65B59750C68E0815B0D9834B15606328F80709DE09018A
310
C2A7817F83F96DB3D562C10A0A31300230CD4200B87F85808BAF64D04600254047F9C14DE93464009E7F5AABB4FDD6D55142A2C0BF1541FCE19C20C899BF4F76AB54B84CB97F88F48ECC029FD253F0C70DF4816B9AC94BCBD653B1A283C4001A0337955E4AFED3FB790B6B1F5EA0B5514074103A38D84280EE0F5F9BE974EA
310
B2D16AB1EA969684B6E4166CA28264B300474C7308D20013B204A65F82970718D05678B3315D442E1C0A327E2F56556040C005D2FAB1326A68A07507C9E46A3648555A7080F5F50219A00E6222E3E0862CE95B5680930530742F1D041805E69B788161F015944D041182B861A2C17F3AF01CF5BFDF6C343F9171F5B004BF59
310
C016719164B888EA206A02AD05E8464D06B48E4381A0E9345FD171625AC22198F57C003BEA5510F81FF78D31C9B033D0030000000049454E44AE426082504B03041400060808000C508C5751464CB48900000043010000360000006662782F46374442314331342D443241302D344439372D383837382D4638414241343744
310
393742462F6469726563746F72792E786D6C9D8F310EC2300C45AF127987122606C71DD918B841D4B851A43646695A717C52A85029031293A5A76FBF6FACEF7DA7264E43906840EF0FA03836E242F406C6DCEE4EA06AC22492573150D1F66C60C640E8938CB705396EEDD86DE9B5042FE27813D640EA63BB001C722AF6E55C
310
B61E4863F58284D5D3F53DD715CE1C3985E63FD7F1B7EBDD617E9F1E504B03041400060808000C508C5736F0D87A3D0700004B1C0000340000006662782F46374442314331342D443241302D344439372D383837382D4638414241343744393742462F6F626A656374732E786D6CDD59598FA33810FE2B887D06428E4E324A
310
679463D28A567368A259ED1B72C0497BDB1CB2A18FFDF55B3636C13449E839A4D1764B0931A65CF5D55DCCDE3FC7D47AC48C9334B9B57DB7675B3809D38824C75BBBC80FCEC4B6DECFAD194BD3BCB6CFB61214E35B5B2CDBF3D991A545A696227C40056DAE6E967F5B3CC409B6AD9022CE6F6D1EDEE318B9A8C8D308F30737
310
4239728F8767D777CB8D26D92343D97DE3A80C319CE4C02AAC27404571E09B3F41246F3EF3C40663DBA0DBB6FE856D9E14DC6494243C4749F88AABC671FD335C358E1BF8C3F587FE68EA8C86C38133BCE9FBCE72B35C3BFE78D05BDDAC56D3C587A96DCD67FB34A59502329C44A0C5177BEECF3C71A7125FA1D0C677982609
310
0E159A6D1B22ACE812CC9B9818C0FA52B49A424A596B0B838EC29FD9D609148325036D2D9CFEAE5B6FBAFF0740E05DAC94712CAC9CE70C74ADB02FFDA137F3CA55432F845B31CA3123885A94EC1962A020D85A2AC82023BC4590B20466528B9A5E9D5730ECEBBED4C6E5A1A054F8AF3D979E16803FE29C4BCEC8BF989DB8AF
310
9F063C81B40549F28912367FC980C474E6C9C5F2DEA0AF6E96405A078A8E602D20A6D834E837F05A8958B05DDBF33F37FBE79D880FED87672CCD30CB85E54967567EA73558332D30BE0EA094B89ABA3BA1F215A0FF04C857BC5833D01C23CFC3E7A1969DA1841F52168376AC9EE5F4E0A36789CB575733AF7A786E5946AC3C
310
8729B8ED4FC2D410C338BB06E97CF608469FB281126E17220A36FD9124C2CFC1502C9AC212C4FBC3FED99E6F2198C2223C8528480FFF334F5C5AF055D28178D3D0505BF8EDA028ED304D3F3BE9EA0E6C8691B0529521E3397C473F05DFC57AF7E7AE600714E28FCAB1D7F840129243326D67C800DD70F96FDB4FD223EF68BA
310
47F4F4B4B12984638EA9881B2D6AD929B558522FC08948C3A566E4CA4702DE4E294A705A70B5DE16A7C294A62CD8BF04A50BB79EF597B681F2306500ADB10C927BC8482630B1E74A5B5520746B82828521A62CF0586A35D8177116A0382D12116A5F9B62930F8833C21281AAA4A60D5B7BAD261B91C3A1E010BC5A49AE0C20
310
953F6BC2A5850F218EB5F1CBF0812148A2691210C8C1E02CAD27180754E05DE699637A0808A5451C1C08853C12C4283B43BFA304F5CCF5805F9E5216B512342D4BFBA4B62101B8025683A4B35519F3954E197E24A2CC94F94C67036387AA43EDF9F04CBA1099A205506D8CD2CCA7EBC96034E88F9DD5623172861F6EA6CE74
310
3A9938C3F578335EF837E3D512DC5F598944E014ADEAF90E5429CA1CC3FFF2FB22DE278850B82128A0287BF75E66CF5B0F42A3B719AF97FECA1F3AEBFEA207274EC7CE64329E389BC962B9188EE1F772E331CCD38285987B7DAF176893CC92E339AEAA582AB216C80F9F0A52286BAE273BADAFA630FFE318DACC0986127FD7
310
205AC5AE9682B06B10158F3643280A1F448A0A42A8FA5ADDA711449B7CB4C5B937C6E59E3BE8C93FDF9FF67BD3FE643A1A750C7BF2A41F8E746D3284D079167990662824797B4A6D20D391E537651777E08F4A6CF467BF6F015E9D572BA62E6726C554406274C4C10189BEA225945E93B835EB1D69CA394930977DE1AB7AB1
310
41B3E79EE2AFCAD22D664B7810E31C7D8FC5CA46A3E10510CD69001D6C2E660857EB88CA0554CF728EA2E89721D54BF95F028EE28C96BDF1350CFCBE0EF6BA2B6AB350C1B438E211EC334079D08BB01C755CA35EB1AF2B8A56AD35A94FBF9BFC19787425F40BE1D147742FB6DC913F157F13084337237F7033AE54710D2D7D
310
582E7A3F5A40B71ABE044F981CEF3B15A7DDB4522BF3CA423CC731B4BE282F58278FBD8168A26D4B0BA42243C3256A27BDB1A0943D9FEEFAE030D9F49D2B896BC740ED4A12988D7512E49514AD462C7521E78062DCF506CFD6D85CA5FAC311F39757D975F78BA138EC820354D86509ACE28F5187B756EA460DC59F501E4228
310
DDC96F67091E11E1E8D4CC19E4DACA7A5DD35EABB8B722A4C630E54522D27E1417F42B025543C7CDBDBBB2D0F3CAF5AD486D2E0CB44F7C184C9BB43EDFED1A5460A5F3D35F0446F8A94141ADAE44077D81D4B7ED694ED0A0A024FAB6BDF0F86FD1856805D6BA119820F3941218E4E3C83AE214F2378C2A3A74282CC65CE6E5
310
5367A3DF227478FAB19CC3E6684F755F14DE23186653D5BF15210C522167DEDA6ADDFA0346A7627A29075AEE03B46E2A86D956C1C8AD0D169B13E8D0DC3D8CC0E4C051526F8C38C1B151721419BF7CAAFA7D7AEC55C756EDE9828B92CC7026288533F96E01EABEF2C67CF6FDA26B762C94C3E5BEC82B614E0B27691408FA25
310
42291C4C0A1F14BCCF50525C96CB77E51EA389ED34CDBF680725552747EC2847F2359B5CACBF78629ABEFD6C65B4380A755EEA980D4A8EE8D469514EAE6660184ACC0C892A72F5CEFBC252782D155B1B0246E0ADD2384E13F563A15E6B59BB7B784915797A40C8BDA1270706EA0D40B0471CBB28E20FB0001A65448C514B64
310
0DBD5741B4A677AD08A10278CCD8BF5D5BAA28AA0D53EAD156A022C7FF16F88F78ED23BCA5BEA136AB041700AEE4CDD3855E98790CE6E5F3FF00504B03041400060808000C508C57F7C915AADF000000550100003C0000006662782F46374442314331342D443241302D344439372D383837382D4638414241343744393742
310
462F7265736F75726365732F322F636E782E786D6C4D90DD6A032110855F65117A19752D85125CF312B9EA4DB03AD94A5667F1A7246FDF31B5501046CEF918CE1C7DBAC76DFA865C02A685CD5CB20992431FD2BAB056AF8777369D8CCE88F51FC6A664232CACCBCCE83563DB87E4E16ADBD6D52DA4DB10E565850439B8CB9E
310
5636B9CD96B2B0E2BE205A6E5B450FE5C6BDAD96CF3C43C1961DD08A1A228C152E83ADE0995152BD1E6645EF3CCBA39447F5F6A145278DFE44DC061F52858CFB8B920EE99B2891D4A20346B71C06D5CF20E32F1EA7785A906D74A9993A18587DEC84856857104FE4D7355AF423693C1BA0D90B313F504B0304140006080800
310
0C508C57FF15A4A45D000000800000003A0000006662782F46374442314331342D443241302D344439372D383837382D4638414241343744393742462F7265736F75726365732F636E782E786D6C4D8B3B0E80201005AF42B6F75B59F0390B113044D83508C6E30BC6C26AF226F3B8BA6360974DA7271430F523308B2B198F
310
9B80925DB700539227A2FCCB80A18E5640D320F996A81C9F32D6E9129A0D1EF74FCE750E6D57BC7165FBCA07504B03041400060808000C508C575455DB924101000056050000300000006662782F46374442314331342D443241302D344439372D383837382D4638414241343744393742462F636E782E786D6CCD94C14A03
310
3110865F650978EC66774590924DC1834FE041BC65B3D335369B2CC944ECDB3BA9DB5691A287420B3984C917F8FFC99F11AB8FD116EF10A2F1AE657559B1029CF6BD7143CB12AE17F7AC584911BCC76F182B9C1AA165B9CCA418824FD35CEA61AD92CD556BDC662E2AC460BA841059A1AD8AB16551BFC2A84A95D0F7103765
310
AF5095751920FA1434D07D3423CCF7750085D033D954CDEDA26E683DD5D5B2AA96CDDD8BE09994A2F3DECEBC7108C14F374DA53D6D1DC9A904CF8014299899CA1E983C6A2B3BE304A7732922E975C3CCE176CADC3459A31552A3B8D708B82008D428F8172C05CF8E7FF87E7C783E6AA05D6F0268F4617BB136D4A7DA709056
310
5222FED7851DF89779DFBD91E5CBBDFB49C3B3B0B3D9DD273752747F2781F2A4DC60AFF1031CA49D3FFF3458D0E86B34BD577626CF7C3702E9E1F344949F504B03041400060808000C508C57221626E57C000000A30000000B0000006662782F636E782E786D6C4D8CD10AC22018855F45FE7B6B86A0813A34F13D46734372
310
1A36A3C74F63175D7D9C8F738E183F5B446F5F5E212709E43400F2E99EE7905609755F3007342A5172DEFF6A80D2B479095D83126BC9F579A8D92F538DDDC6901E8774CC1A722314DB8B1E30B5578639671C3BAE8DA6AC65E3DAE2DC270DBFBFC67EAFBE504B03041400060808000C508C57A6D797065F0000008200000007
310
000000636E782E786D6C4DCB3B0E80201045D1AD90E9FD7516806B51190811670C8A61F982B1B0BAC9C97B72CA7B1037C6D3332918DA1E04D2CAC69353902EDB8C20262D23F3F59B81A079470595414B17391D1F19B4730A5583A7ED43BBE4025D9592775E5ADFFA01504B03041400060808000C508C57ECFD112DA8000000
310
26010000130000005B436F6E74656E745F54797065735D2E786D6C7D4F4B0EC22010BD0A61DF525D18634ABB506FE00510A79458060253536F2FD89D5197F3FED3F68B9BD80362B21E25DFD40D6780DADF2C1AC9671AAA3D677DD75E9E0112CB5A4C928F44E12044D22338956A1F003333F8E814E5331A1194BE2B0362DB34
310
3BA13D122055543278D79E6050F344ECBC6478EDCD76CE8EABAE5449AE4298AC56946789C28AAFBEABC53F3EAF09A84A1441B91F0101CD4780756578C173A578FFDDBD00504B03041400060808000C508C573DEE336E64000000790000001B0000006175746F6465736B2D64657369676E2D7061636B6167652E786D6C35CB
310
C10E83200C00D05F21DCA56CA76D41FC96062B120735B69A7DBE268BB7777961F8D5AF396893C2ADB70FE7ADA196782C2DF776D7A97B5933C430F15651E5469C55D70F80A4992A3ADC954792C525AE70A1E4D6AD9816CC044FEFDF01FE3FDE907802504B03041400060808000C508C57001C56F6F40000008E0100003D0000
310
006662782F46374442314331342D443241302D344439372D383837382D4638414241343744393742462F7265736F75726365732F322F636F72652E786D6C8550CB6EC32010FC156BEFD880EDC68E3051DDA65FD0536F08130725068B47D5CF2FC4AED49E2AADB4AB6166961D76FA5AEEC5A7725E5B3300293114CA483B6933
310
0F10C30575509C3873D6865F34288C58D4001906CE6667E3BA43D29AA04C468D9DD40E0AEF558042DED330809757B58852C49018FE56AE42DEC4AC4A526E3CCE62D4D32ED55372D317AD1CF0767CEDC7B16ED1CBF361444D3712D475FD01B53DEE9BF6E9ED7C6E28ABB298B3A0979FEDD22911D4049C625A234253BD137CC4
310
F848DB0F566526673EB874F3BE345F97E8ACDAD03F6E719DFE778BDA849AEE6E9BC20327E9738F07CEAA9C4E6A8FE852CF49F26F504B03041400060808000C508C57C4A16AF6FA000000960100003B0000006662782F46374442314331342D443241302D344439372D383837382D4638414241343744393742462F7265736F
310
75726365732F636F72652E786D6C8550CB6E833010FC15B477C0E6D140641C9536FD829E7AB3CC86580936F2A3EAE7D70E546A4F952CAD353B33BB3BECF4B5DCB34FB44E193D002D0864A8A599949E0708FE9277909D38B3C6F85F34C8B4587080040367B33561DD2169B4479D506D26DC41E11C7AC8E43D7E0670F28A8B28
310
44F091E16EC52AE44DCC58D062E37116829A76A99AA29BBA28B4C0DBF1B51FC7BACD5F9E0F63DE7423CDBBAE3FE46D4FFAA67D7A3B9F9B8A9549CC9957CBCF746951789C8057A4AA735AC5F74EC9919063D57EB032313973DEC69BF7A1E93AE0169D0956A263E5D6FDE31AD6E97FD7A0B4AFABDD755338E0342EF9687056A6
310
94627944186B4A947F03504B03041400060808000C508C570F4907DCF2000000B1010000310000006662782F46374442314331342D443241302D344439372D383837382D4638414241343744393742462F636F72652E786D6C8D505D6F842010FC2B66DF51E16CB417E4A235FE823EF58D0067C99D60F868FAF30BA74DDAB7
310
4B48168699DDD9A197EFF55E7C29E7B5353DE0B286421961A5364B0F315C5107C58551676DF84383C2F055F59061607471366E0724AC09CA64D458A90E907BAF0214E29E2E3D78F1A9565EF21812C3DFCA8D8B1B5F5489CB9DC768D0EBAF5438C58392C0484D4E089374DE717DAEEB3379F9A05566321AA396C7282DD3747D
310
D5CA019BDB69C46FB84113196AD44CAF2DEABAB64373378C43D3A6F738D32A8B19F5C1A59D8F2679BB67E5BBF09FE7B8C9273C6B134EE418B82B3C309CFC3C3E18AD7280A93CD24D3587CD7E00504B03041400060808000C508C57731153C553010000DD0200000C0000006662782F636F72652E786D6C8D52CB6E833010FC
310
15E43BCF4003917154DAF40B7AEACD310EB502363236CAE777CD4394431F02616B76677667043E3FBAD61BB91E8492258A8308795C32550BD994C89A9B9F23EF4CB056CA7C6B439EA41D2F918311C18D56B65F20A6A4E1D2A152D57C01E93070833CD6C2A54403FBE41D0DA835D031DC839EB23B6D781007731FC1D68A7AA1
310
8A1AD4C44D708D4856BD165575C8FC97E763E5A77915FB795E1CFDAC888A347B7ABB5CD204878E4CB011DD3A9D694E0DAF1149A2E4E0C709BCEF71748AA253927DE0D075123C180D9E97A1CE1D22B7EB038733BED3B37DFDB79E15D21C92456F660C88C4B0DE54203874F9C03185B7CF1006437E865EDBD5C21DA09133A374
310
0A955AD9AD34D2D672908EBCE9C1E15C05E549E0279DE4179DDF3520282A1B588D1AB85EAD71D3F73BF55CFBA3797852E98EB6DB72F38ADB771BB4B3B4D2996A95FE0F7BB5BA8619BA1F937C01504B03041400060808000C508C57586DEF4008010000B201000008000000636F72652E786D6C8D50D16E842010FC15B2EF2A
310
A0F6F4825C6A7BFD823EF58D0A67C92918C14BFBF7859326ED5B13922533B33BB3CB4E9FF3846E6A75DA9A0E488E01293358A9CDD8C1E62F5903E8C4D96AADFF250364C4AC3A88307036AE765B123458E39589A8B152255038A73CA0610A9F0EDCF0A166918BCD0785BBE68B18AE625439C9771D675ECF3FADC3AA84571238
310
C5B4CC080DEF95E023C6475ABFB1222A39DB362D939596C15D5FB45A81D7FD73DBF7659D3D3D1EFAAC6A7A92354D7BC8EA16B755FDF0723E579415B19933E7D7B0731A12727AE4C42DFAB262A7387BB7764A82104A226BA62FE0981591F8137A5BE43F426BE34B9A06EE1D0E380981EE44308E170CE57EDE50E3B5F937504B
310
010214001400060808000C508C570000000000000000000000003700000000000000000000000000000000006662782F46374442314331342D443241302D344439372D383837382D4638414241343744393742462F617474726962757465732E62696E504B010214001400060808000C508C57000000000000000000000000
310
3500000000000000000000000000550000006662782F46374442314331342D443241302D344439372D383837382D4638414241343744393742462F76657274696365732E62696E504B010214001400060808000C508C57F270F13306000000040000003600000000000000000000000000A80000006662782F463744423143
310
31342D443241302D344439372D383837382D4638414241343744393742462F747269616E676C65732E62696E504B010214001400060808000C508C57B5A795FFE3790000DE7900004200000000000000000000000000020100006662782F46374442314331342D443241302D344439372D383837382D463841424134374439
310
3742462F7265736F75726365732F322F305F67656E657269632E706E67504B010214001400060808000C508C5751464CB489000000430100003600000000000000000000000000457B00006662782F46374442314331342D443241302D344439372D383837382D4638414241343744393742462F6469726563746F72792E78
310
6D6C504B010214001400060808000C508C5736F0D87A3D0700004B1C00003400000000000000000000000000227C00006662782F46374442314331342D443241302D344439372D383837382D4638414241343744393742462F6F626A656374732E786D6C504B010214001400060808000C508C57F7C915AADF000000550100
310
003C00000000000000000000000000B18300006662782F46374442314331342D443241302D344439372D383837382D4638414241343744393742462F7265736F75726365732F322F636E782E786D6C504B010214001400060808000C508C57FF15A4A45D000000800000003A00000000000000000000000000EA8400006662
310
782F46374442314331342D443241302D344439372D383837382D4638414241343744393742462F7265736F75726365732F636E782E786D6C504B010214001400060808000C508C575455DB92410100005605000030000000000000000000000000009F8500006662782F46374442314331342D443241302D344439372D3838
310
37382D4638414241343744393742462F636E782E786D6C504B010214001400060808000C508C57221626E57C000000A30000000B000000000000000000000000002E8700006662782F636E782E786D6C504B010214001400060808000C508C57A6D797065F000000820000000700000000000000000000000000D387000063
310
6E782E786D6C504B010214001400060808000C508C57ECFD112DA8000000260100001300000000000000000000000000578800005B436F6E74656E745F54797065735D2E786D6C504B010214001400060808000C508C573DEE336E64000000790000001B00000000000000000000000000308900006175746F6465736B2D64
310
657369676E2D7061636B6167652E786D6C504B010214001400060808000C508C57001C56F6F40000008E0100003D00000000000000000000000000CD8900006662782F46374442314331342D443241302D344439372D383837382D4638414241343744393742462F7265736F75726365732F322F636F72652E786D6C504B01
310
0214001400060808000C508C57C4A16AF6FA000000960100003B000000000000000000000000001C8B00006662782F46374442314331342D443241302D344439372D383837382D4638414241343744393742462F7265736F75726365732F636F72652E786D6C504B010214001400060808000C508C570F4907DCF2000000B1
310
01000031000000000000000000000000006F8C00006662782F46374442314331342D443241302D344439372D383837382D4638414241343744393742462F636F72652E786D6C504B010214001400060808000C508C57731153C553010000DD0200000C00000000000000000000000000B08D00006662782F636F72652E786D
310
6C504B010214001400060808000C508C57586DEF4008010000B201000008000000000000000000000000002D8F0000636F72652E786D6C504B050600000000120012002D0600005B9000000000
  0
XRECORD
  5
12
102
{ACAD_REACTORS
330
E
102
}
330
E
100
AcDbXrecord
280
     1
270
     1
271
     1
  0
XRECORD
  5
13
102
{ACAD_REACTORS
330
E
102
}
330
E
100
AcDbXrecord
280
     1
270
     1
271
     1
  0
CELLSTYLEMAP
  5
EF
102
{ACAD_REACTORS
330
58
102
}
330
58
100
AcDbCellStyleMap
 90
        3
300
CELLSTYLE
  1
TABLEFORMAT_BEGIN
 90
        5
170
     1
 91
        0
 92
    32768
 62
   257
 93
        1
300
CONTENTFORMAT
  1
CONTENTFORMAT_BEGIN
 90
        0
 91
        0
 92
      512
 93
        0
300

 40
0.0
140
1.0
 94
        5
 62
     0
340
28
144
0.25
309
CONTENTFORMAT_END
171
     1
301
MARGIN
  1
CELLMARGIN_BEGIN
 40
0.06
 40
0.06
 40
0.06
 40
0.06
 40
0.18
 40
0.18
309
CELLMARGIN_END
 94
        6
 95
        1
302
GRIDFORMAT
  1
GRIDFORMAT_BEGIN
 90
        0
 91
        1
 62
     0
 92
       -2
340
0
 93
        0
 40
0.045
309
GRIDFORMAT_END
 95
        2
302
GRIDFORMAT
  1
GRIDFORMAT_BEGIN
 90
        0
 91
        1
 62
     0
 92
       -2
340
0
 93
        0
 40
0.045
309
GRIDFORMAT_END
 95
        4
302
GRIDFORMAT
  1
GRIDFORMAT_BEGIN
 90
        0
 91
        1
 62
     0
 92
       -2
340
0
 93
        0
 40
0.045
309
GRIDFORMAT_END
 95
        8
302
GRIDFORMAT
  1
GRIDFORMAT_BEGIN
 90
        0
 91
        1
 62
     0
 92
       -2
340
0
 93
        0
 40
0.045
309
GRIDFORMAT_END
 95
       16
302
GRIDFORMAT
  1
GRIDFORMAT_BEGIN
 90
        0
 91
        1
 62
     0
 92
       -2
340
0
 93
        0
 40
0.045
309
GRIDFORMAT_END
 95
       32
302
GRIDFORMAT
  1
GRIDFORMAT_BEGIN
 90
        0
 91
        1
 62
     0
 92
       -2
340
0
 93
        0
 40
0.045
309
GRIDFORMAT_END
309
TABLEFORMAT_END
  1
CELLSTYLE_BEGIN
 90
        1
 91
        1
300
_TITLE
309
CELLSTYLE_END
300
CELLSTYLE
  1
TABLEFORMAT_BEGIN
 90
        5
170
     1
 91
        0
 92
        0
 62
   257
 93
        1
300
CONTENTFORMAT
  1
CONTENTFORMAT_BEGIN
 90
        0
 91
        0
 92
      512
 93
        0
300

 40
0.0
140
1.0
 94
        5
 62
     0
340
28
144
0.18
309
CONTENTFORMAT_END
171
     1
301
MARGIN
  1
CELLMARGIN_BEGIN
 40
0.06
 40
0.06
 40
0.06
 40
0.06
 40
0.18
 40
0.18
309
CELLMARGIN_END
 94
        6
 95
        1
302
GRIDFORMAT
  1
GRIDFORMAT_BEGIN
 90
        0
 91
        1
 62
     0
 92
       -2
340
0
 93
        0
 40
0.045
309
GRIDFORMAT_END
 95
        2
302
GRIDFORMAT
  1
GRIDFORMAT_BEGIN
 90
        0
 91
        1
 62
     0
 92
       -2
340
0
 93
        0
 40
0.045
309
GRIDFORMAT_END
 95
        4
302
GRIDFORMAT
  1
GRIDFORMAT_BEGIN
 90
        0
 91
        1
 62
     0
 92
       -2
340
0
 93
        0
 40
0.045
309
GRIDFORMAT_END
 95
        8
302
GRIDFORMAT
  1
GRIDFORMAT_BEGIN
 90
        0
 91
        1
 62
     0
 92
       -2
340
0
 93
        0
 40
0.045
309
GRIDFORMAT_END
 95
       16
302
GRIDFORMAT
  1
GRIDFORMAT_BEGIN
 90
        0
 91
        1
 62
     0
 92
       -2
340
0
 93
        0
 40
0.045
309
GRIDFORMAT_END
 95
       32
302
GRIDFORMAT
  1
GRIDFORMAT_BEGIN
 90
        0
 91
        1
 62
     0
 92
       -2
340
0
 93
        0
 40
0.045
309
GRIDFORMAT_END
309
TABLEFORMAT_END
  1
CELLSTYLE_BEGIN
 90
        2
 91
        1
300
_HEADER
309
CELLSTYLE_END
300
CELLSTYLE
  1
TABLEFORMAT_BEGIN
 90
        5
170
     1
 91
        0
 92
        0
 62
   257
 93
        1
300
CONTENTFORMAT
  1
CONTENTFORMAT_BEGIN
 90
        0
 91
        0
 92
      512
 93
        0
300

 40
0.0
140
1.0
 94
        2
 62
     0
340
28
144
0.18
309
CONTENTFORMAT_END
171
     1
301
MARGIN
  1
CELLMARGIN_BEGIN
 40
0.06
 40
0.06
 40
0.06
 40
0.06
 40
0.18
 40
0.18
309
CELLMARGIN_END
 94
        6
 95
        1
302
GRIDFORMAT
  1
GRIDFORMAT_BEGIN
 90
        0
 91
        1
 62
     0
 92
       -2
340
0
 93
        0
 40
0.045
309
GRIDFORMAT_END
 95
        2
302
GRIDFORMAT
  1
GRIDFORMAT_BEGIN
 90
        0
 91
        1
 62
     0
 92
       -2
340
0
 93
        0
 40
0.045
309
GRIDFORMAT_END
 95
        4
302
GRIDFORMAT
  1
GRIDFORMAT_BEGIN
 90
        0
 91
        1
 62
     0
 92
       -2
340
0
 93
        0
 40
0.045
309
GRIDFORMAT_END
 95
        8
302
GRIDFORMAT
  1
GRIDFORMAT_BEGIN
 90
        0
 91
        1
 62
     0
 92
       -2
340
0
 93
        0
 40
0.045
309
GRIDFORMAT_END
 95
       16
302
GRIDFORMAT
  1
GRIDFORMAT_BEGIN
 90
        0
 91
        1
 62
     0
 92
       -2
340
0
 93
        0
 40
0.045
309
GRIDFORMAT_END
 95
       32
302
GRIDFORMAT
  1
GRIDFORMAT_BEGIN
 90
        0
 91
        1
 62
     0
 92
       -2
340
0
 93
        0
 40
0.045
309
GRIDFORMAT_END
309
TABLEFORMAT_END
  1
CELLSTYLE_BEGIN
 90
        3
 91
        2
300
_DATA
309
CELLSTYLE_END
  0
ENDSEC
  0
SECTION
  2
ACDSDATA
 70
     2
 71
     8
  0
ACDSSCHEMA
 90
        0
  1
AcDb_Thumbnail_Schema
  2
AcDbDs::ID
280
    10
 91
        8
  2
Thumbnail_Data
280
    15
 91
        0
101
ACDSRECORD
 95
        0
 90
        1
  2
AcDbDs::TreatedAsObjectData
280
     1
291
     1
101
ACDSRECORD
 95
        0
 90
        2
  2
AcDbDs::Legacy
280
     1
291
     1
101
ACDSRECORD
  1
AcDbDs::ID
 90
        3
  2
AcDs:Indexable
280
     1
291
     1
101
ACDSRECORD
  1
AcDbDs::ID
 90
        4
  2
AcDbDs::HandleAttribute
280
     7
282
     1
  0
ACDSSCHEMA
 90
        1
  1
AcDbDs::TreatedAsObjectDataSchema
  2
AcDbDs::TreatedAsObjectData
280
     1
 91
        0
  0
ACDSSCHEMA
 90
        2
  1
AcDbDs::LegacySchema
  2
AcDbDs::Legacy
280
     1
 91
        0
  0
ACDSSCHEMA
 90
        3
  1
AcDbDs::IndexedPropertySchema
  2
AcDs:Indexable
280
     1
 91
        0
  0
ACDSSCHEMA
 90
        4
  1
AcDbDs::HandleAttributeSchema
  2
AcDbDs::HandleAttribute
280
     7
 91
        1
284
     1
  0
ACDSRECORD
 90
        0
  2
AcDbDs::ID
280
    10
320
17
  2
Thumbnail_Data
280
    15
 94
     2895
310
89504E470D0A1A0A0000000D4948445200000100000000670803000000D82A6C0200000300504C5445212830FFFFFF2128300000000000000000000000000000000000000000000000000000330000660000990000CC0000FF0033000033330033660033990033CC0033FF0066000066330066660066990066CC0066FF0099
310
000099330099660099990099CC0099FF00CC0000CC3300CC6600CC9900CCCC00CCFF00FF0000FF3300FF6600FF9900FFCC00FFFF3300003300333300663300993300CC3300FF3333003333333333663333993333CC3333FF3366003366333366663366993366CC3366FF3399003399333399663399993399CC3399FF33CC00
310
33CC3333CC6633CC9933CCCC33CCFF33FF0033FF3333FF6633FF9933FFCC33FFFF6600006600336600666600996600CC6600FF6633006633336633666633996633CC6633FF6666006666336666666666996666CC6666FF6699006699336699666699996699CC6699FF66CC0066CC3366CC6666CC9966CCCC66CCFF66FF0066
310
FF3366FF6666FF9966FFCC66FFFF9900009900339900669900999900CC9900FF9933009933339933669933999933CC9933FF9966009966339966669966999966CC9966FF9999009999339999669999999999CC9999FF99CC0099CC3399CC6699CC9999CCCC99CCFF99FF0099FF3399FF6699FF9999FFCC99FFFFCC0000CC00
310
33CC0066CC0099CC00CCCC00FFCC3300CC3333CC3366CC3399CC33CCCC33FFCC6600CC6633CC6666CC6699CC66CCCC66FFCC9900CC9933CC9966CC9999CC99CCCC99FFCCCC00CCCC33CCCC66CCCC99CCCCCCCCCCFFCCFF00CCFF33CCFF66CCFF99CCFFCCCCFFFFFF0000FF0033FF0066FF0099FF00CCFF00FFFF3300FF3333
310
FF3366FF3399FF33CCFF33FFFF6600FF6633FF6666FF6699FF66CCFF66FFFF9900FF9933FF9966FF9999FF99CCFF99FFFFCC00FFCC33FFCC66FFCC99FFCCCCFFCCFFFFFF00FFFF33FFFF66FFFF99FFFFCCFFFFFF0000000D0D0D1A1A1A2828283535354343435050505D5D5D6B6B6B787878868686939393A1A1A1AEAEAEBB
310
BBBBC9C9C9D6D6D6E4E4E4F1F1F1FFFFFF0000000000000000000000000000000000000000000000000000000000002E4550F1000002104944415478DAED9B0BB282300C45B30C66BA80EEC9F5748D5DCFA34021207D2254C7D073462594CFD04B738D4C150100000000A84A3C80EF39B25FB429C02F9EEA9B02FCE8B91000
310
01BE697FBE06F604C89FE9DAAFD39FC5A800BEDCA3459A140D2BFF88E56D0AE0A59600723B018AC97E27017CF1DA9FFA9DDFE51CB89B00B2F45C2FEE28803F2280DC5C80B8CDE5B73DC0BA004345A47ED5B524806C4680DBEDFF9C0B69BBCB7B3BEB02849EE1F6BB4C74A9AD0FC2C44EE414329C23981520FF30503DD29D7B
310
DD3C62598074D3CF755DC5760548373F4EE9EC724AA73EABB8D0AC63C302C8F9C17F8711301541EE3CC63D205781EEA2098A6101DA4E81C10405136C7904D4F100D32910D795605BDF02A400268809365F085529854D5782F9C98E5B3ED7AF42F3F268C89913C02F02B82A04AB020469DD04A5F54A501A7F1E10A48E091A16
310
A04D13144C10135C556FED5682226D56824A004C1013A412A412A412C40431C1D64D709EEDF4F6C3F1BB5482974680E14A1013C40431C1B74C302ECD511F174CCF1495D5DCCFE2FCD0B4535CA68AC629F94DCF14F5E78EDB86FB5F83DD53A4975D7EA9FDBE2E80F83C024644877BD134AB7C9C56BEDABC12A0DB43362BB28D
310
CA7C4E80D9040F1F17F74740580D804302748704904F0B501801AFC7C2A6B16F7924D262BEFAC7F49E5744AFEC492379ABE81D3F2140F57F8E0200000000000000000000000000C045FE004BD88B3C90C4DFF70000000049454E44AE4260824A0B0F804ACFBEF408ED6D9FA5E44952C3174283037074EDB3D41E6F1EAC3C4D
310
EB6E5A8FEAE1BFBA0E900360EEF6E4FF2A23D00B606A03809C4A00534B00D72681A5FF776F148ED78EDF3D837BED4478551E764EC32C441F9E965BD3080683C1BEB03FB6DAA00678EAE4E10000000049454E44AE4260820006C00018009B06BB0730B227B85C9911C4024F7001DCEE9498663458F59014326C40DF00B60B7D
310
905F9BD30750C106E4DC1BEC1B4081BBC3E9001C1F80D3B701DBB3E8F67842CE3BFFF638BB880AB3C06E1830F717B1FE90513DE6619F77BA019DF62364C1BDDBBFF40C130017B2A30A46F0FBE8F80A00AA90F20E3A0A909D45A652DECB7609631B487D6A4081EFAFEA2F4D75C348D5DA0C80E038E05D00A47F3E0A403C8012
310
01E8DD17203F18C2EFFA9E2597540750FAACF02E05C3BB3049334094919236355FB33280E4617099BAC24B75525841BB00405EFED50E01A0E07749410314BED90F807FF2044519E5FFEBDF043403A057011900F12C7DD7F60F25B0F6872B642302C050008EB1D0600A10F1E9C71A00470083190003C08F86CD153000D6FEFB
310
C81F95C1A7345B5B91920000000049454E44AE4260828053E4575A62ACB3A5D86066AA08F503F9EB093E00DC05C0547B29CC931545AC6B22A5212995464CB5E222233800E0AE5298B8E87D35B5C4AC28AA6925B62DC4E54F2814039533B81180296DD47BDC6E891DA922C29A5BE5031A95B95EF7498E1A8054422E22CC557A
310
5F4D2DB1B273AEB91805D5EC02A03703786A3652DBE448AB9FC69698CD7F6C34A48E96071EFD2E00D5950F13E6B75B622E2E2A709914E11CAEBB136E06E086F9DD9698AB21A9C095E1EAF8599CE63B013871CB09F3D5D38586A486E222D64FE2D62C99DF6B01BCAF7E5A4E53B9ADA2E4A24CDE39BC11407B98775A629E86E4
310
3A2EF5B6E5DA3499C7B82B0D3684F9CD969817FD498922691A9C8DBF381608DF07C06801257EFC30AF43B8238A2A550497C54501A0E47123006A0AF36CF64A557697ABE84F26F589D365042977641D8A01BF46029AB450F626720000000049454E44AE426082767EACAC0DEA5E962C53037A00EC4E8143B720EE7525175816
310
59005008E0FED479AFC0EC5DA8DD34D5BE7C3D00AFDFFCDE0447363B4C54832B1302AB7F2E0D002ADCF9D12266B46CED8540104110540C314521F626CEB531F432B97919402290DDE4B342800C0F286D103C6E73308004208B8BE7C87E0118B541890C6811300737480FD8A04406B409310ECF19E43130A90D921418B34102
310
9B294510DABF19356A839DE5F273D920450166CAE06D7DC819206B509451812FFC252981A3C20C05F6ABC179578A8E50E0F082E899A6C65804DEB6C1774E9309401904076D70620D6800309F16418173830C029FB4C15918506D29D3376400DED906B7967602DCD106CB11E23BDA60110477B4C1C2086E698330F6E134E697
310
191011B8A50DE641704F1BF41480FBDA60B2429601BFAC0161B2F4701EB04E9D07240A7CD5061FB201B009F16D6DD05340DDD7062D05D48D6DD0E502EAAB36F8100F00DED9069D0ADCD90637155077AD0643535FB541251F0067049A3AB60F58205E76DFEC8728D05DAECFED58950F00FCD2476C7CB83DFCF1A1F607C01F00
310
7F00DC1080FF01A70486E8607008C70000000049454E44AE4260825B8ED65F57A249839F6240411633426352AE71B67E56EF658E1556A30F537B7F6B96983CE70372B6C182203A9B37ADFB1E0482C74AFE0CFE8385E7B6CC1801E0FCDE43ED500E9E1F202BF88002346E06D41D093AB7F759108CAF22F59B413BA5CB7C80CC
310
AEF16D7E8B3A5473FEE0D781A07E793318A163B527637384DA578386D6878936EF3E1094557C4086DB72C67F9D8FFA49F907188EF2182A20683F0000000049454E44AE426082221394AD08FBBA708582C2155F443AD11A1BD2003C3B9EDF0443A082F0CA13D6FE739B7AF3F31FEC6AFDA12352626C46B3098D67475EABEBDE
310
8920F8339B1B03188B1FDFA21890FDE5F0CF6B710CF8F5194300C1D78B3F25047C01FC631A0585D93FB4B9D36023F101CDDD0E7FCA1418029067CC5F005F005F005F005F005F001FD53E1EC0B77D4EFB0FFF1A3CFA10A7CF020000000049454E44AE426082
  0
ACDSRECORD
 90
        0
  2
AcDbDs::ID
280
    10
320
20
  2
Thumbnail_Data
280
    15
 94
     3830
310
89504E470D0A1A0A0000000D4948445200000100000000A50803000000840AD3BD00000300504C5445000000FFFFFF0000000000000000000000000000000000000000000000000000000000330000660000990000CC0000FF0033000033330033660033990033CC0033FF0066000066330066660066990066CC0066FF0099
310
000099330099660099990099CC0099FF00CC0000CC3300CC6600CC9900CCCC00CCFF00FF0000FF3300FF6600FF9900FFCC00FFFF3300003300333300663300993300CC3300FF3333003333333333663333993333CC3333FF3366003366333366663366993366CC3366FF3399003399333399663399993399CC3399FF33CC00
310
33CC3333CC6633CC9933CCCC33CCFF33FF0033FF3333FF6633FF9933FFCC33FFFF6600006600336600666600996600CC6600FF6633006633336633666633996633CC6633FF6666006666336666666666996666CC6666FF6699006699336699666699996699CC6699FF66CC0066CC3366CC6666CC9966CCCC66CCFF66FF0066
310
FF3366FF6666FF9966FFCC66FFFF9900009900339900669900999900CC9900FF9933009933339933669933999933CC9933FF9966009966339966669966999966CC9966FF9999009999339999669999999999CC9999FF99CC0099CC3399CC6699CC9999CCCC99CCFF99FF0099FF3399FF6699FF9999FFCC99FFFFCC0000CC00
310
33CC0066CC0099CC00CCCC00FFCC3300CC3333CC3366CC3399CC33CCCC33FFCC6600CC6633CC6666CC6699CC66CCCC66FFCC9900CC9933CC9966CC9999CC99CCCC99FFCCCC00CCCC33CCCC66CCCC99CCCCCCCCCCFFCCFF00CCFF33CCFF66CCFF99CCFFCCCCFFFFFF0000FF0033FF0066FF0099FF00CCFF00FFFF3300FF3333
310
FF3366FF3399FF33CCFF33FFFF6600FF6633FF6666FF6699FF66CCFF66FFFF9900FF9933FF9966FF9999FF99CCFF99FFFFCC00FFCC33FFCC66FFCC99FFCCCCFFCCFFFFFF00FFFF33FFFF66FFFF99FFFFCCFFFFFF0000000D0D0D1A1A1A2828283535354343435050505D5D5D6B6B6B787878868686939393A1A1A1AEAEAEBB
310
BBBBC9C9C9D6D6D6E4E4E4F1F1F1FFFFFF0000000000000000000000000000000000000000000000000000000000003AE5ACE9000005984944415478DAED9DD961E3201086A70F173015A4816D2CEDB81617902795E0171E785F1D480C3020C952A2837F366B248C0E3ECF01A338D0BB72A137552C0000000000000E005726
310
3100E617BFEE2F310109806B50F91280170054242F000000000000000000000080CF019C6436731880E3670E7C28005EA52BFA642BAA59FD99F28100985603A0DD016C21B01100D37E00A67E7F60D50C00C700E00F01F4BEDB79F0C09DBB375633380CC09246762CADEB663E9EF9D7B67522DD29EC15014C3274B32B866D8A
310
5481268DE88EF207BBADCB02101A60BD09780014001836C6A33C00BA3C00EF03B804C09981D5CE731F00C49A09486F706300DEE3C94E876F68237C1B9CEB920044E8B47381D5DE134012F3F43048CCF704E015DCBABE8E18BA0831545AB797465111112E05209F3A206DC79576CE94AE08407691445FC56B9AE5B895066C96
310
F3F980A7937EB72D1FA93CBDC4FB5ACD533D283EE7783D77F10335E019D63C92368FAD958F5403C266E7021077A1ABD85699D4C535A7024089B66EAF7CA82DCF0AE000391EC043FB8CFEACF20C00F6F77C2B2AA101F001158D04CF0FE01774FCF1988B83A702F0BB23C1DC55A00155FB00AA3D0C120642C76BC0EE53C01595
310
671808FDC2147045254682E74A88FC7D18AC29254617488955AE01D5FB00A4C46E9110B118092225061F807C0032421F6AC0EED3BDD96783E7CA081DF06C102931A4C43010C24008032100404204293168007C00C2E051003010DA7D0A88678397793648B53BC15BA6C466BFA081941892A2C80801C09D47824889612E80D9
310
E0C7006AFFD254F55F9B434A0C2931A4C49012C3400803A18A33424889E1B7C49012434AACBE8CD0C10F46088FC63012C448102341E403901182061C0420FC6B725E2853F59CA95AD4E8447F4DAEFA9160E500F8D426F0F5E58AAF7ECB15D417EDFFBE7EF3FA02671E070C9D1C3A9A2B6F0E20EA70FFB32B00E2530028F5FF
310
7735803658EECA4685E3862E7C3B99765C47A7F2BBDFEEEBBF7703807586B0D2D4C505000000000000002A03F0130800004085004C2B3F3F44C6900680EF0EA0D381B6EBED9699BA1B6800BF6E2D8101A41A70FCE4E690B9940040D986CB4EF7C99BF9A3165D9536B422BA8306D08656943AC1CF67E1EA0A62A5C48176D4CC
310
F992966ED1A6D9B409B309A5AB212D0A5CD594A3AFFAD8F0B56DD304D2769E8C160516267EC28414673FE662EE685B56499CD8E600F86D15404903C82956D1C4A2F5222956B341D7C6FB6CA85185BB5B216915FD4A7446DC8E299E7804D07DD9D54E2FDD4AAD76A86BFF2500BAB372194028FD61ED8DC982D81572B789514F
310
F71903F0EF9850DF8C696FCC08856CCA271EBEE8DB63B06ECD5AEB9090ABF410E51AE83A00224E56C475005C991472B749518F50730062836B2600927EFEC4438FFD02C52A00C9CD3BC2D40788953F83AD6C88D65C85DF15EF353900EFB7794B61BFA56AA4BC9430014BE47B9D07E081164D20915E7B6601049FA4B4D4C804
310
A2A7AC732630DD5A7F13E3EEA0CF810FE83560F40163CDE00382D89B37815C14F04A37E87CA296711DCB631213A03CB6C4049AC013196587FE95C45DC47B80A209AC19FBA42BC9377A174B514003309EBA7007C12A9D8B0048CF3985425503949EEB1492AA4CBC325A1410472DF1014500F3FD9F0048ED5D3510D2FC57EACE
310
F4406FCAA98652186C8ACF041B77F8220066A10F900BE28A1850B6F852B8F2D8F58150D10734C5C160B3FC016108D984EE271E07A84BE1CECFBD88A28DC957BB084219EFF08EA46002D1EC7679166BD28021988476B5C7648814002C6CC2949C202F088389E7155389658FB19593640188A9282D7F10CDD3CC341DC2750038
310
630109006702ACF9009E6C7FD8486F52C98090F8D47B13089527F401B43CE312B527A708938F0E5D556132C45A18E4DE07CC00908B3807774BF162E7465CC54C91E42F3242CD393242AA0F487382550A0000000000C0BB72F90FD4DC0A40EC836DF90000000049454E44AE4260823100F2B49ADEE4046FB2BF0AC0EE807500
310
59AC810A00E7F0AB00FC956C73012373307E106A844AC5F65FF0BBFB00FA2E600F872C863DFC5D8C6280313BAC3D430C289A5775178056B2F6C2D321CF2271BF0D0022152CD442E0B0024488AF0F15C31EA1EAFFBAC556186E0BF45CA0A682B00DF2B0567181FA673B41F0DE5340B5E5EA9B49F67C9B00C07600A26C4724A1
310
C43907B42EB67DA3C7D3E0CB00069BC2ADA6A448BDDD038058D44D1BEB0AF03B3A0AC893694CC89F7523807E0C584D826BDB443790669AD9A880EE6D5CE90DC491C7AF7FB82F107BCE43B4D5B5210664ABB621340260D405DED2BD0C0E9AB63DEF35457715D0C80FF14ADA038D1A28CD8E35EC6C098E349120EB1127007628
310
A0242642CBC0B6BF1B9D335869CC45E2D90BA0E873FB9E5F9C0BF5E5B6BBED8D9CE1C7035614500C3440750CA81A03E61F0FF8FE88D0450B012000048000FC5DBCFC0F35D062AB9240032D0000000049454E44AE4260826ED42D8FDCFBC730DF0100B4056BBBCE4792AD129E6F4A00BC8759005D0A78A92EB8FAF3EFECB36A
310
281FDBBFFE9028E6E657D2D9EF76F3F86CBC7EA3D58A03F0FB3BDFFFCA5B73639E937F09806E1F20D39EF91F97D9CF4B8D57DFC1CBDD199D7DDC8946008A0AF85B6A1E993A00D53405C92078A46FF3BAEC33815778FFCA3C1B3A9A1462C904080AF8840082A1A8116B08450041066B1FACF001108784709203BCC1EB5900E6
310
056803887C0D640058836F027067D26702B6382E01FAA5834CC7E6BFE05EAE03A89B80793B443EECE366D1F3017AD8CBA3DFC5072CECECFEFBAC094029586BBBE7FA814562FF1500F050B090AFAF1215C017FFFA913EECB374FD5FADC5AB1CEE1C4AD6040AEE22FB431C3513480755F401AF9A028A3F04E28C003A010485AF
310
0E00B9130FBC0A0140694D4A71829B011053E1E2C239B47607007C51F3DACF17A50A702F541450AC4F722D64F5FE4E00751FD00C82ADE778D3917A9AE95440751A1BAB01DFF3B8C707AF057CCBF9F0B2BA3A7C40F4D02FEBB48A3F4413D86579B91868907BE64BEE5505548A5EDCAB6BE5184171610D2B33414A8A04D18A38
310
00B042012930BE640626FF2E2CCEA091CCEDB01A4CD6DC6EE5E7C74D75BAE5657B2166B87A40430149A101B2F58BAC0FB87E3DE0DF57841EDA06800160001800FE3EBCFD0F5DDD570E0EE893E80000000049454E44AE426082009802C873792505ECA5D94F77F95600D1208AED06D92F01A30FBCEB6C14B0070076AA278BB3
310
32F56E902DB62A8D269065C70800706E5C17760B7B6D7F50B10B603FAD4B01B11ACE0F86FC802BF5FB5E01DC6320451F901F397EA98E9FBBEE45B8FC40B12A508B04E555A714E25CC25EDE2256B5F9006567666C8890EBB3082050C00150051DB10C80419E8EB315C483786763C1416E8C4EF49CC1E8BDAC80A8BA79836475
310
217CC0907CC0C76484643EE08F961F801F801F801F80C71F2FFF03D4BCB0FD6CC52A680000000049454E44AE426082D69C0000000049454E44AE42608260821B00F1640EE83066A50A84D3B7070036E12246264840F338401AF77247C8E725F16865693AB3871748CE0B41BC6CA887A204A44ED381B5E6088AF3B4B42B4453
310
570230FB475DF253FE540214DD989FA34B1220CFF4B9040C503C2150AAAA0D127AA38810544584EED882113483C9FB3D3E51E107C003E0935D74ED2EED3F58241D00BDDA8EA10000000049454E44AE4260821748ACBBFC86AE05D49F4ED410283E152663A6BD1E97E58D4784D900A22FE688631A3318FBD00D53B2DC62A887
310
AABC548CADA7C86DC80B103C5EAD4C338873C9EBEDCA625EC01A1705F1C03CBEFD2D9F04D84E93882D86886329E105A0A8F34400FCF35A97C492DF9600AA1EC4AD19EA38D448013E0332450E1F10E2ABAA9512BAA38810098A08ED3614D83E69EB2077F87884838F76B4A391FF018050104067BD0F940000000049454E44AE
310
4260824CD9728321015579A918DBC0CDE987BC80B1B3E508CD13A4472B43C39925BC80755E14C403717CF75B2109B09DA600CBCD110A8ED3ECAE28EA3C1100DB5FEB921CF2DB1280D58D6E6BE6741CEA4C813B023245CE7D4250A8AAB697D003CD08A1A819A123B6DE087675BE077C7CCD0ABF00BC005CAFDE55D78ED2FE07
310
9458FBF6F2C0A3EC0000000049454E44AE426082
  0
ENDSEC
  0
EOF
